1558 1567 0
1560 1570 0
1567 1574 0
1632 1818 0
1632 1866 0
1673 1698 0
1819 1836 0
1819 1866 0
1558 1567 1
1567 1574 1
1632 1818 1
1632 1866 1
1673 1698 1
1741 1820 1
1809 1822 1
1819 1836 1
1558 1564 2
1558 1567 2
1560 1570 2
1564 1567 2
1564 1574 2
1567 1574 2
1632 1866 2
1673 1698 2
1741 1820 2
1768 1783 2
1802 1805 2
1802 1831 2
1503 1545 3
1558 1564 3
1558 1567 3
1564 1567 3
1564 1574 3
1567 1574 3
1632 1818 3
1632 1819 3
1632 1866 3
1673 1698 3
1757 1760 3
1802 1805 3
1459 1516 4
1558 1567 4
1567 1574 4
1617 1641 4
1632 1866 4
1673 1698 4
1757 1761 4
1809 1822 4
1452 1498 5
1452 1520 5
1468 1520 5
1498 1520 5
1502 1522 5
1503 1539 5
1617 1641 5
1643 1648 5
1673 1698 5
1752 1778 5
1761 1783 5
1766 1770 5
1767 1787 5
1774 1778 5
1452 1477 6
1452 1483 6
1452 1498 6
1457 1468 6
1457 1502 6
1459 1483 6
1459 1498 6
1459 1520 6
1468 1520 6
1477 1498 6
1479 1502 6
1503 1539 6
1558 1567 6
1567 1574 6
1606 1616 6
1613 1628 6
1617 1641 6
1643 1648 6
1673 1698 6
1723 1809 6
1723 1822 6
1757 1783 6
1757 1792 6
1767 1787 6
1809 1822 6
1451 1493 7
1451 1495 7
1452 1458 7
1452 1477 7
1452 1498 7
1452 1520 7
1458 1461 7
1458 1477 7
1459 1483 7
1459 1498 7
1461 1493 7
1461 1495 7
1477 1520 7
1483 1498 7
1483 1520 7
1493 1495 7
1498 1520 7
1503 1539 7
1560 1570 7
1606 1616 7
1617 1641 7
1632 1818 7
1673 1698 7
1723 1822 7
1767 1787 7
1802 1835 7
1452 1458 8
1452 1477 8
1452 1522 8
1453 1457 8
1458 1461 8
1458 1477 8
1458 1502 8
1459 1498 8
1459 1520 8
1461 1502 8
1468 1522 8
1477 1522 8
1479 1495 8
1498 1520 8
1558 1564 8
1560 1570 8
1564 1567 8
1564 1574 8
1567 1574 8
1632 1818 8
1643 1648 8
1673 1698 8
1711 1759 8
1723 1822 8
1741 1782 8
1741 1801 8
1757 1792 8
1766 1772 8
1767 1787 8
1774 1775 8
1802 1805 8
1802 1831 8
1805 1831 8
1452 1477 9
1452 1498 9
1452 1520 9
1453 1502 9
1453 1522 9
1459 1498 9
1477 1520 9
1498 1520 9
1503 1539 9
1516 1522 9
1558 1564 9
1562 1570 9
1564 1574 9
1606 1616 9
1613 1616 9
1617 1641 9
1632 1818 9
1632 1866 9
1643 1648 9
1673 1698 9
1711 1759 9
1723 1822 9
1748 1822 9
1757 1792 9
1767 1787 9
1774 1775 9
1452 1459 10
1452 1477 10
1453 1493 10
1457 1468 10
1457 1522 10
1459 1498 10
1459 1520 10
1461 1479 10
1468 1516 10
1468 1522 10
1493 1502 10
1498 1520 10
1558 1564 10
1564 1574 10
1613 1616 10
1617 1911 10
1632 1818 10
1643 1648 10
1673 1698 10
1766 1772 10
1774 1775 10
1802 1805 10
1452 1477 11
1452 1520 11
1453 1457 11
1453 1493 11
1459 1498 11
1461 1479 11
1468 1502 11
1468 1522 11
1477 1483 11
1483 1520 11
1493 1502 11
1498 1520 11
1503 1539 11
1558 1564 11
1560 1570 11
1564 1574 11
1603 1643 11
1617 1641 11
1632 1818 11
1632 1866 11
1643 1648 11
1673 1698 11
1766 1772 11
1774 1775 11
1452 1477 12
1452 1520 12
1459 1498 12
1498 1520 12
1501 1502 12
1503 1545 12
1613 1616 12
1643 1648 12
1673 1698 12
1711 1759 12
1766 1772 12
1767 1787 12
1774 1775 12
1802 1805 12
1819 1836 12
1835 1857 12
1836 1866 12
1452 1458 13
1452 1520 13
1458 1493 13
1459 1498 13
1483 1520 13
1498 1520 13
1632 1818 13
1632 1866 13
1673 1698 13
1723 1822 13
1766 1772 13
1767 1787 13
1774 1775 13
1805 1831 13
1819 1866 13
1831 1866 13
1452 1458 14
1452 1477 14
1453 1458 14
1453 1520 14
1458 1477 14
1461 1516 14
1468 1502 14
1560 1570 14
1606 1616 14
1609 1911 14
1632 1818 14
1673 1698 14
1774 1775 14
1439 1486 15
1453 1493 15
1503 1539 15
1560 1594 15
1673 1698 15
1698 1745 15
1711 1752 15
1723 1809 15
1723 1822 15
1757 1792 15
1774 1775 15
1802 1805 15
1809 1822 15
1428 1471 16
1428 1563 16
1428 1592 16
1458 1477 16
1603 1613 16
1625 1628 16
1757 1792 16
1774 1775 16
1805 1847 16
1430 1482 17
1558 1564 17
1558 1567 17
1564 1567 17
1564 1574 17
1567 1574 17
1617 1641 17
1723 1822 17
1757 1792 17
1767 1787 17
1774 1775 17
1809 1822 17
1818 1866 17
1428 1451 18
1430 1435 18
1430 1489 18
1558 1567 18
1567 1574 18
1585 1824 18
1617 1641 18
1625 1628 18
1630 1821 18
1757 1792 18
1774 1775 18
1803 1821 18
1427 1465 19
1431 1465 19
1465 1585 19
1477 1578 19
1558 1564 19
1558 1567 19
1564 1567 19
1564 1574 19
1567 1574 19
1567 1594 19
1606 1616 19
1632 1805 19
1697 1765 19
1711 1752 19
1757 1792 19
1774 1775 19
1805 1866 19
1835 1836 19
1426 1471 20
1427 1429 20
1477 1578 20
1625 1852 20
1697 1765 20
1711 1759 20
1723 1822 20
1757 1792 20
1774 1775 20
1558 1564 21
1564 1567 21
1564 1574 21
1567 1574 21
1603 1643 21
1604 1913 21
1606 1616 21
1613 1902 21
1617 1919 21
1630 1803 21
1630 1888 21
1641 1919 21
1643 1648 21
1697 1765 21
1723 1822 21
1757 1792 21
1774 1775 21
1852 1902 21
1911 1916 21
1913 1922 21
1426 1471 22
1458 1477 22
1458 1489 22
1458 1493 22
1458 1578 22
1477 1578 22
1558 1564 22
1558 1567 22
1564 1567 22
1564 1574 22
1567 1574 22
1603 1643 22
1603 1922 22
1609 1917 22
1617 1641 22
1625 1628 22
1625 1902 22
1632 1895 22
1643 1913 22
1643 1922 22
1723 1822 22
1757 1792 22
1774 1775 22
1807 1880 22
1818 1895 22
1821 1885 22
1885 1895 22
1911 1916 22
1913 1922 22
1426 1471 23
1458 1477 23
1498 1520 23
1558 1564 23
1564 1574 23
1606 1616 23
1609 1917 23
1625 1628 23
1714 1763 23
1723 1822 23
1741 1820 23
1757 1792 23
1774 1775 23
1831 1888 23
1426 1471 24
1477 1578 24
1558 1564 24
1558 1567 24
1560 1594 24
1564 1567 24
1564 1574 24
1567 1574 24
1609 1917 24
1625 1628 24
1695 1920 24
1697 1765 24
1757 1792 24
1774 1775 24
1831 1888 24
1888 1892 24
1426 1471 25
1477 1578 25
1500 1539 25
1625 1902 25
1632 1819 25
1663 1698 25
1684 1698 25
1698 1920 25
1723 1809 25
1757 1792 25
1774 1775 25
1809 1822 25
1831 1888 25
1426 1471 26
1545 1548 26
1545 1549 26
1545 1815 26
1548 1549 26
1548 1815 26
1625 1628 26
1663 1684 26
1663 1698 26
1682 1687 26
1723 1822 26
1757 1792 26
1774 1775 26
1831 1888 26
1426 1471 27
1458 1578 27
1545 1653 27
1613 1907 27
1625 1628 27
1656 1670 27
1656 1681 27
1666 1674 27
1670 1674 27
1681 1745 27
1684 1698 27
1757 1792 27
1774 1775 27
1802 1803 27
1831 1888 27
1426 1471 28
1500 1705 28
1503 1524 28
1560 1594 28
1606 1616 28
1613 1907 28
1617 1641 28
1625 1628 28
1656 1675 28
1663 1698 28
1680 1908 28
1711 1752 28
1723 1822 28
1757 1792 28
1774 1775 28
1831 1888 28
1911 1916 28
1913 1922 28
1426 1471 29
1504 1653 29
1539 1705 29
1539 1837 29
1560 1594 29
1606 1616 29
1661 1695 29
1666 1696 29
1682 1920 29
1688 1745 29
1705 1837 29
1714 1763 29
1714 1843 29
1723 1822 29
1757 1792 29
1774 1775 29
1807 1880 29
1809 1822 29
1852 1902 29
1426 1471 30
1532 1549 30
1532 1815 30
1539 1705 30
1539 1837 30
1617 1641 30
1617 1917 30
1641 1919 30
1661 1695 30
1666 1696 30
1688 1745 30
1711 1759 30
1757 1792 30
1774 1775 30
1911 1916 30
1426 1471 31
1532 1815 31
1545 1837 31
1606 1613 31
1606 1616 31
1661 1695 31
1711 1752 31
1723 1809 31
1757 1792 31
1774 1775 31
1809 1822 31
1426 1471 32
1533 1653 32
1723 1822 32
1757 1792 32
1774 1775 32
1911 1916 32
1426 1471 33
1525 1548 33
1533 1549 33
1545 1837 33
1558 1564 33
1558 1567 33
1564 1567 33
1564 1574 33
1567 1574 33
1617 1641 33
1682 1920 33
1711 1752 33
1723 1822 33
1757 1792 33
1774 1775 33
1805 1819 33
1805 1865 33
1911 1916 33
1426 1471 34
1525 1548 34
1545 1837 34
1617 1641 34
1653 1815 34
1661 1695 34
1663 1698 34
1663 1920 34
1723 1822 34
1757 1792 34
1774 1775 34
1426 1471 35
1504 1815 35
1558 1567 35
1567 1574 35
1609 1917 35
1617 1641 35
1663 1698 35
1714 1763 35
1757 1792 35
1774 1775 35
1426 1471 36
1439 1480 36
1453 1457 36
1504 1653 36
1504 1815 36
1558 1564 36
1558 1567 36
1564 1567 36
1564 1574 36
1567 1574 36
1606 1906 36
1617 1641 36
1625 1628 36
1649 1906 36
1663 1745 36
1680 1908 36
1698 1745 36
1711 1759 36
1741 1820 36
1757 1761 36
1757 1783 36
1766 1770 36
1774 1775 36
1911 1916 36
1426 1471 37
1504 1815 37
1558 1564 37
1564 1574 37
1606 1625 37
1625 1628 37
1625 1902 37
1649 1906 37
1682 1920 37
1711 1759 37
1714 1763 37
1723 1822 37
1761 1783 37
1766 1772 37
1768 1783 37
1772 1774 37
1426 1471 38
1504 1546 38
1504 1815 38
1545 1837 38
1558 1564 38
1564 1574 38
1603 1648 38
1604 1852 38
1625 1628 38
1625 1902 38
1663 1665 38
1666 1695 38
1666 1696 38
1680 1908 38
1680 1912 38
1711 1759 38
1723 1822 38
1852 1911 38
1907 1913 38
1916 1917 38
1426 1471 39
1504 1815 39
1545 1837 39
1558 1564 39
1558 1567 39
1560 1594 39
1564 1567 39
1564 1574 39
1567 1574 39
1603 1606 39
1603 1648 39
1606 1922 39
1609 1852 39
1609 1902 39
1617 1641 39
1617 1919 39
1625 1628 39
1661 1695 39
1680 1908 39
1711 1759 39
1714 1763 39
1723 1822 39
1809 1822 39
1831 1865 39
1852 1902 39
1852 1917 39
1426 1471 40
1504 1815 40
1546 1653 40
1546 1815 40
1558 1564 40
1564 1574 40
1606 1648 40
1609 1852 40
1617 1641 40
1628 1902 40
1643 1922 40
1661 1695 40
1711 1767 40
1723 1822 40
1757 1792 40
1770 1772 40
1770 1774 40
1852 1917 40
1907 1913 40
1907 1919 40
1913 1919 40
1913 1922 40
1426 1471 41
1486 1489 41
1504 1653 41
1504 1837 41
1548 1705 41
1558 1564 41
1564 1574 41
1603 1648 41
1606 1648 41
1613 1625 41
1613 1628 41
1613 1902 41
1617 1641 41
1617 1919 41
1625 1902 41
1625 1911 41
1628 1902 41
1641 1916 41
1661 1695 41
1663 1745 41
1665 1745 41
1723 1822 41
1757 1792 41
1767 1787 41
1907 1919 41
1426 1486 42
1429 1431 42
1435 1475 42
1439 1489 42
1451 1501 42
1458 1461 42
1458 1489 42
1468 1471 42
1468 1516 42
1486 1578 42
1498 1520 42
1525 1545 42
1545 1705 42
1548 1705 42
1558 1564 42
1558 1567 42
1564 1567 42
1564 1574 42
1603 1913 42
1609 1917 42
1617 1641 42
1617 1919 42
1643 1922 42
1648 1911 42
1653 1824 42
1653 1837 42
1661 1695 42
1711 1759 42
1741 1782 42
1741 1800 42
1757 1792 42
1907 1919 42
1426 1471 43
1427 1486 43
1428 1459 43
1428 1495 43
1428 1498 43
1428 1520 43
1430 1434 43
1430 1471 43
1431 1435 43
1431 1465 43
1434 1435 43
1434 1457 43
1434 1475 43
1435 1475 43
1435 1502 43
1451 1592 43
1452 1471 43
1452 1592 43
1453 1468 43
1457 1522 43
1459 1498 43
1459 1585 43
1471 1592 43
1489 1563 43
1495 1520 43
1495 1585 43
1498 1520 43
1501 1592 43
1532 1538 43
1533 1653 43
1545 1705 43
1558 1564 43
1564 1574 43
1604 1641 43
1609 1917 43
1617 1641 43
1625 1902 43
1641 1916 43
1643 1922 43
1653 1824 43
1661 1695 43
1663 1665 43
1663 1698 43
1673 1682 43
1714 1859 43
1727 1735 43
1772 1774 43
1795 1909 43
1907 1919 43
1911 1917 43
1426 1441 44
1426 1498 44
1428 1495 44
1428 1520 44
1430 1471 44
1431 1465 44
1434 1457 44
1451 1471 44
1452 1563 44
1452 1824 44
1468 1477 44
1468 1522 44
1482 1493 44
1489 1563 44
1489 1824 44
1516 1578 44
1522 1585 44
1549 1653 44
1558 1564 44
1564 1574 44
1603 1606 44
1603 1648 44
1603 1911 44
1613 1628 44
1617 1641 44
1617 1852 44
1617 1916 44
1625 1902 44
1643 1922 44
1661 1695 44
1663 1665 44
1663 1920 44
1666 1688 44
1675 1688 44
1688 1695 44
1711 1759 44
1746 1820 44
1757 1792 44
1767 1787 44
1820 1838 44
1907 1919 44
1907 1922 44
1426 1486 45
1426 1592 45
1431 1465 45
1437 1457 45
1443 1502 45
1451 1452 45
1451 1563 45
1452 1486 45
1452 1592 45
1459 1578 45
1482 1493 45
1498 1520 45
1498 1563 45
1500 1539 45
1502 1578 45
1503 1524 45
1516 1578 45
1520 1592 45
1525 1815 45
1558 1564 45
1564 1574 45
1604 1907 45
1606 1916 45
1613 1616 45
1625 1911 45
1666 1695 45
1666 1696 45
1675 1688 45
1698 1745 45
1746 1780 45
1766 1770 45
1782 1801 45
1439 1471 46
1451 1563 46
1451 1824 46
1452 1495 46
1452 1498 46
1452 1824 46
1459 1486 46
1459 1520 46
1486 1578 46
1495 1498 46
1495 1592 46
1504 1548 46
1558 1564 46
1558 1567 46
1564 1567 46
1564 1574 46
1567 1574 46
1609 1917 46
1628 1916 46
1663 1665 46
1663 1698 46
1666 1695 46
1666 1696 46
1711 1787 46
1714 1795 46
1722 1748 46
1737 1909 46
1738 1780 46
1748 1801 46
1782 1801 46
1902 1916 46
1426 1437 47
1426 1502 47
1443 1502 47
1452 1498 47
1452 1824 47
1459 1520 47
1498 1592 47
1498 1824 47
1545 1837 47
1558 1564 47
1560 1579 47
1564 1574 47
1606 1625 47
1617 1917 47
1628 1902 47
1628 1916 47
1643 1852 47
1663 1665 47
1663 1698 47
1663 1920 47
1682 1920 47
1711 1759 47
1738 1780 47
1746 1748 47
1774 1775 47
1821 1866 47
1880 1895 47
1902 1916 47
1917 1919 47
1426 1585 48
1437 1520 48
1439 1471 48
1441 1443 48
1441 1486 48
1441 1511 48
1441 1824 48
1443 1502 48
1452 1498 48
1452 1592 48
1459 1471 48
1471 1516 48
1489 1495 48
1498 1592 48
1511 1824 48
1558 1564 48
1564 1574 48
1585 1824 48
1609 1919 48
1617 1641 48
1625 1648 48
1625 1902 48
1628 1902 48
1663 1665 48
1737 1909 48
1738 1780 48
1752 1783 48
1770 1778 48
1821 1866 48
1888 1892 48
1908 1912 48
1426 1585 49
1426 1824 49
1428 1486 49
1437 1585 49
1437 1824 49
1439 1471 49
1452 1592 49
1471 1516 49
1495 1498 49
1558 1564 49
1564 1574 49
1585 1824 49
1603 1852 49
1604 1919 49
1606 1648 49
1613 1916 49
1617 1641 49
1625 1648 49
1625 1902 49
1641 1911 49
1661 1682 49
1663 1665 49
1663 1698 49
1663 1920 49
1766 1770 49
1774 1775 49
1821 1866 49
1852 1913 49
1888 1892 49
1437 1585 50
1439 1471 50
1451 1563 50
1452 1498 50
1486 1511 50
1498 1592 50
1558 1564 50
1564 1574 50
1613 1628 50
1617 1641 50
1625 1902 50
1663 1698 50
1673 1688 50
1673 1745 50
1673 1920 50
1675 1688 50
1757 1792 50
1761 1783 50
1774 1775 50
1821 1866 50
1888 1892 50
1908 1912 50
1441 1486 51
1461 1480 51
1545 1837 51
1558 1564 51
1558 1567 51
1564 1567 51
1564 1574 51
1606 1648 51
1606 1852 51
1628 1902 51
1648 1852 51
1661 1682 51
1719 1809 51
1723 1809 51
1737 1909 51
1757 1792 51
1908 1912 51
1428 1451 52
1428 1563 52
1441 1486 52
1451 1563 52
1452 1495 52
1525 1546 52
1538 1815 52
1558 1564 52
1562 1570 52
1564 1574 52
1617 1641 52
1625 1852 52
1625 1902 52
1663 1665 52
1665 1920 52
1675 1688 52
1852 1902 52
1908 1912 52
1911 1916 52
1428 1451 53
1437 1520 53
1441 1486 53
1451 1452 53
1461 1480 53
1525 1533 53
1525 1546 53
1525 1815 53
1545 1837 53
1558 1564 53
1564 1574 53
1604 1628 53
1625 1852 53
1665 1745 53
1665 1920 53
1711 1759 53
1767 1774 53
1774 1775 53
1852 1902 53
1908 1912 53
1439 1471 54
1441 1486 54
1451 1489 54
1451 1495 54
1451 1563 54
1452 1592 54
1538 1548 54
1545 1837 54
1546 1548 54
1558 1564 54
1564 1574 54
1604 1613 54
1604 1628 54
1613 1852 54
1628 1852 54
1653 1815 54
1663 1745 54
1665 1745 54
1675 1696 54
1687 1920 54
1688 1745 54
1711 1759 54
1774 1775 54
1821 1866 54
1847 1857 54
1908 1912 54
1439 1459 55
1441 1486 55
1452 1592 55
1489 1563 55
1504 1797 55
1558 1564 55
1564 1574 55
1617 1641 55
1663 1665 55
1668 1824 55
1711 1759 55
1719 1843 55
1737 1738 55
1764 1770 55
1821 1866 55
1847 1857 55
1908 1912 55
1428 1495 56
1437 1585 56
1452 1498 56
1452 1592 56
1489 1563 56
1558 1564 56
1564 1574 56
1661 1682 56
1663 1665 56
1663 1698 56
1668 1824 56
1688 1745 56
1723 1809 56
1737 1780 56
1766 1770 56
1847 1857 56
1888 1892 56
1908 1912 56
1426 1443 57
1428 1495 57
1437 1585 57
1451 1592 57
1452 1498 57
1459 1471 57
1461 1480 57
1486 1511 57
1489 1563 57
1489 1592 57
1532 1653 57
1562 1570 57
1613 1628 57
1617 1911 57
1663 1665 57
1665 1745 57
1668 1824 57
1723 1809 57
1738 1909 57
1760 1770 57
1439 1471 58
1452 1498 58
1486 1511 58
1504 1525 58
1532 1653 58
1558 1564 58
1564 1574 58
1617 1911 58
1666 1695 58
1668 1824 58
1675 1696 58
1688 1745 58
1723 1809 58
1426 1443 59
1428 1592 59
1443 1502 59
1479 1482 59
1486 1511 59
1504 1533 59
1504 1539 59
1525 1546 59
1558 1564 59
1558 1567 59
1558 1579 59
1560 1579 59
1564 1567 59
1564 1574 59
1661 1682 59
1663 1920 59
1723 1809 59
1760 1766 59
1760 1796 59
1761 1783 59
1761 1796 59
1766 1796 59
1767 1774 59
1774 1775 59
1802 1803 59
1426 1443 60
1443 1502 60
1452 1498 60
1663 1920 60
1700 1727 60
1711 1775 60
1711 1787 60
1723 1809 60
1761 1796 60
1792 1796 60
1796 1798 60
1426 1443 61
1443 1502 61
1461 1501 61
1552 1580 61
1580 1735 61
1680 1912 61
1711 1774 61
1712 1735 61
1719 1859 61
1723 1809 61
1753 1760 61
1760 1770 61
1764 1774 61
1764 1787 61
1766 1772 61
1772 1774 61
1426 1443 62
1443 1502 62
1480 1501 62
1503 1524 62
1594 1712 62
1680 1912 62
1685 1712 62
1700 1707 62
1711 1772 62
1720 1737 62
1723 1809 62
1727 1731 62
1737 1780 62
1757 1761 62
1760 1766 62
1760 1770 62
1760 1774 62
1761 1783 62
1802 1803 62
1443 1502 63
1570 1580 63
1661 1695 63
1675 1688 63
1680 1912 63
1698 1745 63
1700 1707 63
1711 1759 63
1711 1767 63
1714 1795 63
1727 1731 63
1737 1780 63
1753 1759 63
1760 1766 63
1761 1783 63
1802 1803 63
1908 1912 63
1437 1824 64
1443 1502 64
1538 1539 64
1555 1685 64
1558 1567 64
1558 1574 64
1558 1735 64
1560 1567 64
1560 1579 64
1567 1579 64
1579 1735 64
1625 1628 64
1665 1779 64
1675 1688 64
1680 1912 64
1688 1745 64
1700 1707 64
1723 1809 64
1727 1731 64
1737 1780 64
1761 1783 64
1908 1912 64
1437 1585 65
1437 1824 65
1443 1502 65
1538 1653 65
1558 1564 65
1558 1574 65
1564 1574 65
1625 1628 65
1663 1665 65
1682 1695 65
1723 1809 65
1766 1772 65
1819 1865 65
1441 1486 66
1443 1502 66
1489 1563 66
1500 1533 66
1504 1815 66
1525 1533 66
1533 1549 66
1538 1653 66
1558 1564 66
1560 1685 66
1560 1712 66
1564 1574 66
1564 1735 66
1567 1594 66
1567 1712 66
1579 1700 66
1580 1685 66
1594 1712 66
1625 1628 66
1663 1665 66
1663 1920 66
1665 1920 66
1666 1688 66
1673 1695 66
1711 1759 66
1766 1772 66
1802 1803 66
1439 1471 67
1441 1486 67
1443 1502 67
1503 1524 67
1504 1538 67
1504 1653 67
1504 1815 67
1519 1528 67
1525 1533 67
1533 1549 67
1538 1653 67
1555 1579 67
1558 1564 67
1558 1735 67
1564 1574 67
1567 1594 67
1567 1712 67
1653 1837 67
1663 1665 67
1663 1920 67
1665 1920 67
1673 1695 67
1681 1908 67
1711 1759 67
1801 1843 67
1802 1803 67
1802 1821 67
1819 1865 67
1443 1502 68
1503 1524 68
1504 1538 68
1504 1653 68
1504 1815 68
1532 1538 68
1533 1549 68
1538 1653 68
1538 1815 68
1545 1837 68
1558 1564 68
1564 1574 68
1567 1594 68
1572 1580 68
1579 1700 68
1653 1815 68
1663 1665 68
1665 1920 68
1673 1695 68
1680 1688 68
1680 1908 68
1681 1908 68
1682 1920 68
1722 1833 68
1723 1809 68
1760 1796 68
1764 1787 68
1443 1502 69
1503 1524 69
1504 1653 69
1504 1815 69
1533 1549 69
1558 1564 69
1558 1735 69
1562 1707 69
1564 1574 69
1564 1735 69
1572 1580 69
1653 1815 69
1663 1665 69
1665 1920 69
1673 1695 69
1680 1688 69
1681 1908 69
1723 1809 69
1752 1760 69
1821 1857 69
1908 1912 69
1437 1585 70
1439 1471 70
1441 1486 70
1443 1502 70
1443 1511 70
1461 1480 70
1500 1533 70
1503 1524 70
1558 1564 70
1558 1735 70
1564 1574 70
1567 1727 70
1585 1824 70
1656 1908 70
1663 1665 70
1666 1688 70
1673 1695 70
1688 1745 70
1766 1770 70
1774 1792 70
1775 1787 70
1802 1803 70
1888 1892 70
1908 1912 70
1426 1443 71
1443 1502 71
1443 1511 71
1504 1653 71
1562 1707 71
1564 1574 71
1567 1727 71
1625 1902 71
1673 1695 71
1680 1745 71
1688 1745 71
1723 1809 71
1753 1772 71
1759 1764 71
1760 1772 71
1761 1783 71
1764 1798 71
1772 1783 71
1775 1787 71
1802 1803 71
1908 1912 71
1443 1502 72
1451 1489 72
1500 1533 72
1503 1504 72
1503 1524 72
1504 1525 72
1504 1528 72
1533 1549 72
1551 1712 72
1564 1574 72
1564 1735 72
1653 1815 72
1661 1695 72
1665 1920 72
1673 1695 72
1753 1760 72
1759 1764 72
1802 1803 72
1908 1912 72
1426 1443 73
1443 1502 73
1451 1489 73
1503 1524 73
1504 1519 73
1504 1653 73
1504 1815 73
1564 1574 73
1661 1684 73
1665 1920 73
1673 1695 73
1684 1745 73
1711 1778 73
1752 1798 73
1753 1761 73
1753 1774 73
1760 1761 73
1760 1772 73
1760 1774 73
1760 1798 73
1761 1772 73
1764 1798 73
1426 1443 74
1443 1511 74
1451 1489 74
1452 1498 74
1489 1592 74
1503 1524 74
1504 1705 74
1564 1574 74
1564 1735 74
1574 1735 74
1653 1815 74
1665 1745 74
1665 1920 74
1764 1775 74
1802 1803 74
1443 1511 75
1451 1489 75
1489 1563 75
1525 1533 75
1528 1546 75
1546 1548 75
1555 1558 75
1574 1700 75
1574 1735 75
1650 1713 75
1656 1675 75
1663 1665 75
1684 1698 75
1684 1745 75
1698 1745 75
1711 1787 75
1723 1809 75
1753 1774 75
1766 1770 75
1767 1775 75
1802 1803 75
1821 1857 75
1443 1502 76
1451 1489 76
1486 1511 76
1489 1592 76
1528 1548 76
1558 1567 76
1567 1727 76
1574 1707 76
1580 1685 76
1656 1675 76
1663 1665 76
1665 1920 76
1668 1824 76
1688 1745 76
1698 1745 76
1711 1753 76
1711 1778 76
1711 1787 76
1723 1809 76
1737 1909 76
1741 1843 76
1753 1757 76
1753 1774 76
1766 1770 76
1767 1775 76
1778 1787 76
1802 1803 76
1451 1489 77
1461 1480 77
1489 1592 77
1546 1548 77
1555 1685 77
1558 1574 77
1567 1727 77
1574 1700 77
1580 1685 77
1603 1922 77
1613 1628 77
1650 1854 77
1663 1665 77
1665 1745 77
1665 1920 77
1666 1695 77
1668 1824 77
1680 1745 77
1698 1745 77
1711 1774 77
1727 1735 77
1731 1735 77
1764 1772 77
1767 1775 77
1774 1787 77
1778 1787 77
1802 1803 77
1888 1892 77
1443 1502 78
1451 1489 78
1489 1592 78
1555 1685 78
1567 1727 78
1661 1695 78
1663 1665 78
1663 1684 78
1663 1920 78
1666 1695 78
1668 1824 78
1711 1787 78
1737 1909 78
1738 1909 78
1753 1764 78
1764 1775 78
1764 1783 78
1766 1770 78
1772 1778 78
1772 1783 78
1772 1787 78
1802 1803 78
1888 1892 78
1908 1912 78
1441 1486 79
1443 1502 79
1451 1489 79
1555 1685 79
1558 1727 79
1567 1727 79
1574 1727 79
1603 1922 79
1604 1852 79
1661 1695 79
1663 1665 79
1663 1684 79
1663 1920 79
1702 1889 79
1711 1759 79
1737 1909 79
1772 1778 79
1772 1787 79
1775 1783 79
1863 1889 79
1426 1443 80
1443 1502 80
1451 1489 80
1489 1592 80
1503 1528 80
1504 1519 80
1520 1668 80
1551 1712 80
1609 1917 80
1661 1695 80
1663 1665 80
1663 1684 80
1680 1688 80
1680 1745 80
1688 1912 80
1711 1783 80
1737 1780 80
1737 1909 80
1738 1909 80
1745 1912 80
1753 1772 80
1759 1783 80
1766 1770 80
1772 1778 80
1775 1783 80
1820 1833 80
1451 1489 81
1503 1524 81
1503 1528 81
1524 1528 81
1551 1727 81
1564 1570 81
1650 1704 81
1661 1695 81
1663 1698 81
1680 1688 81
1723 1801 81
1723 1843 81
1737 1909 81
1745 1912 81
1749 1863 81
1774 1775 81
1775 1783 81
1820 1833 81
1431 1465 82
1451 1489 82
1489 1592 82
1503 1524 82
1503 1528 82
1551 1727 82
1580 1685 82
1604 1852 82
1653 1705 82
1661 1695 82
1665 1745 82
1665 1920 82
1680 1688 82
1688 1745 82
1702 1889 82
1704 1713 82
1745 1920 82
1749 1863 82
1764 1775 82
1820 1833 82
1888 1892 82
1451 1489 83
1489 1592 83
1574 1700 83
1617 1641 83
1650 1898 83
1656 1745 83
1663 1698 83
1666 1695 83
1673 1695 83
1680 1912 83
1704 1713 83
1737 1909 83
1759 1783 83
1764 1772 83
1775 1783 83
1775 1792 83
1783 1792 83
1911 1916 83
1451 1489 84
1503 1524 84
1538 1815 84
1580 1685 84
1606 1616 84
1617 1641 84
1617 1919 84
1625 1902 84
1650 1898 84
1663 1698 84
1664 1675 84
1666 1675 84
1673 1695 84
1688 1912 84
1704 1713 84
1711 1759 84
1737 1909 84
1753 1787 84
1757 1768 84
1759 1783 84
1775 1783 84
1775 1792 84
1820 1833 84
1855 1883 84
1441 1486 85
1451 1489 85
1452 1498 85
1503 1524 85
1503 1528 85
1579 1580 85
1580 1685 85
1613 1907 85
1625 1852 85
1650 1877 85
1663 1698 85
1675 1908 85
1680 1688 85
1688 1912 85
1711 1764 85
1757 1768 85
1759 1783 85
1764 1774 85
1764 1787 85
1775 1783 85
1782 1859 85
1820 1833 85
1861 1877 85
1913 1922 85
1451 1489 86
1452 1498 86
1489 1592 86
1503 1524 86
1533 1546 86
1533 1548 86
1555 1685 86
1574 1700 86
1580 1685 86
1663 1665 86
1663 1920 86
1711 1787 86
1714 1795 86
1723 1809 86
1737 1909 86
1752 1783 86
1753 1783 86
1757 1783 86
1775 1783 86
1775 1792 86
1820 1833 86
1443 1502 87
1451 1489 87
1533 1548 87
1533 1549 87
1548 1549 87
1580 1685 87
1625 1902 87
1650 1739 87
1663 1665 87
1663 1920 87
1706 1718 87
1706 1858 87
1706 1872 87
1718 1858 87
1718 1872 87
1723 1809 87
1739 1743 87
1753 1761 87
1757 1778 87
1805 1880 87
1858 1872 87
1877 1890 87
1890 1898 87
1437 1824 88
1441 1486 88
1443 1511 88
1489 1592 88
1533 1549 88
1567 1727 88
1574 1707 88
1580 1685 88
1617 1902 88
1617 1911 88
1625 1911 88
1650 1706 88
1650 1708 88
1663 1665 88
1666 1688 88
1674 1695 88
1674 1745 88
1680 1908 88
1688 1908 88
1698 1745 88
1702 1889 88
1706 1858 88
1706 1872 88
1708 1851 88
1711 1759 88
1723 1809 88
1737 1909 88
1757 1768 88
1757 1783 88
1761 1792 88
1764 1787 88
1774 1775 88
1858 1872 88
1890 1898 88
1437 1824 89
1441 1486 89
1461 1480 89
1489 1592 89
1525 1528 89
1532 1815 89
1574 1707 89
1580 1685 89
1617 1628 89
1650 1706 89
1661 1695 89
1663 1665 89
1702 1889 89
1706 1851 89
1706 1858 89
1711 1759 89
1718 1898 89
1723 1809 89
1737 1909 89
1743 1887 89
1757 1783 89
1759 1761 89
1759 1772 89
1851 1861 89
1452 1498 90
1489 1592 90
1528 1533 90
1532 1538 90
1574 1707 90
1580 1685 90
1604 1617 90
1650 1872 90
1661 1695 90
1663 1665 90
1673 1695 90
1704 1713 90
1706 1851 90
1706 1861 90
1708 1858 90
1711 1759 90
1711 1761 90
1749 1863 90
1749 1883 90
1759 1761 90
1854 1872 90
1452 1498 91
1532 1538 91
1555 1685 91
1567 1727 91
1656 1908 91
1663 1665 91
1663 1779 91
1663 1920 91
1664 1696 91
1664 1908 91
1666 1695 91
1673 1682 91
1680 1908 91
1684 1688 91
1684 1779 91
1706 1872 91
1708 1858 91
1711 1759 91
1723 1809 91
1749 1863 91
1759 1761 91
1770 1772 91
1780 1909 91
1872 1877 91
1890 1898 91
1503 1524 92
1567 1727 92
1585 1824 92
1663 1665 92
1673 1682 92
1673 1695 92
1680 1912 92
1704 1877 92
1719 1843 92
1723 1809 92
1749 1863 92
1761 1766 92
1766 1774 92
1766 1792 92
1768 1796 92
1770 1772 92
1877 1890 92
1431 1465 93
1503 1524 93
1552 1555 93
1563 1592 93
1585 1824 93
1663 1665 93
1673 1695 93
1682 1695 93
1706 1861 93
1757 1792 93
1760 1796 93
1761 1766 93
1770 1772 93
1770 1778 93
1792 1796 93
1877 1890 93
1437 1824 94
1503 1524 94
1552 1555 94
1555 1685 94
1560 1709 94
1562 1574 94
1567 1727 94
1580 1685 94
1632 1835 94
1673 1682 94
1673 1695 94
1706 1861 94
1708 1743 94
1723 1809 94
1761 1766 94
1761 1792 94
1772 1792 94
1796 1798 94
1489 1563 95
1489 1592 95
1503 1524 95
1562 1567 95
1663 1665 95
1663 1698 95
1706 1743 95
1706 1851 95
1711 1759 95
1757 1760 95
1761 1766 95
1766 1792 95
1796 1798 95
1890 1898 95
1437 1585 96
1489 1563 96
1532 1815 96
1552 1555 96
1552 1580 96
1552 1712 96
1562 1567 96
1580 1685 96
1617 1641 96
1650 1890 96
1663 1665 96
1663 1698 96
1665 1920 96
1666 1695 96
1702 1854 96
1706 1851 96
1706 1861 96
1708 1858 96
1718 1887 96
1743 1861 96
1749 1883 96
1752 1783 96
1766 1792 96
1796 1798 96
1883 1897 96
1431 1453 97
1437 1585 97
1441 1486 97
1503 1524 97
1552 1555 97
1564 1570 97
1603 1643 97
1604 1852 97
1650 1890 97
1663 1665 97
1673 1695 97
1682 1687 97
1682 1695 97
1684 1920 97
1702 1854 97
1704 1877 97
1711 1759 97
1752 1783 97
1766 1792 97
1796 1798 97
1801 1822 97
1802 1803 97
1890 1898 97
1426 1443 98
1437 1585 98
1489 1592 98
1503 1524 98
1552 1555 98
1567 1574 98
1567 1727 98
1594 1709 98
1603 1643 98
1663 1698 98
1663 1745 98
1665 1920 98
1704 1877 98
1706 1708 98
1711 1761 98
1723 1809 98
1741 1843 98
1743 1887 98
1749 1863 98
1752 1783 98
1759 1761 98
1768 1796 98
1796 1798 98
1802 1803 98
1890 1898 98
1911 1919 98
1913 1922 98
1479 1482 99
1489 1592 99
1500 1504 99
1500 1653 99
1503 1524 99
1528 1532 99
1528 1533 99
1532 1533 99
1533 1653 99
1552 1555 99
1560 1594 99
1663 1698 99
1697 1765 99
1702 1854 99
1704 1877 99
1706 1743 99
1706 1851 99
1723 1809 99
1741 1843 99
1749 1863 99
1749 1883 99
1759 1761 99
1764 1783 99
1877 1890 99
1890 1898 99
1489 1592 100
1500 1504 100
1500 1546 100
1500 1653 100
1503 1524 100
1503 1533 100
1528 1533 100
1528 1548 100
1546 1653 100
1552 1555 100
1560 1709 100
1603 1643 100
1613 1628 100
1663 1665 100
1663 1698 100
1673 1695 100
1706 1851 100
1718 1887 100
1749 1883 100
1766 1796 100
1783 1792 100
1877 1890 100
1890 1898 100
1437 1585 101
1503 1504 101
1503 1524 101
1504 1525 101
1504 1548 101
1546 1653 101
1552 1555 101
1585 1824 101
1613 1628 101
1661 1682 101
1663 1684 101
1666 1682 101
1680 1912 101
1684 1779 101
1700 1707 101
1706 1851 101
1718 1887 101
1723 1809 101
1757 1783 101
1757 1796 101
1759 1761 101
1772 1774 101
1778 1796 101
1783 1796 101
1437 1824 102
1452 1498 102
1503 1524 102
1504 1653 102
1585 1824 102
1603 1922 102
1643 1648 102
1661 1682 102
1663 1665 102
1663 1684 102
1673 1695 102
1680 1908 102
1680 1912 102
1682 1695 102
1706 1743 102
1711 1761 102
1718 1855 102
1718 1887 102
1749 1863 102
1749 1883 102
1757 1796 102
1768 1792 102
1782 1859 102
1795 1859 102
1877 1890 102
1908 1912 102
1503 1524 103
1504 1533 103
1552 1555 103
1585 1824 103
1604 1617 103
1604 1852 103
1613 1628 103
1625 1902 103
1663 1684 103
1663 1698 103
1664 1745 103
1673 1695 103
1680 1688 103
1695 1745 103
1704 1877 103
1706 1851 103
1718 1887 103
1719 1746 103
1719 1820 103
1723 1809 103
1743 1861 103
1768 1792 103
1782 1859 103
1890 1898 103
1441 1486 104
1503 1524 104
1552 1555 104
1585 1824 104
1613 1628 104
1613 1907 104
1663 1665 104
1663 1684 104
1663 1698 104
1663 1745 104
1664 1745 104
1673 1695 104
1675 1688 104
1680 1912 104
1719 1782 104
1719 1833 104
1719 1859 104
1723 1809 104
1757 1796 104
1767 1775 104
1768 1792 104
1770 1792 104
1774 1792 104
1426 1511 105
1441 1486 105
1443 1502 105
1503 1524 105
1504 1519 105
1552 1555 105
1555 1685 105
1580 1685 105
1613 1628 105
1613 1907 105
1663 1665 105
1663 1698 105
1673 1695 105
1675 1688 105
1682 1695 105
1684 1779 105
1706 1743 105
1718 1855 105
1718 1887 105
1719 1748 105
1723 1809 105
1757 1796 105
1759 1766 105
1766 1770 105
1782 1859 105
1908 1912 105
1426 1486 106
1426 1511 106
1441 1486 106
1503 1524 106
1525 1528 106
1552 1555 106
1555 1685 106
1580 1685 106
1613 1628 106
1663 1684 106
1684 1779 106
1697 1765 106
1704 1863 106
1706 1851 106
1708 1858 106
1718 1887 106
1719 1859 106
1723 1809 106
1741 1843 106
1757 1796 106
1761 1796 106
1770 1774 106
1782 1859 106
1441 1486 107
1503 1524 107
1572 1709 107
1580 1685 107
1613 1628 107
1663 1698 107
1666 1695 107
1719 1748 107
1723 1809 107
1743 1861 107
1745 1912 107
1782 1859 107
1796 1798 107
1426 1511 108
1441 1486 108
1489 1592 108
1503 1524 108
1580 1685 108
1585 1824 108
1603 1643 108
1613 1628 108
1643 1648 108
1656 1674 108
1666 1695 108
1673 1695 108
1682 1695 108
1702 1854 108
1704 1713 108
1706 1861 108
1711 1761 108
1713 1863 108
1723 1809 108
1753 1783 108
1757 1768 108
1757 1792 108
1770 1772 108
1782 1859 108
1796 1798 108
1802 1803 108
1877 1890 108
1890 1898 108
1443 1502 109
1489 1592 109
1503 1524 109
1555 1685 109
1580 1685 109
1613 1628 109
1617 1641 109
1661 1684 109
1702 1854 109
1706 1851 109
1713 1863 109
1719 1748 109
1782 1859 109
1807 1880 109
1877 1890 109
1441 1486 110
1443 1511 110
1461 1480 110
1555 1685 110
1567 1574 110
1580 1685 110
1613 1628 110
1661 1682 110
1673 1695 110
1698 1745 110
1700 1707 110
1706 1851 110
1723 1809 110
1760 1761 110
1766 1770 110
1766 1772 110
1768 1796 110
1783 1796 110
1796 1798 110
1802 1803 110
1807 1880 110
1877 1890 110
1890 1898 110
1437 1824 111
1533 1549 111
1555 1685 111
1558 1574 111
1579 1700 111
1613 1628 111
1664 1675 111
1665 1684 111
1666 1695 111
1666 1696 111
1673 1695 111
1681 1908 111
1700 1707 111
1702 1854 111
1708 1858 111
1719 1748 111
1766 1770 111
1783 1798 111
1796 1798 111
1877 1890 111
1426 1511 112
1437 1824 112
1451 1489 112
1501 1578 112
1504 1837 112
1558 1567 112
1558 1574 112
1567 1574 112
1579 1700 112
1613 1628 112
1613 1907 112
1617 1641 112
1617 1919 112
1664 1675 112
1665 1920 112
1666 1670 112
1673 1695 112
1702 1854 112
1706 1851 112
1708 1858 112
1713 1863 112
1757 1760 112
1766 1770 112
1766 1772 112
1796 1798 112
1802 1803 112
1877 1890 112
1451 1489 113
1503 1524 113
1549 1705 113
1552 1555 113
1555 1685 113
1604 1628 113
1604 1852 113
1606 1616 113
1656 1674 113
1663 1665 113
1663 1684 113
1663 1698 113
1711 1787 113
1713 1863 113
1752 1757 113
1752 1796 113
1757 1768 113
1757 1796 113
1760 1766 113
1760 1770 113
1766 1770 113
1766 1772 113
1877 1890 113
1532 1533 114
1552 1555 114
1558 1567 114
1558 1574 114
1558 1727 114
1604 1852 114
1613 1628 114
1628 1902 114
1663 1665 114
1663 1698 114
1673 1695 114
1684 1745 114
1704 1877 114
1706 1851 114
1711 1787 114
1727 1731 114
1752 1796 114
1802 1803 114
1877 1890 114
1451 1489 115
1501 1578 115
1533 1653 115
1555 1685 115
1558 1574 115
1603 1643 115
1606 1616 115
1661 1684 115
1663 1665 115
1663 1698 115
1664 1745 115
1665 1920 115
1673 1687 115
1680 1908 115
1681 1908 115
1684 1698 115
1695 1745 115
1706 1851 115
1711 1752 115
1719 1809 115
1723 1809 115
1766 1770 115
1782 1859 115
1802 1803 115
1877 1890 115
1890 1898 115
1451 1489 116
1545 1837 116
1555 1685 116
1558 1574 116
1560 1731 116
1574 1700 116
1574 1707 116
1580 1685 116
1603 1643 116
1625 1902 116
1663 1665 116
1663 1684 116
1664 1680 116
1665 1684 116
1675 1745 116
1680 1908 116
1711 1787 116
1713 1897 116
1718 1887 116
1760 1770 116
1766 1770 116
1782 1859 116
1802 1803 116
1821 1857 116
1877 1890 116
1451 1489 117
1489 1592 117
1528 1533 117
1533 1653 117
1555 1685 117
1560 1594 117
1580 1685 117
1603 1643 117
1616 1648 117
1625 1902 117
1656 1908 117
1663 1684 117
1664 1688 117
1700 1707 117
1718 1855 117
1718 1887 117
1719 1748 117
1764 1774 117
1766 1770 117
1852 1902 117
1877 1890 117
1426 1511 118
1437 1824 118
1451 1489 118
1489 1592 118
1528 1548 118
1560 1594 118
1580 1685 118
1625 1902 118
1656 1908 118
1663 1665 118
1663 1698 118
1665 1920 118
1673 1695 118
1674 1908 118
1680 1908 118
1700 1707 118
1704 1877 118
1714 1795 118
1718 1887 118
1722 1833 118
1732 1889 118
1766 1770 118
1766 1774 118
1807 1880 118
1818 1821 118
1831 1888 118
1852 1902 118
1877 1890 118
1890 1898 118
1426 1511 119
1443 1502 119
1489 1563 119
1501 1578 119
1504 1525 119
1504 1532 119
1533 1653 119
1533 1668 119
1555 1685 119
1558 1567 119
1580 1685 119
1604 1852 119
1606 1616 119
1653 1668 119
1663 1665 119
1665 1920 119
1666 1670 119
1704 1877 119
1706 1861 119
1719 1843 119
1745 1908 119
1764 1774 119
1766 1770 119
1820 1833 119
1831 1888 119
1428 1489 120
1428 1495 120
1443 1502 120
1489 1592 120
1503 1524 120
1532 1533 120
1532 1549 120
1533 1538 120
1552 1567 120
1580 1685 120
1653 1668 120
1656 1908 120
1663 1698 120
1663 1920 120
1665 1698 120
1665 1920 120
1680 1745 120
1681 1908 120
1684 1698 120
1702 1889 120
1704 1877 120
1706 1743 120
1720 1909 120
1723 1809 120
1802 1803 120
1821 1857 120
1831 1888 120
1877 1890 120
1428 1495 121
1437 1585 121
1437 1824 121
1443 1502 121
1532 1533 121
1549 1653 121
1567 1707 121
1580 1685 121
1585 1824 121
1613 1907 121
1653 1668 121
1656 1908 121
1663 1665 121
1663 1698 121
1665 1745 121
1666 1670 121
1666 1696 121
1702 1854 121
1702 1889 121
1706 1743 121
1706 1851 121
1708 1743 121
1713 1897 121
1723 1809 121
1732 1889 121
1743 1887 121
1761 1767 121
1764 1774 121
1766 1770 121
1802 1803 121
1807 1895 121
1819 1865 121
1428 1495 122
1437 1824 122
1533 1653 122
1560 1567 122
1560 1707 122
1560 1712 122
1560 1735 122
1567 1707 122
1567 1735 122
1580 1685 122
1585 1824 122
1613 1907 122
1656 1908 122
1661 1745 122
1663 1665 122
1663 1698 122
1663 1920 122
1682 1745 122
1697 1765 122
1702 1889 122
1707 1709 122
1707 1735 122
1708 1743 122
1713 1897 122
1720 1909 122
1723 1809 122
1732 1889 122
1761 1767 122
1766 1770 122
1766 1772 122
1766 1774 122
1802 1803 122
1877 1890 122
1426 1511 123
1428 1495 123
1428 1563 123
1437 1585 123
1437 1824 123
1503 1524 123
1533 1653 123
1549 1653 123
1551 1560 123
1551 1712 123
1558 1574 123
1560 1707 123
1567 1707 123
1567 1735 123
1580 1685 123
1585 1824 123
1613 1628 123
1613 1907 123
1650 1718 123
1663 1698 123
1666 1696 123
1702 1889 123
1706 1851 123
1711 1787 123
1712 1727 123
1713 1897 123
1718 1887 123
1719 1741 123
1720 1909 123
1723 1809 123
1732 1889 123
1761 1767 123
1766 1770 123
1766 1774 123
1782 1859 123
1428 1495 124
1437 1824 124
1489 1563 124
1503 1524 124
1504 1533 124
1504 1653 124
1549 1653 124
1552 1712 124
1555 1727 124
1560 1574 124
1570 1709 124
1663 1698 124
1663 1779 124
1665 1920 124
1666 1696 124
1684 1688 124
1706 1851 124
1712 1727 124
1713 1897 124
1718 1855 124
1718 1887 124
1720 1909 124
1737 1738 124
1753 1767 124
1760 1770 124
1761 1770 124
1766 1770 124
1802 1803 124
1426 1443 125
1437 1824 125
1441 1486 125
1452 1498 125
1503 1524 125
1533 1653 125
1549 1653 125
1551 1555 125
1574 1727 125
1580 1727 125
1603 1643 125
1609 1917 125
1650 1851 125
1661 1695 125
1663 1698 125
1663 1920 125
1665 1920 125
1680 1908 125
1695 1745 125
1706 1851 125
1719 1809 125
1719 1843 125
1720 1909 125
1743 1887 125
1761 1770 125
1809 1843 125
1890 1898 125
1503 1524 126
1533 1653 126
1580 1685 126
1609 1917 126
1613 1907 126
1663 1665 126
1663 1698 126
1663 1920 126
1680 1908 126
1684 1745 126
1713 1897 126
1720 1909 126
1749 1883 126
1761 1770 126
1782 1859 126
1877 1890 126
1890 1898 126
1480 1516 127
1504 1546 127
1504 1653 127
1545 1797 127
1555 1685 127
1579 1700 127
1613 1628 127
1656 1908 127
1663 1920 127
1670 1681 127
1670 1684 127
1684 1688 127
1702 1854 127
1702 1889 127
1704 1877 127
1720 1909 127
1741 1843 127
1782 1859 127
1783 1798 127
1890 1898 127
1439 1459 128
1451 1592 128
1489 1563 128
1503 1524 128
1503 1528 128
1504 1546 128
1504 1653 128
1533 1546 128
1533 1653 128
1546 1549 128
1546 1653 128
1548 1705 128
1549 1653 128
1558 1574 128
1613 1628 128
1656 1908 128
1664 1688 128
1665 1920 128
1670 1684 128
1670 1688 128
1674 1684 128
1674 1688 128
1680 1908 128
1684 1688 128
1684 1698 128
1695 1745 128
1702 1854 128
1706 1861 128
1711 1787 128
1723 1809 128
1738 1780 128
1749 1883 128
1783 1798 128
1908 1912 128
1439 1459 129
1441 1486 129
1451 1452 129
1451 1592 129
1461 1516 129
1503 1524 129
1533 1653 129
1546 1653 129
1643 1852 129
1663 1920 129
1664 1688 129
1665 1920 129
1688 1698 129
1702 1889 129
1706 1861 129
1711 1759 129
1713 1863 129
1713 1897 129
1723 1809 129
1737 1738 129
1757 1770 129
1772 1774 129
1887 1889 129
1890 1898 129
1451 1489 130
1451 1495 130
1451 1592 130
1452 1498 130
1489 1495 130
1489 1592 130
1503 1524 130
1525 1797 130
1533 1653 130
1546 1653 130
1549 1653 130
1555 1558 130
1570 1712 130
1574 1685 130
1603 1922 130
1604 1648 130
1613 1628 130
1625 1628 130
1682 1687 130
1702 1889 130
1706 1743 130
1706 1851 130
1706 1861 130
1714 1795 130
1718 1887 130
1732 1889 130
1764 1770 130
1766 1770 130
1782 1859 130
1802 1865 130
1877 1890 130
1428 1495 131
1451 1592 131
1525 1797 131
1533 1549 131
1533 1653 131
1574 1700 131
1613 1628 131
1625 1628 131
1643 1852 131
1663 1665 131
1663 1920 131
1665 1920 131
1682 1687 131
1684 1688 131
1702 1889 131
1706 1851 131
1713 1897 131
1732 1889 131
1764 1783 131
1766 1770 131
1782 1859 131
1800 1838 131
1803 1818 131
1819 1865 131
1831 1888 131
1852 1916 131
1877 1890 131
1451 1489 132
1451 1592 132
1503 1524 132
1525 1797 132
1538 1653 132
1567 1700 132
1567 1735 132
1580 1685 132
1613 1628 132
1625 1902 132
1650 1713 132
1650 1863 132
1663 1665 132
1684 1698 132
1700 1709 132
1700 1735 132
1702 1889 132
1706 1851 132
1711 1787 132
1720 1909 132
1723 1809 132
1737 1909 132
1761 1764 132
1766 1770 132
1819 1821 132
1819 1865 132
1831 1888 132
1852 1907 132
1877 1890 132
1451 1489 133
1533 1653 133
1558 1685 133
1567 1700 133
1606 1643 133
1665 1920 133
1684 1695 133
1700 1709 133
1702 1889 133
1704 1877 133
1706 1851 133
1709 1735 133
1711 1759 133
1711 1787 133
1714 1795 133
1718 1887 133
1752 1764 133
1752 1767 133
1766 1770 133
1782 1859 133
1819 1821 133
1857 1895 133
1877 1890 133
1437 1585 134
1441 1486 134
1451 1489 134
1451 1592 134
1480 1501 134
1489 1563 134
1489 1592 134
1504 1519 134
1613 1907 134
1617 1641 134
1617 1913 134
1617 1922 134
1630 1857 134
1682 1687 134
1684 1695 134
1695 1745 134
1702 1889 134
1706 1851 134
1706 1861 134
1737 1909 134
1739 1897 134
1748 1833 134
1752 1764 134
1766 1770 134
1783 1798 134
1819 1857 134
1819 1895 134
1857 1895 134
1908 1912 134
1426 1443 135
1426 1511 135
1437 1585 135
1451 1489 135
1503 1524 135
1532 1815 135
1579 1700 135
1580 1685 135
1613 1628 135
1630 1857 135
1630 1895 135
1632 1857 135
1650 1851 135
1680 1912 135
1687 1695 135
1697 1765 135
1702 1889 135
1704 1877 135
1706 1861 135
1711 1759 135
1714 1859 135
1718 1887 135
1732 1889 135
1741 1843 135
1748 1833 135
1752 1764 135
1767 1787 135
1768 1796 135
1783 1798 135
1857 1895 135
1877 1890 135
1890 1898 135
1913 1916 135
1443 1502 136
1451 1489 136
1480 1501 136
1501 1578 136
1555 1574 136
1574 1700 136
1604 1852 136
1613 1628 136
1625 1902 136
1664 1684 136
1665 1698 136
1665 1920 136
1666 1695 136
1682 1687 136
1687 1695 136
1702 1889 136
1711 1752 136
1713 1897 136
1718 1872 136
1718 1887 136
1732 1889 136
1737 1738 136
1752 1772 136
1768 1796 136
1783 1798 136
1802 1803 136
1819 1865 136
1857 1895 136
1877 1890 136
1890 1898 136
1437 1585 137
1443 1502 137
1451 1489 137
1504 1519 137
1574 1707 137
1574 1709 137
1613 1628 137
1625 1628 137
1663 1665 137
1663 1684 137
1663 1779 137
1663 1920 137
1664 1684 137
1675 1908 137
1680 1697 137
1680 1908 137
1681 1765 137
1684 1695 137
1688 1697 137
1697 1912 137
1702 1889 137
1711 1761 137
1732 1889 137
1757 1772 137
1783 1798 137
1852 1919 137
1857 1895 137
1877 1890 137
1504 1519 138
1548 1797 138
1574 1709 138
1580 1685 138
1613 1628 138
1661 1695 138
1663 1779 138
1665 1920 138
1666 1687 138
1670 1674 138
1673 1687 138
1697 1912 138
1702 1854 138
1702 1889 138
1706 1851 138
1711 1757 138
1711 1761 138
1718 1887 138
1720 1909 138
1732 1889 138
1757 1768 138
1757 1783 138
1765 1908 138
1802 1803 138
1831 1888 138
1852 1919 138
1877 1890 138
1504 1519 139
1548 1797 139
1558 1574 139
1574 1700 139
1663 1779 139
1663 1920 139
1664 1670 139
1665 1920 139
1697 1912 139
1704 1877 139
1706 1743 139
1708 1858 139
1711 1761 139
1720 1909 139
1748 1833 139
1749 1863 139
1765 1908 139
1807 1866 139
1855 1872 139
1877 1890 139
1486 1511 140
1501 1578 140
1504 1519 140
1562 1707 140
1574 1700 140
1574 1707 140
1656 1670 140
1663 1665 140
1663 1779 140
1663 1920 140
1664 1670 140
1664 1688 140
1665 1920 140
1670 1674 140
1675 1688 140
1675 1908 140
1680 1908 140
1684 1688 140
1697 1912 140
1704 1713 140
1704 1877 140
1711 1761 140
1718 1887 140
1719 1843 140
1720 1909 140
1727 1735 140
1748 1833 140
1752 1764 140
1765 1908 140
1819 1865 140
1852 1907 140
1877 1890 140
1451 1489 141
1501 1578 141
1504 1519 141
1560 1580 141
1562 1707 141
1574 1579 141
1574 1700 141
1617 1641 141
1632 1803 141
1632 1819 141
1656 1670 141
1656 1908 141
1663 1779 141
1663 1920 141
1664 1688 141
1665 1745 141
1670 1674 141
1674 1908 141
1675 1688 141
1675 1908 141
1697 1912 141
1704 1877 141
1706 1743 141
1706 1861 141
1718 1887 141
1720 1909 141
1748 1833 141
1752 1764 141
1857 1866 141
1877 1890 141
1437 1585 142
1451 1489 142
1525 1528 142
1562 1707 142
1613 1907 142
1617 1641 142
1663 1684 142
1663 1920 142
1665 1920 142
1675 1688 142
1675 1908 142
1681 1908 142
1681 1912 142
1688 1908 142
1697 1698 142
1697 1908 142
1704 1713 142
1704 1877 142
1711 1767 142
1718 1887 142
1737 1738 142
1738 1909 142
1743 1861 142
1852 1919 142
1857 1866 142
1877 1890 142
1437 1585 143
1451 1489 143
1528 1533 143
1528 1653 143
1562 1707 143
1604 1852 143
1617 1641 143
1650 1708 143
1661 1682 143
1663 1673 143
1663 1779 143
1664 1745 143
1665 1920 143
1666 1695 143
1670 1688 143
1673 1684 143
1673 1745 143
1681 1912 143
1688 1908 143
1697 1912 143
1704 1713 143
1706 1861 143
1718 1887 143
1719 1843 143
1723 1809 143
1737 1738 143
1779 1920 143
1802 1803 143
1833 1859 143
1847 1857 143
1877 1890 143
1908 1912 143
1461 1480 144
1489 1563 144
1503 1528 144
1545 1653 144
1579 1700 144
1625 1628 144
1650 1898 144
1661 1682 144
1663 1665 144
1663 1779 144
1670 1674 144
1684 1688 144
1697 1912 144
1718 1887 144
1719 1843 144
1748 1833 144
1760 1796 144
1779 1920 144
1783 1798 144
1802 1803 144
1872 1887 144
1877 1890 144
1911 1916 144
1426 1511 145
1428 1489 145
1545 1837 145
1555 1574 145
1555 1685 145
1558 1574 145
1632 1865 145
1650 1898 145
1656 1765 145
1661 1682 145
1663 1665 145
1666 1695 145
1680 1908 145
1684 1688 145
1697 1908 145
1702 1889 145
1704 1713 145
1706 1861 145
1708 1743 145
1718 1887 145
1719 1843 145
1727 1731 145
1748 1833 145
1757 1768 145
1760 1796 145
1802 1803 145
1809 1843 145
1819 1865 145
1877 1890 145
1908 1912 145
1428 1489 146
1461 1480 146
1480 1516 146
1489 1563 146
1558 1685 146
1574 1685 146
1613 1628 146
1656 1674 146
1661 1682 146
1663 1665 146
1663 1920 146
1681 1697 146
1681 1912 146
1706 1743 146
1718 1887 146
1719 1843 146
1727 1731 146
1737 1909 146
1759 1767 146
1802 1803 146
1877 1890 146
1461 1480 147
1489 1563 147
1504 1797 147
1533 1653 147
1545 1705 147
1555 1685 147
1558 1685 147
1574 1685 147
1613 1628 147
1641 1852 147
1641 1919 147
1656 1674 147
1661 1688 147
1663 1665 147
1663 1698 147
1664 1688 147
1664 1908 147
1675 1908 147
1681 1765 147
1697 1912 147
1702 1854 147
1704 1713 147
1718 1887 147
1719 1843 147
1720 1909 147
1727 1731 147
1752 1764 147
1757 1768 147
1855 1872 147
1877 1890 147
1890 1898 147
1426 1511 148
1428 1592 148
1461 1480 148
1519 1653 148
1519 1705 148
1525 1548 148
1560 1727 148
1560 1735 148
1574 1707 148
1613 1628 148
1613 1907 148
1661 1664 148
1663 1665 148
1663 1698 148
1664 1688 148
1665 1779 148
1666 1695 148
1670 1674 148
1673 1695 148
1680 1697 148
1681 1697 148
1681 1765 148
1681 1912 148
1702 1854 148
1702 1889 148
1704 1713 148
1706 1851 148
1718 1887 148
1720 1909 148
1722 1820 148
1727 1735 148
1737 1738 148
1752 1764 148
1761 1768 148
1795 1859 148
1796 1798 148
1802 1803 148
1805 1865 148
1855 1872 148
1877 1890 148
1907 1917 148
1443 1502 149
1504 1797 149
1525 1545 149
1555 1700 149
1574 1707 149
1604 1852 149
1613 1628 149
1661 1666 149
1661 1695 149
1663 1684 149
1663 1698 149
1665 1779 149
1666 1695 149
1670 1674 149
1675 1908 149
1681 1765 149
1681 1908 149
1681 1912 149
1682 1687 149
1687 1695 149
1702 1854 149
1702 1889 149
1706 1851 149
1708 1743 149
1711 1752 149
1718 1887 149
1722 1833 149
1727 1735 149
1737 1909 149
1759 1787 149
1768 1796 149
1778 1792 149
1796 1798 149
1802 1803 149
1855 1872 149
1877 1890 149
1890 1898 149
1461 1480 150
1486 1511 150
1533 1653 150
1545 1837 150
1562 1709 150
1574 1707 150
1650 1887 150
1656 1674 150
1661 1695 150
1661 1920 150
1663 1684 150
1663 1688 150
1663 1698 150
1665 1920 150
1666 1695 150
1681 1912 150
1682 1687 150
1684 1688 150
1697 1912 150
1702 1889 150
1706 1743 150
1706 1851 150
1711 1753 150
1711 1767 150
1713 1863 150
1718 1887 150
1753 1767 150
1757 1778 150
1759 1787 150
1763 1833 150
1765 1908 150
1765 1912 150
1766 1770 150
1796 1798 150
1802 1803 150
1805 1819 150
1855 1872 150
1857 1866 150
1872 1887 150
1877 1890 150
1437 1585 151
1441 1486 151
1461 1480 151
1486 1511 151
1528 1653 151
1533 1653 151
1545 1705 151
1617 1911 151
1656 1674 151
1661 1666 151
1663 1684 151
1663 1698 151
1663 1779 151
1665 1779 151
1665 1920 151
1666 1695 151
1673 1687 151
1673 1695 151
1681 1765 151
1681 1908 151
1681 1912 151
1682 1687 151
1684 1688 151
1684 1698 151
1685 1709 151
1688 1695 151
1697 1908 151
1702 1889 151
1704 1718 151
1706 1861 151
1711 1753 151
1711 1767 151
1718 1887 151
1719 1782 151
1719 1843 151
1723 1809 151
1737 1909 151
1753 1767 151
1759 1787 151
1766 1770 151
1782 1859 151
1802 1803 151
1855 1872 151
1855 1890 151
1857 1866 151
1872 1887 151
1877 1890 151
1489 1563 152
1528 1548 152
1528 1705 152
1545 1837 152
1656 1674 152
1661 1666 152
1663 1665 152
1663 1698 152
1664 1666 152
1665 1779 152
1665 1920 152
1666 1673 152
1666 1695 152
1673 1695 152
1680 1697 152
1680 1908 152
1681 1765 152
1682 1687 152
1684 1688 152
1685 1709 152
1702 1889 152
1711 1761 152
1711 1767 152
1718 1887 152
1719 1843 152
1723 1809 152
1752 1753 152
1753 1761 152
1774 1775 152
1796 1798 152
1809 1843 152
1819 1836 152
1819 1865 152
1857 1866 152
1877 1890 152
1890 1898 152
1451 1489 153
1489 1495 153
1489 1563 153
1528 1545 153
1545 1705 153
1545 1837 153
1656 1674 153
1663 1665 153
1663 1779 153
1665 1779 153
1666 1673 153
1673 1695 153
1681 1765 153
1681 1912 153
1682 1687 153
1684 1698 153
1697 1745 153
1704 1743 153
1711 1761 153
1719 1843 153
1739 1872 153
1765 1908 153
1768 1796 153
1782 1859 153
1783 1798 153
1847 1866 153
1857 1866 153
1877 1890 153
1451 1489 154
1486 1511 154
1519 1705 154
1533 1653 154
1546 1548 154
1562 1567 154
1567 1574 154
1574 1707 154
1656 1674 154
1661 1666 154
1665 1779 154
1666 1695 154
1681 1908 154
1681 1912 154
1682 1687 154
1695 1745 154
1697 1745 154
1702 1889 154
1706 1851 154
1719 1843 154
1723 1809 154
1739 1872 154
1752 1767 154
1760 1796 154
1767 1787 154
1796 1798 154
1857 1866 154
1877 1890 154
1890 1898 154
1451 1489 155
1461 1480 155
1486 1511 155
1551 1572 155
1555 1700 155
1579 1709 155
1663 1698 155
1664 1688 155
1665 1920 155
1673 1695 155
1685 1700 155
1706 1851 155
1706 1861 155
1708 1743 155
1711 1767 155
1719 1843 155
1723 1809 155
1739 1872 155
1752 1767 155
1761 1783 155
1766 1770 155
1768 1796 155
1795 1859 155
1796 1798 155
1857 1866 155
1877 1890 155
1890 1898 155
1451 1489 156
1451 1592 156
1461 1480 156
1486 1511 156
1489 1495 156
1551 1572 156
1555 1562 156
1555 1567 156
1574 1685 156
1574 1707 156
1604 1852 156
1656 1674 156
1663 1698 156
1664 1688 156
1665 1920 156
1673 1695 156
1685 1700 156
1688 1695 156
1697 1745 156
1723 1809 156
1727 1731 156
1737 1843 156
1739 1872 156
1752 1767 156
1766 1770 156
1795 1859 156
1802 1803 156
1857 1866 156
1877 1890 156
1451 1592 157
1461 1480 157
1486 1511 157
1551 1572 157
1555 1562 157
1555 1567 157
1604 1852 157
1656 1674 157
1656 1908 157
1663 1684 157
1664 1688 157
1680 1908 157
1702 1889 157
1718 1855 157
1719 1843 157
1739 1872 157
1765 1908 157
1766 1770 157
1768 1796 157
1857 1866 157
1877 1890 157
1451 1489 158
1451 1592 158
1461 1480 158
1486 1511 158
1489 1563 158
1525 1797 158
1532 1815 158
1558 1727 158
1666 1695 158
1675 1688 158
1675 1908 158
1680 1908 158
1688 1697 158
1706 1851 158
1719 1843 158
1739 1872 158
1802 1803 158
1852 1907 158
1857 1866 158
1877 1890 158
1451 1489 159
1451 1592 159
1486 1511 159
1489 1498 159
1489 1563 159
1532 1815 159
1555 1562 159
1555 1707 159
1562 1707 159
1562 1709 159
1663 1674 159
1673 1695 159
1711 1759 159
1739 1872 159
1764 1783 159
1768 1798 159
1778 1792 159
1805 1847 159
1805 1865 159
1819 1865 159
1847 1865 159
1852 1907 159
1857 1866 159
1439 1480 160
1451 1489 160
1451 1563 160
1451 1592 160
1486 1511 160
1489 1563 160
1503 1524 160
1532 1815 160
1533 1549 160
1545 1705 160
1555 1560 160
1555 1707 160
1558 1560 160
1560 1707 160
1650 1718 160
1664 1688 160
1681 1765 160
1702 1889 160
1706 1743 160
1706 1851 160
1708 1743 160
1711 1759 160
1718 1749 160
1718 1877 160
1739 1872 160
1752 1764 160
1782 1859 160
1851 1877 160
1857 1866 160
1877 1890 160
1890 1898 160
1431 1453 161
1451 1489 161
1451 1592 161
1486 1511 161
1489 1563 161
1504 1538 161
1504 1545 161
1504 1653 161
1504 1705 161
1525 1549 161
1528 1532 161
1533 1546 161
1538 1653 161
1545 1705 161
1546 1549 161
1555 1560 161
1555 1707 161
1555 1709 161
1558 1727 161
1562 1709 161
1663 1698 161
1663 1745 161
1664 1688 161
1702 1889 161
1706 1851 161
1706 1861 161
1706 1877 161
1711 1759 161
1719 1843 161
1727 1731 161
1743 1851 161
1743 1877 161
1767 1787 161
1782 1859 161
1851 1877 161
1857 1866 161
1861 1877 161
1451 1489 162
1489 1563 162
1504 1653 162
1525 1528 162
1532 1533 162
1533 1549 162
1538 1653 162
1555 1560 162
1555 1700 162
1558 1560 162
1558 1727 162
1560 1727 162
1650 1851 162
1663 1665 162
1663 1698 162
1663 1745 162
1664 1688 162
1681 1765 162
1702 1889 162
1705 1797 162
1706 1851 162
1706 1861 162
1708 1743 162
1711 1759 162
1711 1760 162
1718 1887 162
1739 1872 162
1743 1887 162
1746 1780 162
1749 1883 162
1774 1775 162
1782 1859 162
1802 1803 162
1809 1843 162
1819 1865 162
1851 1890 162
1451 1489 163
1489 1563 163
1504 1705 163
1532 1533 163
1533 1549 163
1538 1653 163
1548 1705 163
1552 1685 163
1574 1707 163
1580 1685 163
1613 1628 163
1663 1698 163
1664 1688 163
1681 1765 163
1688 1697 163
1704 1718 163
1704 1877 163
1706 1861 163
1711 1753 163
1711 1783 163
1718 1890 163
1722 1746 163
1739 1872 163
1743 1887 163
1746 1833 163
1749 1883 163
1767 1787 163
1768 1798 163
1775 1787 163
1782 1859 163
1795 1859 163
1819 1865 163
1857 1866 163
1872 1877 163
1877 1890 163
1890 1898 163
1451 1489 164
1451 1592 164
1486 1511 164
1489 1495 164
1489 1563 164
1503 1528 164
1533 1546 164
1546 1549 164
1613 1628 164
1663 1698 164
1664 1688 164
1680 1908 164
1681 1765 164
1697 1745 164
1702 1889 164
1704 1877 164
1706 1861 164
1711 1753 164
1713 1863 164
1718 1855 164
1719 1843 164
1739 1872 164
1743 1887 164
1774 1775 164
1782 1859 164
1801 1843 164
1802 1803 164
1802 1821 164
1890 1898 164
1451 1592 165
1461 1480 165
1486 1511 165
1489 1495 165
1489 1563 165
1548 1705 165
1663 1698 165
1664 1688 165
1670 1696 165
1688 1697 165
1702 1889 165
1704 1877 165
1706 1861 165
1713 1863 165
1718 1855 165
1719 1843 165
1737 1738 165
1739 1872 165
1743 1887 165
1749 1883 165
1757 1796 165
1766 1774 165
1768 1796 165
1782 1859 165
1802 1803 165
1803 1847 165
1821 1857 165
1890 1898 165
1480 1516 166
1489 1495 166
1503 1528 166
1538 1653 166
1613 1628 166
1661 1695 166
1664 1688 166
1666 1688 166
1681 1765 166
1688 1695 166
1697 1912 166
1702 1743 166
1702 1889 166
1706 1851 166
1706 1861 166
1708 1858 166
1711 1752 166
1713 1863 166
1718 1855 166
1719 1843 166
1723 1809 166
1739 1872 166
1743 1887 166
1743 1889 166
1760 1766 166
1760 1768 166
1782 1859 166
1819 1865 166
1857 1866 166
1890 1898 166
1437 1585 167
1451 1489 167
1461 1480 167
1480 1516 167
1486 1511 167
1489 1495 167
1520 1668 167
1528 1533 167
1548 1797 167
1613 1628 167
1656 1765 167
1661 1673 167
1663 1698 167
1680 1912 167
1697 1912 167
1702 1743 167
1702 1889 167
1706 1861 167
1708 1858 167
1711 1759 167
1713 1863 167
1718 1855 167
1718 1883 167
1719 1843 167
1720 1801 167
1739 1872 167
1743 1887 167
1749 1883 167
1768 1796 167
1775 1787 167
1782 1859 167
1802 1803 167
1872 1890 167
1890 1898 167
1437 1533 168
1443 1502 168
1489 1495 168
1500 1504 168
1504 1545 168
1520 1668 168
1533 1585 168
1562 1709 168
1604 1852 168
1656 1765 168
1661 1673 168
1663 1698 168
1664 1666 168
1670 1696 168
1681 1765 168
1688 1697 168
1697 1912 168
1702 1743 168
1702 1889 168
1704 1718 168
1711 1759 168
1713 1863 168
1718 1872 168
1720 1801 168
1737 1738 168
1739 1872 168
1743 1887 168
1761 1768 168
1765 1912 168
1768 1796 168
1768 1798 168
1774 1783 168
1782 1859 168
1807 1880 168
1890 1898 168
1451 1592 169
1489 1495 169
1504 1546 169
1520 1585 169
1533 1585 169
1546 1705 169
1650 1739 169
1650 1872 169
1656 1765 169
1663 1779 169
1665 1745 169
1665 1779 169
1674 1765 169
1697 1912 169
1702 1743 169
1702 1889 169
1704 1877 169
1706 1861 169
1707 1709 169
1707 1735 169
1713 1863 169
1714 1838 169
1718 1855 169
1718 1872 169
1720 1801 169
1722 1833 169
1723 1809 169
1739 1872 169
1743 1887 169
1743 1889 169
1760 1766 169
1760 1774 169
1763 1833 169
1765 1912 169
1766 1770 169
1766 1774 169
1782 1859 169
1801 1843 169
1819 1865 169
1890 1898 169
1489 1495 170
1500 1546 170
1546 1705 170
1555 1685 170
1560 1712 170
1580 1685 170
1613 1628 170
1617 1911 170
1656 1908 170
1661 1682 170
1665 1745 170
1666 1688 170
1670 1696 170
1674 1908 170
1704 1877 170
1706 1861 170
1707 1709 170
1707 1731 170
1709 1731 170
1713 1863 170
1718 1855 170
1739 1872 170
1743 1872 170
1743 1887 170
1749 1883 170
1753 1770 170
1761 1774 170
1802 1803 170
1807 1880 170
1819 1865 170
1890 1898 170
1489 1495 171
1520 1585 171
1555 1685 171
1558 1727 171
1558 1731 171
1580 1685 171
1613 1628 171
1656 1908 171
1663 1698 171
1675 1908 171
1681 1765 171
1704 1877 171
1706 1851 171
1713 1863 171
1722 1833 171
1739 1872 171
1743 1872 171
1743 1887 171
1749 1863 171
1753 1770 171
1765 1908 171
1774 1792 171
1802 1803 171
1819 1865 171
1890 1898 171
1439 1480 172
1451 1592 172
1520 1585 172
1528 1705 172
1532 1533 172
1533 1653 172
1580 1685 172
1601 1880 172
1613 1628 172
1625 1902 172
1656 1765 172
1656 1908 172
1663 1698 172
1663 1745 172
1664 1688 172
1673 1695 172
1674 1765 172
1674 1908 172
1675 1908 172
1697 1908 172
1697 1912 172
1702 1889 172
1704 1877 172
1706 1861 172
1708 1858 172
1713 1863 172
1722 1833 172
1739 1872 172
1743 1887 172
1749 1863 172
1753 1783 172
1772 1774 172
1831 1865 172
1890 1898 172
1461 1480 173
1461 1501 173
1489 1563 173
1520 1585 173
1532 1533 173
1532 1815 173
1533 1653 173
1567 1727 173
1661 1695 173
1663 1698 173
1663 1745 173
1664 1675 173
1681 1912 173
1688 1697 173
1697 1908 173
1697 1912 173
1704 1877 173
1706 1861 173
1708 1858 173
1711 1759 173
1713 1863 173
1723 1809 173
1739 1872 173
1743 1887 173
1749 1863 173
1753 1767 173
1768 1796 173
1802 1821 173
1890 1898 173
1908 1912 173
1443 1502 174
1461 1501 174
1480 1501 174
1486 1511 174
1520 1585 174
1532 1815 174
1533 1653 174
1546 1815 174
1558 1567 174
1558 1727 174
1613 1628 174
1665 1779 174
1665 1920 174
1681 1745 174
1681 1765 174
1688 1697 174
1697 1908 174
1697 1912 174
1702 1889 174
1708 1858 174
1711 1759 174
1713 1863 174
1718 1855 174
1723 1809 174
1739 1872 174
1743 1887 174
1749 1863 174
1759 1787 174
1764 1787 174
1768 1796 174
1772 1774 174
1780 1909 174
1782 1859 174
1852 1902 174
1890 1898 174
1451 1592 175
1461 1501 175
1489 1495 175
1489 1563 175
1520 1585 175
1532 1815 175
1533 1653 175
1558 1560 175
1558 1574 175
1560 1727 175
1579 1700 175
1613 1628 175
1617 1641 175
1665 1779 175
1665 1920 175
1673 1695 175
1697 1912 175
1708 1858 175
1711 1759 175
1713 1863 175
1718 1855 175
1739 1872 175
1743 1887 175
1743 1889 175
1752 1767 175
1802 1803 175
1857 1866 175
1890 1898 175
1451 1489 176
1451 1495 176
1461 1480 176
1486 1511 176
1489 1563 176
1504 1797 176
1520 1585 176
1560 1712 176
1604 1617 176
1613 1628 176
1663 1665 176
1664 1688 176
1665 1779 176
1665 1920 176
1675 1908 176
1680 1697 176
1697 1908 176
1697 1912 176
1702 1889 176
1706 1861 176
1708 1858 176
1711 1767 176
1711 1787 176
1718 1855 176
1723 1809 176
1739 1872 176
1743 1889 176
1757 1796 176
1759 1767 176
1765 1908 176
1767 1787 176
1768 1796 176
1890 1898 176
1461 1480 177
1486 1511 177
1489 1495 177
1504 1797 177
1520 1585 177
1520 1824 177
1533 1546 177
1533 1653 177
1538 1546 177
1538 1815 177
1546 1549 177
1546 1653 177
1555 1579 177
1560 1712 177
1567 1700 177
1653 1815 177
1656 1765 177
1656 1908 177
1664 1688 177
1665 1779 177
1665 1920 177
1666 1688 177
1680 1697 177
1681 1912 177
1688 1697 177
1697 1912 177
1706 1861 177
1707 1709 177
1709 1735 177
1711 1759 177
1711 1787 177
1718 1855 177
1739 1872 177
1743 1887 177
1765 1908 177
1767 1787 177
1821 1895 177
1877 1890 177
1890 1898 177
1451 1489 178
1451 1495 178
1489 1563 178
1504 1533 178
1504 1797 178
1504 1815 178
1520 1585 178
1533 1653 178
1574 1709 178
1613 1628 178
1663 1779 178
1665 1779 178
1666 1688 178
1680 1908 178
1688 1697 178
1697 1912 178
1700 1707 178
1700 1709 178
1704 1877 178
1706 1861 178
1711 1759 178
1711 1767 178
1713 1863 178
1739 1872 178
1768 1783 178
1890 1898 178
1451 1489 179
1451 1495 179
1489 1495 179
1489 1563 179
1525 1528 179
1525 1797 179
1533 1653 179
1552 1580 179
1574 1700 179
1574 1709 179
1613 1628 179
1663 1665 179
1663 1698 179
1665 1779 179
1697 1912 179
1700 1709 179
1704 1877 179
1706 1861 179
1708 1858 179
1711 1759 179
1713 1863 179
1723 1809 179
1738 1909 179
1761 1768 179
1761 1783 179
1857 1866 179
1877 1890 179
1890 1898 179
1427 1458 180
1459 1471 180
1503 1524 180
1525 1546 180
1546 1548 180
1546 1705 180
1552 1555 180
1564 1580 180
1574 1700 180
1574 1707 180
1580 1685 180
1632 1847 180
1656 1908 180
1663 1665 180
1663 1698 180
1664 1688 180
1665 1779 180
1675 1765 180
1680 1908 180
1681 1765 180
1704 1877 180
1711 1759 180
1711 1767 180
1711 1787 180
1713 1863 180
1718 1872 180
1722 1833 180
1857 1866 180
1890 1898 180
1427 1429 181
1435 1824 181
1452 1498 181
1489 1495 181
1489 1563 181
1504 1519 181
1520 1585 181
1525 1797 181
1532 1538 181
1545 1705 181
1545 1837 181
1562 1567 181
1562 1707 181
1567 1727 181
1613 1628 181
1650 1704 181
1664 1688 181
1665 1779 181
1673 1695 181
1681 1908 181
1704 1877 181
1707 1727 181
1711 1759 181
1718 1855 181
1718 1872 181
1722 1833 181
1745 1765 181
1757 1783 181
1767 1787 181
1877 1890 181
1890 1898 181
1427 1429 182
1443 1502 182
1489 1495 182
1520 1585 182
1567 1727 182
1613 1628 182
1650 1713 182
1656 1908 182
1664 1688 182
1673 1695 182
1680 1697 182
1681 1697 182
1681 1908 182
1681 1912 182
1697 1912 182
1704 1713 182
1704 1877 182
1706 1851 182
1713 1863 182
1718 1855 182
1718 1872 182
1723 1809 182
1739 1890 182
1752 1764 182
1764 1774 182
1767 1787 182
1877 1890 182
1883 1897 182
1430 1437 183
1480 1516 183
1489 1495 183
1489 1563 183
1503 1533 183
1503 1815 183
1504 1545 183
1504 1653 183
1533 1797 183
1538 1797 183
1538 1815 183
1545 1837 183
1546 1653 183
1548 1653 183
1613 1628 183
1617 1641 183
1632 1847 183
1656 1908 183
1664 1688 183
1665 1779 183
1680 1697 183
1681 1908 183
1681 1912 183
1688 1696 183
1702 1889 183
1706 1851 183
1711 1759 183
1713 1863 183
1718 1855 183
1718 1872 183
1739 1890 183
1752 1764 183
1757 1768 183
1757 1783 183
1759 1767 183
1764 1774 183
1805 1819 183
1855 1872 183
1877 1890 183
1890 1898 183
1427 1429 184
1430 1437 184
1430 1824 184
1437 1824 184
1471 1516 184
1489 1495 184
1500 1528 184
1503 1528 184
1503 1705 184
1503 1815 184
1504 1524 184
1504 1533 184
1524 1533 184
1524 1539 184
1525 1532 184
1528 1705 184
1528 1815 184
1532 1837 184
1533 1539 184
1533 1705 184
1538 1815 184
1552 1555 184
1552 1579 184
1555 1685 184
1562 1574 184
1574 1707 184
1613 1628 184
1663 1665 184
1664 1688 184
1665 1779 184
1665 1920 184
1666 1688 184
1681 1912 184
1688 1697 184
1697 1912 184
1702 1889 184
1704 1877 184
1705 1815 184
1706 1851 184
1711 1759 184
1718 1855 184
1718 1872 184
1739 1890 184
1745 1765 184
1757 1768 184
1759 1787 184
1877 1890 184
1890 1898 184
1427 1429 185
1437 1824 185
1461 1480 185
1500 1528 185
1503 1837 185
1516 1578 185
1519 1653 185
1520 1585 185
1524 1539 185
1525 1532 185
1525 1837 185
1528 1538 185
1528 1705 185
1528 1815 185
1532 1837 185
1555 1685 185
1613 1628 185
1632 1835 185
1656 1908 185
1661 1682 185
1663 1698 185
1664 1688 185
1665 1920 185
1666 1695 185
1673 1695 185
1697 1912 185
1702 1743 185
1702 1889 185
1704 1877 185
1705 1837 185
1706 1851 185
1711 1759 185
1718 1855 185
1718 1872 185
1745 1765 185
1761 1783 185
1764 1775 185
1774 1775 185
1795 1822 185
1852 1907 185
1855 1872 185
1890 1898 185
1430 1458 186
1437 1824 186
1489 1495 186
1495 1498 186
1500 1546 186
1503 1545 186
1504 1519 186
1504 1524 186
1524 1539 186
1525 1532 186
1525 1837 186
1532 1837 186
1538 1546 186
1552 1555 186
1555 1685 186
1558 1685 186
1613 1628 186
1661 1682 186
1663 1665 186
1664 1675 186
1684 1745 186
1702 1743 186
1702 1889 186
1706 1851 186
1711 1759 186
1718 1855 186
1718 1872 186
1743 1887 186
1743 1889 186
1748 1809 186
1749 1883 186
1752 1764 186
1774 1775 186
1818 1880 186
1855 1872 186
1890 1898 186
1489 1563 187
1500 1528 187
1503 1524 187
1503 1539 187
1528 1545 187
1538 1546 187
1545 1837 187
1546 1797 187
1552 1555 187
1601 1892 187
1613 1628 187
1632 1835 187
1661 1682 187
1680 1908 187
1681 1908 187
1681 1912 187
1682 1695 187
1704 1877 187
1711 1759 187
1718 1855 187
1743 1887 187
1749 1883 187
1752 1764 187
1757 1768 187
1890 1898 187
1427 1429 188
1428 1489 188
1435 1458 188
1439 1516 188
1471 1516 188
1489 1563 188
1500 1797 188
1503 1532 188
1503 1797 188
1524 1545 188
1525 1532 188
1525 1837 188
1533 1538 188
1533 1546 188
1545 1837 188
1548 1653 188
1555 1700 188
1570 1712 188
1613 1628 188
1661 1682 188
1663 1665 188
1663 1698 188
1665 1920 188
1681 1908 188
1681 1912 188
1682 1695 188
1688 1912 188
1702 1889 188
1704 1877 188
1711 1759 188
1718 1855 188
1743 1887 188
1748 1809 188
1749 1883 188
1757 1768 188
1802 1821 188
1855 1872 188
1883 1897 188
1890 1898 188
1431 1465 189
1434 1475 189
1471 1516 189
1489 1495 189
1489 1563 189
1500 1539 189
1500 1549 189
1500 1837 189
1503 1528 189
1503 1539 189
1503 1815 189
1504 1525 189
1504 1548 189
1519 1548 189
1519 1549 189
1525 1837 189
1528 1545 189
1528 1815 189
1533 1538 189
1533 1546 189
1533 1705 189
1539 1815 189
1548 1549 189
1549 1705 189
1555 1700 189
1560 1709 189
1562 1567 189
1567 1685 189
1567 1727 189
1574 1727 189
1656 1908 189
1663 1665 189
1663 1698 189
1664 1688 189
1665 1920 189
1673 1695 189
1681 1688 189
1681 1908 189
1682 1695 189
1702 1743 189
1702 1889 189
1704 1877 189
1706 1861 189
1711 1759 189
1711 1787 189
1718 1855 189
1718 1872 189
1743 1887 189
1749 1863 189
1757 1768 189
1759 1787 189
1772 1774 189
1774 1775 189
1855 1872 189
1435 1458 190
1441 1486 190
1461 1480 190
1471 1578 190
1489 1495 190
1489 1563 190
1500 1519 190
1504 1525 190
1504 1532 190
1524 1539 190
1525 1532 190
1525 1837 190
1533 1546 190
1533 1797 190
1551 1572 190
1552 1560 190
1555 1700 190
1562 1567 190
1562 1574 190
1580 1685 190
1613 1628 190
1663 1745 190
1664 1688 190
1665 1920 190
1670 1675 190
1681 1908 190
1702 1889 190
1704 1877 190
1711 1759 190
1718 1855 190
1718 1872 190
1719 1748 190
1749 1863 190
1757 1768 190
1759 1787 190
1767 1787 190
1774 1775 190
1803 1857 190
1855 1872 190
1890 1898 190
1434 1459 191
1434 1475 191
1434 1480 191
1435 1458 191
1441 1486 191
1457 1545 191
1468 1705 191
1477 1504 191
1486 1511 191
1489 1563 191
1489 1592 191
1500 1504 191
1503 1528 191
1503 1705 191
1524 1539 191
1524 1815 191
1528 1705 191
1533 1538 191
1538 1546 191
1549 1837 191
1551 1572 191
1555 1700 191
1613 1628 191
1613 1907 191
1663 1698 191
1664 1675 191
1665 1779 191
1665 1920 191
1668 1824 191
1697 1912 191
1698 1745 191
1704 1877 191
1706 1861 191
1711 1759 191
1713 1863 191
1718 1855 191
1718 1872 191
1719 1748 191
1739 1872 191
1749 1863 191
1757 1768 191
1759 1787 191
1767 1787 191
1890 1898 191
1426 1511 192
1430 1824 192
1434 1475 192
1434 1477 192
1434 1837 192
1439 1480 192
1441 1486 192
1459 1477 192
1461 1546 192
1471 1578 192
1475 1532 192
1486 1511 192
1489 1563 192
1500 1504 192
1503 1528 192
1503 1545 192
1503 1797 192
1503 1815 192
1504 1837 192
1516 1578 192
1522 1533 192
1524 1539 192
1524 1837 192
1528 1533 192
1528 1705 192
1532 1837 192
1533 1545 192
1533 1546 192
1545 1705 192
1545 1797 192
1551 1594 192
1555 1579 192
1555 1700 192
1558 1567 192
1580 1685 192
1606 1628 192
1613 1628 192
1632 1835 192
1643 1648 192
1650 1877 192
1665 1779 192
1666 1688 192
1673 1695 192
1675 1688 192
1680 1681 192
1681 1908 192
1698 1745 192
1704 1877 192
1705 1797 192
1705 1815 192
1706 1861 192
1713 1863 192
1718 1855 192
1720 1746 192
1722 1746 192
1722 1833 192
1737 1909 192
1739 1872 192
1743 1887 192
1749 1863 192
1757 1768 192
1757 1783 192
1768 1798 192
1818 1821 192
1890 1898 192
1435 1824 193
1439 1480 193
1475 1500 193
1475 1837 193
1480 1504 193
1480 1578 193
1500 1837 193
1503 1705 193
1504 1578 193
1525 1548 193
1528 1538 193
1528 1705 193
1538 1797 193
1539 1815 193
1548 1578 193
1578 1653 193
1585 1668 193
1606 1628 193
1632 1847 193
1663 1698 193
1664 1688 193
1665 1779 193
1675 1688 193
1681 1908 193
1681 1912 193
1704 1877 193
1706 1861 193
1718 1855 193
1720 1746 193
1722 1833 193
1739 1872 193
1743 1887 193
1802 1818 193
1805 1880 193
1890 1898 193
1439 1475 194
1439 1480 194
1439 1511 194
1441 1486 194
1441 1546 194
1458 1477 194
1471 1504 194
1471 1578 194
1475 1480 194
1480 1504 194
1486 1502 194
1486 1546 194
1500 1532 194
1501 1504 194
1501 1511 194
1501 1578 194
1503 1545 194
1503 1705 194
1503 1815 194
1516 1525 194
1516 1548 194
1524 1539 194
1525 1548 194
1528 1533 194
1528 1545 194
1528 1797 194
1533 1538 194
1538 1546 194
1545 1705 194
1558 1567 194
1560 1731 194
1580 1685 194
1606 1625 194
1606 1628 194
1632 1847 194
1643 1852 194
1653 1837 194
1663 1698 194
1664 1688 194
1665 1779 194
1665 1920 194
1666 1688 194
1681 1908 194
1702 1889 194
1704 1877 194
1705 1797 194
1706 1861 194
1708 1858 194
1713 1863 194
1718 1855 194
1720 1780 194
1739 1872 194
1749 1863 194
1767 1774 194
1774 1775 194
1877 1890 194
1890 1898 194
1426 1480 195
1426 1486 195
1426 1501 195
1427 1429 195
1429 1457 195
1434 1475 195
1434 1480 195
1434 1486 195
1441 1504 195
1459 1477 195
1459 1522 195
1468 1522 195
1475 1480 195
1475 1501 195
1501 1502 195
1503 1539 195
1503 1815 195
1511 1516 195
1524 1539 195
1525 1548 195
1533 1538 195
1533 1545 195
1539 1815 195
1545 1705 195
1545 1797 195
1555 1700 195
1570 1709 195
1574 1700 195
1606 1628 195
1661 1745 195
1663 1698 195
1664 1688 195
1665 1779 195
1681 1908 195
1702 1889 195
1705 1797 195
1706 1861 195
1711 1759 195
1718 1855 195
1723 1809 195
1749 1883 195
1757 1768 195
1774 1775 195
1802 1821 195
1890 1898 195
1426 1471 196
1427 1429 196
1429 1457 196
1434 1439 196
1434 1475 196
1434 1480 196
1435 1458 196
1435 1459 196
1435 1477 196
1435 1522 196
1439 1475 196
1439 1480 196
1439 1486 196
1441 1443 196
1441 1578 196
1443 1471 196
1452 1498 196
1458 1459 196
1458 1522 196
1459 1477 196
1475 1480 196
1477 1522 196
1486 1501 196
1500 1837 196
1501 1502 196
1503 1539 196
1504 1511 196
1504 1525 196
1511 1516 196
1528 1533 196
1528 1538 196
1528 1797 196
1533 1538 196
1533 1653 196
1538 1653 196
1545 1705 196
1545 1797 196
1555 1558 196
1558 1727 196
1574 1727 196
1580 1685 196
1613 1628 196
1613 1907 196
1664 1688 196
1702 1889 196
1704 1877 196
1706 1861 196
1708 1743 196
1708 1858 196
1709 1735 196
1743 1887 196
1748 1809 196
1757 1768 196
1807 1880 196
1857 1866 196
1890 1898 196
1426 1471 197
1427 1429 197
1434 1439 197
1434 1443 197
1434 1475 197
1434 1480 197
1435 1458 197
1435 1459 197
1435 1477 197
1435 1522 197
1439 1480 197
1443 1475 197
1458 1459 197
1458 1477 197
1459 1477 197
1475 1480 197
1477 1522 197
1486 1578 197
1489 1592 197
1500 1501 197
1500 1837 197
1501 1578 197
1502 1546 197
1503 1524 197
1503 1815 197
1504 1525 197
1504 1548 197
1520 1522 197
1520 1585 197
1524 1539 197
1525 1548 197
1528 1545 197
1528 1797 197
1532 1539 197
1532 1815 197
1533 1538 197
1545 1705 197
1545 1797 197
1558 1567 197
1560 1731 197
1567 1727 197
1580 1685 197
1606 1906 197
1609 1917 197
1613 1628 197
1625 1628 197
1650 1708 197
1653 1837 197
1663 1698 197
1664 1675 197
1666 1745 197
1673 1687 197
1680 1688 197
1680 1697 197
1688 1697 197
1702 1889 197
1705 1797 197
1708 1743 197
1708 1858 197
1718 1855 197
1718 1872 197
1852 1902 197
1890 1898 197
1426 1443 198
1427 1429 198
1434 1439 198
1434 1475 198
1434 1480 198
1435 1458 198
1439 1475 198
1439 1480 198
1475 1480 198
1503 1524 198
1503 1705 198
1503 1815 198
1525 1539 198
1525 1548 198
1528 1533 198
1528 1797 198
1532 1539 198
1533 1538 198
1538 1546 198
1545 1705 198
1545 1797 198
1567 1727 198
1580 1685 198
1613 1628 198
1661 1682 198
1661 1687 198
1664 1666 198
1664 1688 198
1680 1688 198
1682 1687 198
1688 1697 198
1698 1745 198
1702 1889 198
1704 1713 198
1704 1877 198
1705 1797 198
1706 1851 198
1708 1743 198
1713 1863 198
1732 1887 198
1732 1897 198
1743 1872 198
1767 1774 198
1767 1775 198
1774 1775 198
1852 1902 198
1887 1897 198
1890 1898 198
1426 1441 199
1426 1471 199
1426 1486 199
1426 1578 199
1427 1429 199
1428 1495 199
1430 1483 199
1434 1439 199
1434 1443 199
1437 1501 199
1439 1475 199
1439 1480 199
1441 1486 199
1441 1578 199
1443 1471 199
1443 1486 199
1443 1539 199
1451 1489 199
1451 1563 199
1452 1498 199
1452 1592 199
1468 1585 199
1471 1486 199
1477 1522 199
1489 1563 199
1498 1592 199
1500 1532 199
1500 1837 199
1503 1815 199
1524 1532 199
1524 1815 199
1524 1837 199
1528 1797 199
1532 1837 199
1533 1538 199
1533 1546 199
1533 1797 199
1538 1546 199
1545 1705 199
1545 1797 199
1558 1567 199
1567 1727 199
1613 1628 199
1632 1835 199
1650 1887 199
1664 1688 199
1665 1779 199
1665 1920 199
1681 1765 199
1688 1697 199
1698 1745 199
1702 1889 199
1704 1713 199
1704 1877 199
1705 1797 199
1708 1743 199
1708 1858 199
1722 1859 199
1749 1863 199
1749 1883 199
1760 1796 199
1767 1775 199
1772 1775 199
1774 1775 199
1890 1898 199
1428 1498 200
1429 1457 200
1434 1475 200
1434 1480 200
1435 1458 200
1435 1511 200
1437 1501 200
1441 1578 200
1443 1475 200
1443 1480 200
1451 1489 200
1451 1563 200
1452 1498 200
1458 1459 200
1458 1477 200
1458 1511 200
1471 1578 200
1475 1480 200
1489 1563 200
1495 1592 200
1498 1592 200
1500 1837 200
1503 1533 200
1511 1522 200
1524 1532 200
1524 1815 200
1524 1837 200
1528 1533 200
1528 1797 200
1532 1837 200
1533 1545 200
1533 1797 200
1538 1545 200
1538 1546 200
1538 1797 200
1545 1705 200
1545 1797 200
1558 1727 200
1567 1727 200
1601 1892 200
1613 1628 200
1625 1852 200
1650 1872 200
1656 1908 200
1661 1688 200
1663 1698 200
1664 1688 200
1665 1920 200
1666 1688 200
1670 1675 200
1681 1697 200
1688 1697 200
1698 1745 200
1702 1889 200
1704 1877 200
1706 1851 200
1708 1743 200
1713 1863 200
1718 1887 200
1722 1833 200
1739 1890 200
1749 1863 200
1749 1883 200
1774 1775 200
1890 1898 200
1426 1434 201
1426 1443 201
1426 1480 201
1427 1429 201
1428 1563 201
1429 1457 201
1434 1475 201
1434 1480 201
1437 1501 201
1441 1471 201
1441 1578 201
1443 1471 201
1443 1475 201
1451 1495 201
1471 1486 201
1471 1578 201
1475 1480 201
1477 1511 201
1483 1585 201
1486 1578 201
1489 1563 201
1500 1525 201
1500 1837 201
1503 1524 201
1503 1815 201
1524 1705 201
1524 1815 201
1525 1548 201
1525 1653 201
1528 1533 201
1545 1705 201
1560 1731 201
1567 1574 201
1567 1727 201
1601 1892 201
1613 1628 201
1625 1852 201
1632 1847 201
1663 1665 201
1663 1698 201
1664 1688 201
1665 1779 201
1680 1908 201
1688 1697 201
1697 1698 201
1698 1745 201
1702 1889 201
1708 1743 201
1718 1887 201
1722 1833 201
1774 1775 201
1782 1859 201
1795 1822 201
1807 1880 201
1857 1866 201
1890 1898 201
1426 1439 202
1427 1429 202
1427 1457 202
1427 1522 202
1429 1457 202
1429 1511 202
1429 1522 202
1434 1475 202
1434 1480 202
1439 1443 202
1439 1480 202
1441 1443 202
1441 1471 202
1443 1471 202
1443 1475 202
1457 1522 202
1458 1468 202
1458 1501 202
1459 1477 202
1486 1578 202
1489 1498 202
1489 1563 202
1500 1525 202
1500 1539 202
1500 1837 202
1503 1539 202
1503 1705 202
1503 1815 202
1511 1522 202
1524 1815 202
1525 1548 202
1533 1545 202
1533 1797 202
1538 1546 202
1545 1705 202
1545 1797 202
1560 1731 202
1567 1574 202
1567 1727 202
1601 1892 202
1625 1852 202
1643 1648 202
1663 1779 202
1664 1688 202
1665 1779 202
1681 1765 202
1688 1697 202
1702 1889 202
1706 1861 202
1718 1887 202
1757 1783 202
1766 1772 202
1767 1774 202
1767 1787 202
1774 1775 202
1807 1880 202
1857 1866 202
1890 1898 202
1426 1434 203
1427 1429 203
1427 1457 203
1430 1585 203
1434 1443 203
1434 1475 203
1435 1522 203
1439 1486 203
1441 1486 203
1441 1578 203
1451 1501 203
1452 1592 203
1457 1520 203
1471 1480 203
1480 1486 203
1486 1578 203
1489 1563 203
1495 1563 203
1511 1522 203
1525 1548 203
1538 1546 203
1545 1797 203
1560 1731 203
1567 1574 203
1567 1727 203
1613 1628 203
1625 1852 203
1663 1698 203
1664 1688 203
1680 1745 203
1681 1912 203
1688 1697 203
1695 1745 203
1702 1889 203
1706 1851 203
1708 1851 203
1713 1863 203
1722 1833 203
1772 1774 203
1807 1880 203
1877 1890 203
1890 1898 203
1908 1912 203
1426 1439 204
1426 1443 204
1426 1471 204
1427 1429 204
1430 1468 204
1439 1443 204
1441 1486 204
1441 1578 204
1451 1501 204
1468 1520 204
1471 1486 204
1486 1578 204
1489 1495 204
1489 1563 204
1495 1563 204
1498 1511 204
1498 1585 204
1522 1592 204
1525 1548 204
1560 1731 204
1567 1574 204
1567 1727 204
1601 1892 204
1613 1628 204
1613 1852 204
1661 1684 204
1663 1665 204
1663 1698 204
1665 1920 204
1666 1684 204
1666 1688 204
1666 1695 204
1681 1765 204
1681 1912 204
1704 1877 204
1706 1851 204
1709 1735 204
1722 1833 204
1757 1783 204
1759 1767 204
1772 1774 204
1795 1822 204
1831 1888 204
1865 1880 204
1872 1887 204
1890 1898 204
1427 1457 205
1429 1489 205
1429 1563 205
1434 1475 205
1437 1451 205
1439 1480 205
1439 1578 205
1441 1480 205
1441 1578 205
1451 1501 205
1489 1563 205
1495 1520 205
1498 1511 205
1525 1548 205
1528 1546 205
1528 1705 205
1533 1538 205
1533 1546 205
1538 1546 205
1545 1797 205
1546 1797 205
1558 1731 205
1567 1574 205
1567 1727 205
1580 1685 205
1613 1628 205
1613 1852 205
1680 1908 205
1681 1908 205
1681 1912 205
1682 1687 205
1685 1731 205
1695 1745 205
1697 1912 205
1698 1908 205
1706 1851 205
1718 1855 205
1727 1731 205
1748 1780 205
1757 1783 205
1767 1774 205
1774 1775 205
1819 1865 205
1831 1888 205
1429 1489 206
1429 1563 206
1434 1475 206
1437 1451 206
1437 1501 206
1439 1443 206
1441 1578 206
1451 1501 206
1452 1592 206
1471 1809 206
1489 1563 206
1495 1520 206
1498 1516 206
1503 1539 206
1503 1815 206
1504 1525 206
1504 1705 206
1545 1797 206
1558 1731 206
1562 1567 206
1562 1574 206
1564 1570 206
1567 1685 206
1613 1628 206
1625 1852 206
1628 1852 206
1673 1687 206
1675 1908 206
1702 1889 206
1706 1851 206
1767 1774 206
1767 1787 206
1774 1775 206
1818 1821 206
1831 1888 206
1427 1457 207
1428 1468 207
1429 1502 207
1430 1477 207
1437 1451 207
1437 1489 207
1439 1471 207
1443 1471 207
1443 1486 207
1443 1578 207
1451 1501 207
1452 1592 207
1471 1578 207
1477 1511 207
1477 1585 207
1486 1578 207
1489 1495 207
1495 1520 207
1495 1532 207
1503 1815 207
1511 1585 207
1525 1548 207
1525 1837 207
1533 1539 207
1533 1815 207
1538 1705 207
1545 1797 207
1555 1700 207
1558 1567 207
1558 1727 207
1562 1567 207
1567 1727 207
1613 1628 207
1661 1684 207
1661 1695 207
1663 1665 207
1664 1688 207
1665 1920 207
1666 1695 207
1680 1908 207
1681 1908 207
1702 1889 207
1706 1851 207
1739 1877 207
1746 1748 207
1752 1764 207
1759 1787 207
1763 1833 207
1768 1796 207
1768 1798 207
1774 1775 207
1818 1821 207
1831 1888 207
1852 1907 207
1865 1880 207
1426 1471 208
1426 1578 208
1427 1457 208
1427 1502 208
1428 1468 208
1437 1489 208
1437 1563 208
1439 1471 208
1439 1480 208
1439 1578 208
1443 1578 208
1451 1501 208
1452 1592 208
1471 1480 208
1480 1578 208
1489 1495 208
1489 1503 208
1489 1563 208
1495 1520 208
1500 1525 208
1500 1532 208
1503 1533 208
1503 1815 208
1525 1532 208
1525 1548 208
1525 1837 208
1532 1548 208
1532 1837 208
1533 1539 208
1555 1700 208
1558 1567 208
1558 1727 208
1562 1574 208
1567 1574 208
1613 1628 208
1653 1668 208
1663 1698 208
1665 1920 208
1666 1695 208
1681 1908 208
1681 1912 208
1700 1709 208
1702 1889 208
1706 1851 208
1708 1743 208
1709 1735 208
1718 1887 208
1722 1833 208
1757 1783 208
1767 1774 208
1774 1775 208
1831 1888 208
1855 1872 208
1865 1880 208
1877 1890 208
1890 1898 208
1426 1471 209
1427 1429 209
1427 1457 209
1427 1502 209
1429 1502 209
1435 1458 209
1435 1548 209
1437 1489 209
1437 1563 209
1439 1471 209
1439 1480 209
1451 1501 209
1452 1498 209
1452 1592 209
1458 1498 209
1458 1592 209
1459 1504 209
1459 1592 209
1471 1480 209
1477 1511 209
1483 1516 209
1489 1503 209
1489 1563 209
1495 1520 209
1498 1511 209
1503 1539 209
1516 1539 209
1538 1705 209
1545 1797 209
1555 1700 209
1574 1707 209
1656 1908 209
1663 1698 209
1665 1920 209
1666 1695 209
1675 1908 209
1680 1908 209
1681 1697 209
1697 1912 209
1700 1709 209
1702 1889 209
1704 1877 209
1706 1861 209
1718 1872 209
1722 1833 209
1737 1780 209
1743 1887 209
1752 1759 209
1759 1767 209
1759 1787 209
1767 1774 209
1767 1787 209
1774 1775 209
1818 1821 209
1831 1888 209
1858 1890 209
1865 1880 209
1890 1898 209
1427 1429 210
1427 1502 210
1427 1522 210
1429 1502 210
1437 1489 210
1437 1563 210
1439 1480 210
1441 1486 210
1451 1501 210
1452 1458 210
1452 1592 210
1459 1498 210
1477 1511 210
1483 1585 210
1489 1563 210
1495 1520 210
1500 1837 210
1502 1522 210
1504 1538 210
1504 1705 210
1525 1548 210
1538 1705 210
1545 1797 210
1548 1837 210
1552 1555 210
1555 1700 210
1555 1712 210
1558 1567 210
1562 1574 210
1570 1712 210
1574 1735 210
1603 1922 210
1663 1665 210
1663 1698 210
1666 1695 210
1685 1731 210
1697 1908 210
1702 1889 210
1704 1877 210
1706 1861 210
1709 1735 210
1713 1863 210
1718 1855 210
1718 1872 210
1722 1833 210
1732 1897 210
1748 1782 210
1749 1883 210
1759 1767 210
1774 1775 210
1831 1888 210
1855 1872 210
1865 1880 210
1426 1458 211
1427 1429 211
1428 1585 211
1429 1502 211
1434 1475 211
1435 1592 211
1437 1489 211
1437 1563 211
1443 1475 211
1451 1501 211
1452 1522 211
1452 1592 211
1459 1477 211
1459 1522 211
1477 1522 211
1489 1563 211
1495 1520 211
1500 1525 211
1500 1548 211
1500 1837 211
1503 1533 211
1503 1539 211
1511 1522 211
1525 1546 211
1525 1837 211
1528 1538 211
1532 1837 211
1533 1539 211
1538 1705 211
1558 1567 211
1558 1685 211
1570 1712 211
1603 1922 211
1663 1698 211
1666 1687 211
1666 1695 211
1697 1908 211
1700 1712 211
1702 1889 211
1704 1877 211
1706 1851 211
1708 1743 211
1708 1858 211
1713 1863 211
1727 1735 211
1732 1897 211
1737 1738 211
1737 1780 211
1743 1877 211
1743 1887 211
1802 1803 211
1831 1888 211
1855 1872 211
1865 1880 211
1872 1877 211
1434 1475 212
1435 1522 212
1437 1489 212
1437 1563 212
1451 1501 212
1452 1511 212
1461 1480 212
1489 1503 212
1489 1563 212
1495 1520 212
1500 1525 212
1503 1539 212
1503 1815 212
1511 1522 212
1525 1548 212
1525 1815 212
1532 1837 212
1538 1705 212
1558 1567 212
1574 1707 212
1628 1852 212
1650 1851 212
1663 1665 212
1663 1698 212
1666 1695 212
1697 1912 212
1702 1718 212
1702 1889 212
1706 1851 212
1706 1861 212
1718 1749 212
1718 1889 212
1737 1780 212
1759 1767 212
1764 1770 212
1768 1798 212
1831 1888 212
1851 1858 212
1865 1880 212
1427 1429 213
1434 1459 213
1435 1592 213
1437 1489 213
1437 1563 213
1439 1459 213
1441 1452 213
1441 1475 213
1451 1501 213
1452 1486 213
1452 1498 213
1452 1511 213
1459 1498 213
1461 1480 213
1471 1486 213
1483 1516 213
1486 1498 213
1486 1511 213
1489 1563 213
1498 1511 213
1500 1546 213
1503 1815 213
1532 1837 213
1539 1815 213
1558 1567 213
1567 1685 213
1613 1628 213
1613 1907 213
1650 1706 213
1650 1743 213
1650 1851 213
1650 1877 213
1666 1695 213
1681 1697 213
1681 1912 213
1697 1912 213
1702 1889 213
1706 1718 213
1706 1861 213
1706 1877 213
1718 1877 213
1757 1783 213
1759 1767 213
1768 1792 213
1778 1792 213
1783 1798 213
1831 1888 213
1851 1877 213
1865 1880 213
1890 1898 213
1426 1516 214
1427 1502 214
1429 1502 214
1431 1453 214
1434 1837 214
1435 1475 214
1437 1563 214
1439 1498 214
1443 1489 214
1451 1501 214
1461 1480 214
1468 1533 214
1471 1511 214
1475 1498 214
1475 1511 214
1483 1516 214
1489 1495 214
1498 1511 214
1498 1578 214
1500 1532 214
1503 1815 214
1511 1578 214
1525 1532 214
1558 1567 214
1613 1628 214
1650 1858 214
1663 1698 214
1665 1779 214
1681 1912 214
1697 1912 214
1698 1745 214
1702 1889 214
1706 1718 214
1706 1861 214
1710 1883 214
1718 1743 214
1718 1851 214
1718 1877 214
1722 1833 214
1746 1809 214
1757 1792 214
1759 1767 214
1767 1787 214
1768 1783 214
1783 1798 214
1831 1888 214
1851 1877 214
1865 1880 214
1887 1889 214
1427 1522 215
1429 1457 215
1429 1477 215
1430 1585 215
1431 1465 215
1435 1471 215
1435 1578 215
1441 1578 215
1451 1501 215
1452 1578 215
1461 1480 215
1468 1516 215
1486 1502 215
1495 1520 215
1502 1511 215
1502 1578 215
1503 1815 215
1504 1533 215
1532 1837 215
1552 1579 215
1558 1567 215
1613 1628 215
1650 1706 215
1650 1718 215
1650 1858 215
1650 1877 215
1663 1665 215
1663 1698 215
1666 1695 215
1680 1688 215
1681 1765 215
1702 1889 215
1706 1851 215
1718 1851 215
1732 1889 215
1757 1783 215
1757 1792 215
1768 1783 215
1831 1888 215
1865 1880 215
1911 1916 215
1427 1429 216
1427 1434 216
1427 1441 216
1427 1502 216
1429 1502 216
1434 1578 216
1435 1475 216
1437 1489 216
1437 1563 216
1441 1452 216
1457 1477 216
1457 1498 216
1459 1578 216
1461 1480 216
1468 1525 216
1471 1475 216
1486 1578 216
1489 1563 216
1498 1502 216
1500 1837 216
1502 1578 216
1503 1815 216
1504 1538 216
1504 1705 216
1519 1533 216
1525 1563 216
1525 1837 216
1533 1837 216
1538 1705 216
1558 1567 216
1613 1628 216
1663 1665 216
1663 1698 216
1698 1745 216
1706 1851 216
1706 1861 216
1722 1833 216
1737 1780 216
1831 1888 216
1427 1429 217
1428 1520 217
1429 1502 217
1430 1431 217
1431 1465 217
1434 1475 217
1437 1489 217
1437 1501 217
1437 1563 217
1439 1486 217
1443 1493 217
1452 1502 217
1461 1480 217
1468 1493 217
1477 1522 217
1489 1495 217
1489 1563 217
1500 1525 217
1500 1532 217
1500 1837 217
1503 1815 217
1525 1837 217
1532 1548 217
1533 1837 217
1538 1705 217
1539 1815 217
1558 1567 217
1613 1628 217
1663 1665 217
1663 1698 217
1665 1779 217
1697 1745 217
1704 1877 217
1718 1872 217
1743 1887 217
1759 1787 217
1831 1888 217
1883 1897 217
1427 1511 218
1437 1563 218
1439 1486 218
1443 1493 218
1459 1522 218
1461 1480 218
1465 1480 218
1471 1475 218
1471 1592 218
1475 1578 218
1486 1502 218
1486 1578 218
1489 1495 218
1500 1525 218
1500 1837 218
1501 1563 218
1503 1539 218
1503 1815 218
1524 1815 218
1525 1837 218
1532 1548 218
1539 1815 218
1548 1837 218
1558 1567 218
1574 1700 218
1613 1628 218
1681 1765 218
1697 1745 218
1704 1877 218
1706 1851 218
1737 1780 218
1759 1787 218
1760 1770 218
1831 1888 218
1427 1486 219
1427 1578 219
1428 1520 219
1429 1465 219
1429 1495 219
1431 1457 219
1434 1459 219
1434 1511 219
1434 1522 219
1437 1563 219
1441 1459 219
1441 1502 219
1441 1522 219
1443 1493 219
1459 1522 219
1461 1480 219
1477 1498 219
1477 1511 219
1479 1495 219
1486 1498 219
1500 1525 219
1500 1548 219
1500 1837 219
1503 1539 219
1503 1815 219
1511 1578 219
1511 1592 219
1525 1548 219
1525 1837 219
1532 1548 219
1538 1837 219
1539 1815 219
1551 1712 219
1558 1567 219
1567 1700 219
1570 1685 219
1574 1735 219
1578 1592 219
1613 1628 219
1663 1698 219
1663 1745 219
1681 1765 219
1681 1908 219
1704 1877 219
1718 1887 219
1722 1833 219
1737 1780 219
1749 1863 219
1759 1787 219
1831 1888 219
1852 1919 219
1426 1468 220
1427 1431 220
1427 1465 220
1427 1475 220
1427 1578 220
1429 1471 220
1429 1475 220
1429 1578 220
1431 1465 220
1435 1452 220
1435 1477 220
1437 1482 220
1437 1563 220
1443 1493 220
1459 1477 220
1459 1498 220
1459 1502 220
1459 1522 220
1471 1511 220
1479 1511 220
1482 1563 220
1486 1511 220
1489 1815 220
1493 1502 220
1498 1522 220
1503 1815 220
1538 1705 220
1548 1815 220
1552 1555 220
1567 1727 220
1570 1685 220
1570 1709 220
1604 1852 220
1604 1919 220
1613 1628 220
1613 1907 220
1663 1665 220
1663 1698 220
1666 1695 220
1681 1908 220
1704 1877 220
1706 1743 220
1706 1861 220
1708 1858 220
1718 1887 220
1749 1863 220
1759 1787 220
1801 1822 220
1831 1888 220
1426 1430 221
1427 1465 221
1427 1471 221
1428 1585 221
1429 1578 221
1430 1461 221
1430 1468 221
1431 1502 221
1437 1482 221
1437 1563 221
1439 1457 221
1451 1501 221
1458 1653 221
1461 1480 221
1465 1475 221
1468 1516 221
1475 1578 221
1477 1511 221
1482 1563 221
1495 1578 221
1498 1578 221
1500 1525 221
1500 1837 221
1503 1532 221
1516 1585 221
1524 1815 221
1525 1815 221
1525 1837 221
1548 1815 221
1552 1555 221
1558 1731 221
1570 1685 221
1613 1628 221
1650 1706 221
1663 1665 221
1666 1695 221
1681 1912 221
1700 1707 221
1704 1877 221
1718 1855 221
1718 1887 221
1727 1731 221
1749 1863 221
1759 1767 221
1759 1787 221
1768 1796 221
1831 1888 221
1890 1898 221
1427 1431 222
1429 1434 222
1429 1502 222
1430 1520 222
1431 1457 222
1434 1502 222
1437 1489 222
1437 1563 222
1439 1465 222
1451 1461 222
1451 1501 222
1457 1475 222
1465 1477 222
1468 1525 222
1471 1477 222
1471 1592 222
1489 1563 222
1503 1532 222
1503 1815 222
1516 1585 222
1532 1815 222
1539 1815 222
1548 1815 222
1551 1709 222
1555 1685 222
1574 1700 222
1574 1707 222
1613 1628 222
1613 1907 222
1685 1712 222
1688 1745 222
1702 1887 222
1702 1889 222
1706 1861 222
1718 1887 222
1719 1748 222
1743 1887 222
1757 1783 222
1759 1787 222
1760 1768 222
1772 1774 222
1831 1888 222
1883 1897 222
1427 1431 223
1427 1475 223
1428 1461 223
1428 1563 223
1429 1465 223
1429 1477 223
1429 1511 223
1437 1489 223
1437 1563 223
1439 1477 223
1439 1479 223
1451 1501 223
1452 1458 223
1452 1493 223
1452 1578 223
1458 1578 223
1461 1522 223
1468 1516 223
1468 1532 223
1468 1837 223
1503 1524 223
1503 1539 223
1503 1815 223
1504 1705 223
1525 1532 223
1525 1585 223
1525 1815 223
1551 1562 223
1552 1555 223
1562 1570 223
1574 1700 223
1585 1815 223
1613 1628 223
1617 1911 223
1632 1835 223
1663 1698 223
1681 1908 223
1687 1695 223
1695 1745 223
1702 1889 223
1704 1877 223
1706 1861 223
1708 1743 223
1709 1712 223
1709 1735 223
1718 1887 223
1759 1787 223
1760 1768 223
1831 1888 223
1429 1431 224
1429 1457 224
1430 1520 224
1431 1457 224
1431 1465 224
1435 1471 224
1437 1489 224
1437 1563 224
1439 1486 224
1443 1501 224
1458 1477 224
1458 1592 224
1461 1480 224
1475 1502 224
1477 1592 224
1489 1563 224
1489 1585 224
1500 1548 224
1500 1585 224
1503 1539 224
1503 1815 224
1504 1705 224
1524 1539 224
1528 1585 224
1532 1548 224
1532 1837 224
1539 1815 224
1545 1797 224
1551 1564 224
1551 1570 224
1551 1712 224
1552 1555 224
1558 1567 224
1562 1570 224
1562 1727 224
1567 1727 224
1570 1709 224
1570 1712 224
1572 1580 224
1574 1707 224
1613 1628 224
1617 1911 224
1632 1835 224
1663 1665 224
1663 1698 224
1664 1696 224
1673 1687 224
1698 1920 224
1702 1889 224
1708 1743 224
1759 1787 224
1760 1768 224
1831 1888 224
1865 1892 224
1427 1465 225
1427 1475 225
1429 1489 225
1430 1468 225
1431 1465 225
1431 1592 225
1435 1498 225
1437 1489 225
1437 1563 225
1443 1501 225
1451 1461 225
1451 1501 225
1452 1525 225
1452 1532 225
1453 1457 225
1461 1480 225
1482 1592 225
1483 1500 225
1498 1522 225
1500 1525 225
1503 1524 225
1503 1539 225
1503 1815 225
1524 1539 225
1524 1815 225
1525 1532 225
1539 1815 225
1548 1837 225
1555 1700 225
1562 1727 225
1570 1712 225
1574 1707 225
1613 1628 225
1632 1835 225
1670 1675 225
1684 1698 225
1697 1745 225
1757 1761 225
1757 1783 225
1759 1787 225
1760 1768 225
1760 1798 225
1831 1888 225
1426 1468 226
1427 1458 226
1427 1592 226
1429 1489 226
1431 1457 226
1439 1452 226
1439 1486 226
1439 1493 226
1451 1501 226
1453 1457 226
1458 1592 226
1461 1480 226
1500 1528 226
1500 1532 226
1500 1548 226
1501 1502 226
1503 1524 226
1503 1539 226
1503 1815 226
1519 1533 226
1524 1539 226
1525 1837 226
1532 1548 226
1551 1712 226
1555 1685 226
1558 1727 226
1562 1707 226
1613 1628 226
1632 1835 226
1643 1648 226
1653 1668 226
1663 1698 226
1665 1698 226
1673 1695 226
1681 1912 226
1682 1695 226
1695 1745 226
1702 1889 226
1706 1851 226
1727 1731 226
1737 1909 226
1749 1883 226
1759 1767 226
1759 1787 226
1760 1768 226
1760 1798 226
1768 1796 226
1772 1775 226
1801 1909 226
1831 1888 226
1877 1890 226
1426 1430 227
1428 1468 227
1428 1528 227
1430 1500 227
1430 1837 227
1431 1471 227
1437 1489 227
1437 1578 227
1439 1475 227
1451 1501 227
1451 1502 227
1453 1457 227
1458 1592 227
1475 1477 227
1477 1482 227
1477 1486 227
1493 1532 227
1493 1592 227
1498 1532 227
1500 1585 227
1501 1502 227
1503 1815 227
1516 1520 227
1525 1837 227
1551 1712 227
1555 1558 227
1555 1700 227
1558 1700 227
1560 1594 227
1560 1727 227
1613 1628 227
1643 1648 227
1656 1675 227
1661 1682 227
1663 1665 227
1663 1698 227
1666 1684 227
1673 1695 227
1682 1695 227
1697 1912 227
1702 1889 227
1704 1877 227
1711 1764 227
1727 1731 227
1759 1767 227
1759 1787 227
1760 1768 227
1767 1787 227
1768 1796 227
1831 1888 227
1890 1898 227
1911 1916 227
1427 1431 228
1429 1489 228
1431 1465 228
1435 1578 228
1437 1563 228
1441 1477 228
1441 1522 228
1451 1501 228
1452 1578 228
1453 1457 228
1458 1482 228
1459 1498 228
1459 1522 228
1477 1498 228
1480 1502 228
1486 1498 228
1500 1525 228
1500 1532 228
1500 1585 228
1500 1837 228
1504 1533 228
1525 1837 228
1532 1837 228
1555 1727 228
1558 1574 228
1558 1700 228
1558 1707 228
1560 1594 228
1574 1700 228
1656 1908 228
1661 1682 228
1663 1698 228
1673 1695 228
1675 1908 228
1680 1688 228
1680 1908 228
1681 1908 228
1682 1695 228
1697 1912 228
1700 1707 228
1702 1889 228
1706 1708 228
1711 1787 228
1718 1855 228
1727 1731 228
1737 1909 228
1759 1787 228
1760 1768 228
1911 1916 228
1426 1837 229
1429 1489 229
1430 1548 229
1431 1471 229
1434 1475 229
1437 1439 229
1437 1563 229
1441 1477 229
1451 1501 229
1453 1457 229
1457 1482 229
1459 1465 229
1459 1486 229
1459 1498 229
1477 1479 229
1477 1511 229
1480 1502 229
1498 1522 229
1498 1563 229
1503 1815 229
1504 1549 229
1516 1532 229
1533 1546 229
1539 1815 229
1551 1555 229
1551 1570 229
1572 1685 229
1574 1700 229
1580 1685 229
1585 1837 229
1616 1648 229
1617 1916 229
1656 1674 229
1663 1698 229
1663 1920 229
1668 1824 229
1680 1912 229
1681 1908 229
1681 1912 229
1697 1912 229
1718 1855 229
1727 1731 229
1732 1897 229
1759 1787 229
1760 1768 229
1766 1774 229
1831 1888 229
1890 1898 229
1427 1431 230
1428 1430 230
1429 1437 230
1429 1489 230
1429 1503 230
1431 1486 230
1431 1578 230
1434 1475 230
1435 1592 230
1437 1489 230
1437 1493 230
1437 1563 230
1451 1501 230
1452 1471 230
1453 1457 230
1461 1480 230
1465 1520 230
1486 1511 230
1500 1525 230
1503 1815 230
1504 1546 230
1504 1549 230
1511 1578 230
1519 1533 230
1533 1546 230
1558 1727 230
1572 1580 230
1572 1685 230
1574 1700 230
1580 1685 230
1628 1907 230
1663 1698 230
1666 1695 230
1668 1824 230
1675 1688 230
1681 1908 230
1682 1695 230
1706 1851 230
1708 1743 230
1713 1863 230
1739 1872 230
1760 1768 230
1766 1772 230
1796 1798 230
1831 1888 230
1426 1500 231
1427 1457 231
1427 1458 231
1427 1486 231
1427 1592 231
1428 1468 231
1430 1585 231
1430 1837 231
1431 1471 231
1434 1475 231
1435 1578 231
1437 1503 231
1441 1592 231
1453 1457 231
1458 1465 231
1465 1482 231
1468 1525 231
1477 1592 231
1479 1578 231
1480 1797 231
1483 1498 231
1486 1522 231
1486 1592 231
1500 1525 231
1500 1548 231
1502 1525 231
1519 1533 231
1519 1546 231
1533 1546 231
1551 1570 231
1625 1628 231
1650 1743 231
1661 1682 231
1663 1665 231
1673 1695 231
1681 1908 231
1682 1695 231
1700 1712 231
1702 1889 231
1706 1861 231
1727 1731 231
1739 1743 231
1759 1787 231
1760 1768 231
1770 1774 231
1772 1774 231
1778 1787 231
1831 1888 231
1426 1585 232
1427 1441 232
1427 1471 232
1427 1477 232
1428 1520 232
1429 1489 232
1434 1475 232
1437 1563 232
1439 1471 232
1441 1465 232
1441 1522 232
1443 1502 232
1453 1578 232
1457 1578 232
1458 1465 232
1458 1477 232
1458 1511 232
1458 1522 232
1459 1486 232
1459 1498 232
1461 1480 232
1480 1546 232
1503 1524 232
1503 1539 232
1503 1815 232
1504 1549 232
1519 1546 232
1524 1815 232
1525 1837 232
1533 1549 232
1551 1570 232
1574 1700 232
1650 1743 232
1656 1681 232
1661 1664 232
1661 1682 232
1661 1695 232
1663 1665 232
1664 1688 232
1681 1908 232
1684 1698 232
1700 1707 232
1702 1889 232
1704 1713 232
1706 1851 232
1706 1861 232
1727 1731 232
1739 1858 232
1757 1783 232
1759 1787 232
1760 1768 232
1767 1787 232
1426 1483 233
1426 1525 233
1426 1528 233
1427 1486 233
1428 1500 233
1428 1837 233
1429 1489 233
1431 1437 233
1437 1457 233
1437 1563 233
1452 1459 233
1453 1578 233
1457 1563 233
1457 1578 233
1459 1498 233
1461 1480 233
1468 1548 233
1479 1511 233
1483 1837 233
1500 1525 233
1500 1837 233
1503 1524 233
1503 1539 233
1503 1815 233
1504 1511 233
1533 1549 233
1539 1815 233
1574 1700 233
1574 1707 233
1613 1628 233
1625 1628 233
1632 1835 233
1663 1665 233
1663 1698 233
1664 1684 233
1664 1695 233
1664 1908 233
1681 1908 233
1682 1695 233
1684 1745 233
1684 1908 233
1702 1889 233
1708 1743 233
1737 1909 233
1760 1768 233
1761 1783 233
1819 1831 233
1831 1888 233
1426 1500 234
1426 1525 234
1426 1528 234
1426 1837 234
1428 1585 234
1429 1453 234
1429 1489 234
1430 1585 234
1430 1837 234
1431 1452 234
1431 1465 234
1434 1475 234
1437 1457 234
1437 1563 234
1439 1578 234
1451 1501 234
1453 1489 234
1457 1563 234
1461 1480 234
1468 1500 234
1468 1585 234
1475 1504 234
1482 1511 234
1500 1525 234
1500 1837 234
1503 1815 234
1511 1578 234
1524 1815 234
1539 1815 234
1603 1922 234
1617 1852 234
1625 1628 234
1663 1665 234
1663 1698 234
1664 1745 234
1664 1908 234
1666 1675 234
1675 1688 234
1680 1688 234
1684 1908 234
1702 1889 234
1704 1713 234
1704 1877 234
1708 1858 234
1720 1909 234
1739 1872 234
1745 1908 234
1757 1761 234
1757 1783 234
1760 1768 234
1778 1792 234
1831 1888 234
1852 1911 234
1427 1431 235
1427 1452 235
1428 1520 235
1429 1453 235
1429 1489 235
1431 1486 235
1431 1511 235
1434 1475 235
1435 1439 235
1435 1482 235
1435 1486 235
1435 1578 235
1437 1563 235
1439 1482 235
1453 1489 235
1458 1477 235
1461 1480 235
1500 1525 235
1500 1837 235
1501 1503 235
1503 1815 235
1504 1705 235
1519 1533 235
1519 1549 235
1533 1549 235
1603 1922 235
1613 1628 235
1625 1628 235
1661 1682 235
1661 1908 235
1664 1680 235
1664 1688 235
1664 1697 235
1664 1745 235
1666 1698 235
1675 1908 235
1680 1688 235
1680 1908 235
1698 1745 235
1704 1713 235
1706 1851 235
1708 1858 235
1727 1731 235
1757 1768 235
1757 1783 235
1760 1768 235
1761 1783 235
1764 1787 235
1767 1787 235
1831 1888 235
1852 1911 235
1426 1585 236
1427 1431 236
1427 1465 236
1431 1465 236
1431 1578 236
1434 1475 236
1443 1502 236
1452 1493 236
1452 1578 236
1452 1592 236
1457 1503 236
1458 1486 236
1461 1480 236
1479 1498 236
1482 1493 236
1482 1592 236
1498 1578 236
1503 1539 236
1503 1815 236
1519 1549 236
1528 1837 236
1532 1548 236
1533 1549 236
1539 1815 236
1574 1700 236
1613 1628 236
1613 1907 236
1625 1628 236
1661 1666 236
1661 1682 236
1675 1680 236
1680 1688 236
1682 1745 236
1702 1889 236
1706 1851 236
1706 1887 236
1727 1731 236
1759 1767 236
1767 1787 236
1774 1787 236
1831 1888 236
1851 1887 236
1852 1911 236
1887 1889 236
1427 1471 237
1428 1500 237
1429 1457 237
1429 1489 237
1431 1465 237
1431 1578 237
1434 1475 237
1435 1477 237
1437 1563 237
1443 1502 237
1452 1482 237
1452 1592 237
1453 1471 237
1457 1489 237
1459 1479 237
1461 1480 237
1461 1532 237
1471 1592 237
1480 1532 237
1486 1563 237
1498 1522 237
1500 1525 237
1503 1539 237
1503 1815 237
1511 1592 237
1519 1549 237
1525 1532 237
1528 1585 237
1533 1549 237
1539 1815 237
1572 1580 237
1613 1628 237
1613 1907 237
1625 1628 237
1661 1666 237
1661 1682 237
1661 1695 237
1664 1684 237
1664 1688 237
1668 1824 237
1680 1745 237
1680 1908 237
1682 1695 237
1702 1889 237
1706 1851 237
1713 1863 237
1718 1887 237
1727 1731 237
1749 1883 237
1760 1796 237
1760 1798 237
1761 1783 237
1764 1787 237
1805 1819 237
1831 1888 237
1851 1887 237
1426 1428 238
1429 1457 238
1434 1475 238
1437 1563 238
1452 1511 238
1453 1457 238
1458 1585 238
1465 1486 238
1471 1578 238
1471 1592 238
1477 1486 238
1489 1563 238
1500 1528 238
1500 1837 238
1503 1539 238
1503 1815 238
1519 1549 238
1532 1837 238
1533 1549 238
1539 1815 238
1551 1570 238
1580 1685 238
1625 1628 238
1641 1852 238
1661 1682 238
1663 1665 238
1664 1675 238
1664 1908 238
1665 1920 238
1668 1824 238
1702 1889 238
1706 1851 238
1706 1861 238
1727 1731 238
1760 1768 238
1831 1888 238
1851 1861 238
1426 1428 239
1429 1431 239
1429 1453 239
1431 1493 239
1434 1475 239
1435 1452 239
1435 1477 239
1437 1482 239
1437 1502 239
1443 1563 239
1452 1477 239
1453 1493 239
1458 1511 239
1459 1495 239
1465 1493 239
1482 1502 239
1482 1563 239
1500 1511 239
1503 1539 239
1503 1815 239
1516 1585 239
1519 1549 239
1533 1549 239
1538 1705 239
1551 1570 239
1579 1700 239
1625 1628 239
1641 1852 239
1656 1908 239
1661 1682 239
1663 1665 239
1664 1680 239
1664 1908 239
1673 1695 239
1675 1680 239
1680 1688 239
1680 1908 239
1702 1889 239
1718 1887 239
1719 1748 239
1727 1731 239
1732 1897 239
1760 1768 239
1768 1783 239
1831 1888 239
1426 1837 240
1428 1430 240
1428 1520 240
1431 1453 240
1431 1457 240
1431 1465 240
1431 1493 240
1434 1475 240
1435 1477 240
1437 1453 240
1437 1493 240
1437 1563 240
1451 1501 240
1452 1471 240
1461 1480 240
1489 1563 240
1500 1525 240
1503 1539 240
1503 1815 240
1516 1520 240
1528 1837 240
1532 1837 240
1533 1549 240
1538 1705 240
1539 1815 240
1567 1707 240
1613 1628 240
1613 1907 240
1625 1628 240
1661 1682 240
1661 1695 240
1663 1665 240
1664 1666 240
1664 1675 240
1664 1680 240
1666 1745 240
1680 1688 240
1680 1745 240
1688 1912 240
1704 1877 240
1706 1851 240
1718 1887 240
1727 1731 240
1739 1872 240
1760 1798 240
1767 1787 240
1774 1787 240
1831 1888 240
1851 1889 240
1877 1890 240
1426 1452 241
1426 1585 241
1428 1837 241
1429 1457 241
1429 1489 241
1429 1815 241
1430 1837 241
1431 1465 241
1434 1475 241
1437 1489 241
1437 1563 241
1439 1465 241
1443 1493 241
1451 1501 241
1452 1528 241
1453 1457 241
1468 1500 241
1482 1815 241
1489 1493 241
1489 1563 241
1500 1525 241
1500 1528 241
1503 1815 241
1511 1525 241
1525 1528 241
1525 1837 241
1528 1532 241
1533 1549 241
1538 1705 241
1539 1815 241
1555 1685 241
1604 1916 241
1625 1628 241
1661 1666 241
1661 1682 241
1663 1665 241
1663 1698 241
1663 1745 241
1664 1675 241
1673 1695 241
1684 1688 241
1695 1745 241
1697 1912 241
1706 1851 241
1706 1861 241
1708 1858 241
1718 1855 241
1719 1748 241
1727 1731 241
1748 1782 241
1760 1768 241
1761 1783 241
1767 1775 241
1775 1787 241
1831 1888 241
1427 1498 242
1428 1520 242
1429 1431 242
1434 1475 242
1435 1592 242
1437 1563 242
1443 1493 242
1452 1498 242
1452 1592 242
1453 1457 242
1458 1498 242
1461 1480 242
1475 1522 242
1498 1578 242
1500 1532 242
1500 1837 242
1503 1539 242
1503 1815 242
1528 1532 242
1528 1837 242
1533 1549 242
1539 1815 242
1545 1546 242
1546 1797 242
1555 1685 242
1578 1592 242
1580 1727 242
1585 1837 242
1616 1648 242
1661 1666 242
1661 1682 242
1663 1665 242
1664 1675 242
1666 1745 242
1684 1688 242
1695 1745 242
1702 1889 242
1704 1713 242
1706 1861 242
1718 1855 242
1743 1872 242
1757 1783 242
1760 1768 242
1761 1783 242
1766 1772 242
1767 1787 242
1775 1787 242
1831 1888 242
1852 1916 242
1426 1489 243
1428 1548 243
1429 1465 243
1429 1498 243
1431 1458 243
1434 1475 243
1437 1563 243
1437 1585 243
1439 1479 243
1443 1493 243
1452 1459 243
1452 1522 243
1457 1502 243
1458 1498 243
1458 1592 243
1459 1486 243
1461 1480 243
1482 1578 243
1489 1528 243
1503 1815 243
1525 1528 243
1528 1837 243
1533 1546 243
1533 1549 243
1555 1685 243
1563 1585 243
1661 1682 243
1663 1665 243
1664 1666 243
1664 1675 243
1684 1688 243
1702 1889 243
1704 1877 243
1706 1851 243
1746 1833 243
1760 1768 243
1761 1783 243
1767 1787 243
1831 1888 243
1852 1916 243
1426 1428 244
1426 1516 244
1426 1585 244
1428 1528 244
1429 1431 244
1431 1453 244
1434 1475 244
1435 1592 244
1437 1563 244
1439 1458 244
1441 1459 244
1441 1486 244
1443 1489 244
1443 1493 244
1451 1501 244
1452 1479 244
1457 1498 244
1458 1498 244
1461 1480 244
1471 1592 244
1477 1511 244
1489 1493 244
1493 1837 244
1500 1585 244
1503 1815 244
1511 1522 244
1511 1578 244
1532 1548 244
1533 1546 244
1539 1815 244
1555 1685 244
1625 1628 244
1661 1666 244
1661 1682 244
1661 1695 244
1664 1666 244
1664 1675 244
1665 1779 244
1675 1680 244
1680 1688 244
1680 1908 244
1684 1688 244
1704 1877 244
1706 1861 244
1718 1887 244
1739 1872 244
1743 1887 244
1760 1768 244
1760 1798 244
1767 1775 244
1831 1888 244
1426 1837 245
1429 1431 245
1429 1465 245
1431 1465 245
1434 1475 245
1437 1525 245
1437 1563 245
1443 1489 245
1443 1493 245
1458 1578 245
1461 1480 245
1471 1592 245
1477 1498 245
1482 1498 245
1489 1493 245
1498 1522 245
1500 1516 245
1502 1511 245
1502 1578 245
1503 1539 245
1503 1815 245
1524 1815 245
1532 1548 245
1533 1546 245
1539 1815 245
1545 1797 245
1555 1685 245
1625 1628 245
1625 1852 245
1628 1852 245
1632 1835 245
1661 1666 245
1661 1682 245
1661 1695 245
1663 1779 245
1664 1675 245
1666 1745 245
1706 1851 245
1706 1861 245
1718 1887 245
1722 1833 245
1739 1872 245
1760 1768 245
1760 1798 245
1768 1798 245
1831 1888 245
1427 1457 246
1428 1520 246
1429 1431 246
1429 1452 246
1431 1452 246
1431 1465 246
1434 1475 246
1437 1563 246
1439 1511 246
1443 1489 246
1452 1498 246
1452 1511 246
1461 1480 246
1477 1479 246
1486 1498 246
1498 1522 246
1500 1516 246
1500 1525 246
1500 1837 246
1511 1578 246
1516 1528 246
1516 1585 246
1525 1837 246
1528 1548 246
1532 1837 246
1613 1852 246
1625 1852 246
1630 1892 246
1661 1682 246
1661 1695 246
1663 1665 246
1666 1695 246
1668 1824 246
1704 1877 246
1706 1851 246
1708 1743 246
1718 1887 246
1739 1872 246
1743 1887 246
1760 1768 246
1760 1798 246
1768 1798 246
1770 1774 246
1831 1888 246
1426 1528 247
1426 1837 247
1431 1465 247
1431 1592 247
1434 1475 247
1435 1578 247
1437 1452 247
1437 1498 247
1437 1563 247
1443 1493 247
1452 1578 247
1457 1471 247
1457 1479 247
1457 1502 247
1458 1482 247
1459 1592 247
1461 1480 247
1465 1482 247
1477 1522 247
1479 1522 247
1489 1502 247
1493 1502 247
1500 1528 247
1500 1548 247
1500 1585 247
1500 1837 247
1503 1815 247
1525 1585 247
1528 1837 247
1532 1837 247
1533 1538 247
1562 1707 247
1578 1592 247
1606 1628 247
1613 1628 247
1630 1892 247
1661 1682 247
1666 1695 247
1675 1680 247
1682 1695 247
1708 1743 247
1739 1872 247
1757 1778 247
1757 1783 247
1759 1787 247
1760 1768 247
1760 1796 247
1760 1798 247
1768 1796 247
1768 1798 247
1831 1888 247
1426 1548 248
1426 1837 248
1431 1498 248
1434 1475 248
1437 1563 248
1451 1501 248
1458 1578 248
1459 1486 248
1461 1480 248
1468 1477 248
1468 1525 248
1477 1486 248
1482 1592 248
1493 1502 248
1498 1511 248
1503 1815 248
1516 1525 248
1525 1532 248
1528 1837 248
1532 1837 248
1533 1538 248
1548 1585 248
1548 1837 248
1630 1892 248
1656 1674 248
1661 1666 248
1661 1682 248
1663 1665 248
1663 1698 248
1664 1675 248
1666 1682 248
1666 1695 248
1680 1695 248
1681 1765 248
1682 1695 248
1704 1877 248
1739 1872 248
1743 1887 248
1760 1768 248
1760 1796 248
1831 1888 248
1428 1520 249
1428 1837 249
1431 1439 249
1434 1475 249
1437 1563 249
1439 1479 249
1441 1486 249
1443 1493 249
1443 1502 249
1451 1501 249
1452 1592 249
1457 1522 249
1461 1480 249
1493 1502 249
1498 1511 249
1503 1539 249
1503 1815 249
1511 1578 249
1511 1592 249
1516 1520 249
1516 1548 249
1528 1837 249
1539 1815 249
1562 1727 249
1578 1592 249
1630 1892 249
1663 1698 249
1665 1920 249
1668 1824 249
1675 1908 249
1681 1765 249
1682 1695 249
1704 1877 249
1737 1909 249
1743 1887 249
1749 1883 249
1757 1778 249
1759 1787 249
1774 1775 249
1831 1888 249
1877 1890 249
1426 1500 250
1426 1520 250
1426 1528 250
1426 1532 250
1427 1465 250
1427 1482 250
1428 1516 250
1434 1475 250
1437 1563 250
1443 1493 250
1443 1502 250
1461 1480 250
1493 1502 250
1500 1520 250
1511 1578 250
1520 1585 250
1525 1528 250
1528 1837 250
1532 1585 250
1539 1815 250
1562 1707 250
1567 1727 250
1570 1712 250
1585 1837 250
1650 1718 250
1650 1743 250
1650 1887 250
1661 1682 250
1661 1695 250
1663 1665 250
1663 1698 250
1680 1908 250
1695 1745 250
1737 1909 250
1743 1887 250
1749 1883 250
1760 1768 250
1760 1798 250
1774 1775 250
1831 1888 250
1426 1428 251
1426 1532 251
1426 1837 251
1427 1457 251
1427 1465 251
1428 1430 251
1428 1585 251
1429 1431 251
1429 1457 251
1429 1458 251
1430 1528 251
1430 1837 251
1431 1452 251
1431 1465 251
1431 1815 251
1434 1475 251
1435 1471 251
1437 1563 251
1439 1498 251
1443 1493 251
1461 1480 251
1489 1502 251
1493 1502 251
1498 1511 251
1500 1525 251
1500 1528 251
1500 1532 251
1503 1815 251
1504 1519 251
1520 1585 251
1528 1532 251
1539 1815 251
1578 1592 251
1606 1906 251
1613 1628 251
1625 1902 251
1656 1674 251
1661 1682 251
1663 1698 251
1684 1779 251
1702 1889 251
1706 1851 251
1718 1887 251
1737 1741 251
1787 1792 251
1831 1888 251
1908 1912 251
1427 1429 252
1427 1578 252
1428 1525 252
1429 1578 252
1434 1475 252
1437 1563 252
1439 1498 252
1441 1457 252
1443 1502 252
1451 1493 252
1451 1501 252
1457 1511 252
1489 1502 252
1495 1522 252
1498 1511 252
1504 1519 252
1520 1525 252
1525 1532 252
1528 1585 252
1532 1548 252
1570 1712 252
1606 1906 252
1617 1911 252
1656 1674 252
1661 1664 252
1661 1682 252
1663 1745 252
1665 1698 252
1684 1779 252
1702 1889 252
1737 1909 252
1757 1768 252
1760 1768 252
1787 1792 252
1796 1798 252
1831 1888 252
1427 1431 253
1427 1457 253
1427 1486 253
1430 1516 253
1430 1528 253
1434 1475 253
1437 1453 253
1437 1563 253
1439 1498 253
1441 1578 253
1443 1502 253
1451 1480 253
1451 1493 253
1451 1502 253
1452 1486 253
1452 1578 253
1457 1471 253
1458 1477 253
1461 1480 253
1483 1500 253
1493 1501 253
1493 1502 253
1503 1815 253
1504 1815 253
1525 1585 253
1538 1705 253
1538 1815 253
1545 1797 253
1613 1852 253
1616 1906 253
1625 1852 253
1625 1902 253
1664 1675 253
1675 1695 253
1675 1696 253
1680 1908 253
1684 1779 253
1702 1889 253
1737 1909 253
1739 1872 253
1760 1768 253
1787 1792 253
1796 1798 253
1831 1888 253
1426 1428 254
1427 1453 254
1428 1520 254
1429 1592 254
1430 1585 254
1431 1437 254
1431 1465 254
1434 1475 254
1437 1563 254
1439 1471 254
1443 1489 254
1443 1502 254
1451 1501 254
1457 1489 254
1458 1501 254
1458 1592 254
1459 1578 254
1461 1480 254
1461 1489 254
1465 1471 254
1471 1578 254
1480 1489 254
1483 1520 254
1493 1501 254
1493 1511 254
1500 1525 254
1500 1528 254
1500 1532 254
1500 1837 254
1503 1539 254
1504 1815 254
1516 1520 254
1525 1528 254
1525 1532 254
1538 1705 254
1606 1616 254
1606 1906 254
1656 1674 254
1656 1908 254
1661 1682 254
1666 1695 254
1675 1688 254
1720 1909 254
1732 1897 254
1739 1872 254
1749 1883 254
1787 1792 254
1796 1798 254
1831 1888 254
1426 1516 255
1429 1522 255
1430 1500 255
1434 1475 255
1437 1563 255
1443 1502 255
1451 1493 255
1451 1501 255
1461 1480 255
1471 1479 255
1471 1592 255
1486 1498 255
1489 1502 255
1493 1501 255
1500 1525 255
1503 1538 255
1503 1539 255
1503 1705 255
1525 1532 255
1528 1532 255
1528 1548 255
1532 1548 255
1533 1546 255
1538 1705 255
1555 1700 255
1661 1779 255
1663 1698 255
1666 1695 255
1680 1688 255
1680 1908 255
1682 1695 255
1718 1887 255
1732 1897 255
1737 1909 255
1739 1872 255
1743 1887 255
1796 1798 255
1831 1888 255
1426 1837 256
1427 1429 256
1427 1431 256
1427 1453 256
1428 1520 256
1429 1435 256
1431 1453 256
1434 1475 256
1435 1578 256
1437 1563 256
1452 1471 256
1457 1458 256
1459 1498 256
1468 1837 256
1493 1501 256
1519 1546 256
1525 1528 256
1528 1837 256
1538 1705 256
1538 1815 256
1552 1709 256
1613 1628 256
1656 1674 256
1663 1698 256
1666 1695 256
1668 1824 256
1673 1682 256
1682 1695 256
1684 1697 256
1688 1698 256
1695 1745 256
1702 1889 256
1708 1743 256
1714 1820 256
1718 1887 256
1739 1872 256
1749 1883 256
1757 1761 256
1763 1795 256
1779 1920 256
1780 1820 256
1782 1800 256
1820 1859 256
1831 1888 256
1890 1898 256
1426 1525 257
1427 1477 257
1429 1457 257
1429 1465 257
1430 1451 257
1434 1475 257
1435 1452 257
1437 1563 257
1443 1489 257
1451 1501 257
1458 1548 257
1458 1578 257
1458 1797 257
1461 1480 257
1477 1479 257
1479 1511 257
1493 1501 257
1500 1548 257
1503 1815 257
1504 1815 257
1519 1546 257
1520 1532 257
1520 1592 257
1520 1837 257
1524 1539 257
1538 1815 257
1548 1585 257
1555 1579 257
1562 1727 257
1592 1837 257
1603 1922 257
1643 1922 257
1666 1695 257
1682 1695 257
1688 1745 257
1695 1745 257
1702 1889 257
1706 1851 257
1708 1743 257
1713 1863 257
1718 1887 257
1719 1741 257
1719 1763 257
1737 1746 257
1737 1859 257
1739 1872 257
1741 1763 257
1760 1768 257
1760 1796 257
1761 1783 257
1780 1820 257
1795 1822 257
1820 1859 257
1831 1888 257
1890 1898 257
1428 1585 258
1430 1525 258
1430 1528 258
1431 1477 258
1434 1475 258
1437 1451 258
1443 1489 258
1451 1563 258
1457 1465 258
1458 1837 258
1461 1480 258
1477 1479 258
1479 1522 258
1493 1501 258
1498 1532 258
1500 1532 258
1503 1815 258
1504 1546 258
1511 1563 258
1524 1539 258
1525 1532 258
1532 1548 258
1539 1815 258
1555 1579 258
1562 1727 258
1613 1628 258
1666 1695 258
1688 1697 258
1695 1745 258
1704 1713 258
1705 1815 258
1706 1851 258
1708 1872 258
1714 1838 258
1718 1887 258
1719 1843 258
1737 1909 258
1739 1872 258
1743 1887 258
1760 1768 258
1765 1908 258
1765 1912 258
1768 1798 258
1774 1775 258
1820 1838 258
1831 1888 258
1872 1898 258
1877 1890 258
1426 1525 259
1426 1528 259
1426 1548 259
1427 1465 259
1427 1498 259
1428 1520 259
1428 1525 259
1431 1453 259
1431 1486 259
1434 1475 259
1437 1451 259
1437 1477 259
1437 1563 259
1441 1486 259
1443 1489 259
1451 1563 259
1452 1511 259
1453 1457 259
1453 1479 259
1461 1480 259
1468 1471 259
1468 1500 259
1482 1592 259
1486 1498 259
1493 1501 259
1498 1511 259
1498 1578 259
1504 1519 259
1504 1533 259
1504 1546 259
1511 1578 259
1524 1539 259
1525 1532 259
1528 1532 259
1533 1546 259
1533 1705 259
1545 1705 259
1545 1797 259
1546 1705 259
1625 1628 259
1650 1718 259
1656 1765 259
1661 1682 259
1661 1684 259
1661 1695 259
1661 1697 259
1666 1695 259
1675 1908 259
1688 1697 259
1706 1851 259
1714 1820 259
1718 1887 259
1739 1872 259
1749 1863 259
1760 1768 259
1760 1796 259
1761 1768 259
1772 1774 259
1774 1775 259
1831 1888 259
1843 1859 259
1426 1516 260
1426 1520 260
1427 1477 260
1428 1585 260
1429 1431 260
1429 1453 260
1430 1437 260
1431 1457 260
1431 1498 260
1434 1475 260
1435 1511 260
1435 1578 260
1437 1563 260
1439 1459 260
1451 1495 260
1457 1477 260
1458 1459 260
1459 1471 260
1471 1477 260
1483 1837 260
1493 1501 260
1495 1578 260
1503 1815 260
1504 1519 260
1511 1578 260
1524 1539 260
1525 1548 260
1532 1548 260
1532 1837 260
1538 1797 260
1539 1815 260
1545 1797 260
1555 1567 260
1567 1727 260
1625 1628 260
1666 1682 260
1668 1824 260
1673 1919 260
1675 1908 260
1682 1695 260
1700 1707 260
1704 1877 260
1708 1743 260
1714 1859 260
1714 1909 260
1718 1887 260
1732 1889 260
1739 1872 260
1743 1887 260
1760 1768 260
1764 1787 260
1774 1775 260
1831 1888 260
1851 1887 260
1890 1898 260
1426 1837 261
1427 1429 261
1427 1431 261
1428 1520 261
1429 1431 261
1431 1453 261
1434 1475 261
1437 1563 261
1439 1477 261
1439 1498 261
1451 1461 261
1451 1493 261
1459 1522 261
1459 1592 261
1461 1479 261
1461 1493 261
1465 1471 261
1493 1501 261
1504 1519 261
1504 1546 261
1519 1533 261
1520 1837 261
1524 1539 261
1524 1563 261
1525 1532 261
1525 1837 261
1532 1837 261
1546 1797 261
1578 1592 261
1625 1628 261
1661 1682 261
1664 1670 261
1666 1673 261
1670 1698 261
1681 1765 261
1687 1695 261
1695 1912 261
1697 1912 261
1704 1713 261
1704 1732 261
1704 1739 261
1704 1889 261
1706 1739 261
1706 1851 261
1706 1887 261
1727 1731 261
1739 1872 261
1741 1795 261
1749 1883 261
1757 1761 261
1759 1767 261
1761 1783 261
1765 1912 261
1855 1872 261
1861 1883 261
1877 1890 261
1887 1898 261
1427 1429 262
1429 1443 262
1429 1837 262
1430 1453 262
1430 1502 262
1430 1837 262
1431 1522 262
1431 1525 262
1434 1475 262
1435 1468 262
1437 1486 262
1437 1563 262
1443 1489 262
1453 1495 262
1458 1578 262
1468 1495 262
1471 1578 262
1480 1486 262
1482 1824 262
1486 1563 262
1486 1824 262
1502 1668 262
1504 1519 262
1516 1520 262
1520 1532 262
1520 1585 262
1525 1528 262
1528 1532 262
1532 1548 262
1532 1797 262
1545 1797 262
1555 1579 262
1555 1685 262
1603 1643 262
1613 1628 262
1625 1628 262
1656 1675 262
1661 1697 262
1661 1698 262
1664 1675 262
1666 1673 262
1666 1687 262
1673 1682 262
1681 1765 262
1687 1695 262
1687 1698 262
1704 1739 262
1704 1743 262
1704 1897 262
1706 1861 262
1706 1887 262
1706 1898 262
1710 1883 262
1713 1897 262
1718 1743 262
1718 1890 262
1720 1801 262
1737 1909 262
1739 1897 262
1748 1909 262
1760 1768 262
1767 1787 262
1831 1888 262
1833 1843 262
1851 1887 262
1855 1887 262
1887 1898 262
1902 1907 262
1428 1451 263
1428 1585 263
1435 1441 263
1435 1465 263
1435 1480 263
1439 1480 263
1453 1493 263
1458 1522 263
1465 1511 263
1468 1495 263
1471 1578 263
1477 1522 263
1479 1522 263
1483 1493 263
1504 1533 263
1524 1539 263
1528 1837 263
1555 1700 263
1625 1628 263
1656 1665 263
1656 1682 263
1661 1666 263
1661 1673 263
1661 1697 263
1663 1779 263
1664 1680 263
1666 1688 263
1666 1697 263
1674 1687 263
1674 1698 263
1675 1695 263
1682 1687 263
1687 1688 263
1702 1704 263
1702 1743 263
1702 1890 263
1704 1713 263
1704 1877 263
1706 1889 263
1713 1739 263
1739 1743 263
1760 1796 263
1767 1787 263
1801 1859 263
1822 1909 263
1831 1888 263
1833 1843 263
1858 1872 263
1872 1897 263
1427 1431 264
1427 1465 264
1430 1434 264
1430 1443 264
1431 1465 264
1434 1546 264
1435 1578 264
1437 1486 264
1439 1480 264
1441 1486 264
1441 1489 264
1441 1824 264
1443 1592 264
1452 1458 264
1452 1511 264
1457 1511 264
1459 1498 264
1475 1489 264
1475 1824 264
1477 1498 264
1482 1578 264
1486 1489 264
1498 1511 264
1500 1528 264
1500 1548 264
1504 1533 264
1504 1545 264
1524 1539 264
1525 1532 264
1528 1548 264
1555 1700 264
1562 1707 264
1585 1837 264
1613 1628 264
1625 1628 264
1656 1673 264
1656 1675 264
1670 1697 264
1680 1688 264
1682 1687 264
1682 1696 264
1687 1696 264
1702 1898 264
1704 1713 264
1718 1877 264
1720 1748 264
1720 1833 264
1720 1843 264
1723 1859 264
1748 1833 264
1748 1843 264
1749 1858 264
1749 1898 264
1757 1760 264
1760 1768 264
1764 1787 264
1822 1909 264
1831 1888 264
1861 1890 264
1877 1887 264
1890 1898 264
1426 1428 265
1426 1520 265
1426 1585 265
1427 1429 265
1428 1520 265
1428 1585 265
1429 1443 265
1430 1443 265
1431 1465 265
1434 1443 265
1437 1480 265
1439 1480 265
1471 1482 265
1475 1489 265
1475 1592 265
1482 1578 265
1489 1563 265
1503 1815 265
1504 1533 265
1524 1539 265
1525 1532 265
1528 1548 265
1533 1546 265
1574 1707 265
1592 1824 265
1613 1852 265
1625 1628 265
1656 1680 265
1656 1688 265
1661 1696 265
1661 1779 265
1663 1698 265
1673 1674 265
1674 1675 265
1675 1682 265
1675 1687 265
1680 1920 265
1681 1697 265
1681 1912 265
1682 1687 265
1684 1779 265
1702 1749 265
1702 1861 265
1702 1887 265
1702 1889 265
1706 1861 265
1720 1748 265
1720 1833 265
1723 1763 265
1723 1822 265
1745 1765 265
1745 1779 265
1760 1768 265
1761 1783 265
1774 1787 265
1775 1787 265
1822 1909 265
1831 1888 265
1852 1907 265
1861 1898 265
1877 1887 265
1887 1890 265
1889 1890 265
1426 1434 266
1427 1434 266
1495 1516 266
1500 1528 266
1500 1548 266
1503 1524 266
1503 1815 266
1504 1533 266
1524 1815 266
1525 1837 266
1528 1548 266
1555 1685 266
1603 1643 266
1628 1852 266
1656 1695 266
1656 1920 266
1661 1673 266
1661 1696 266
1665 1684 266
1665 1698 266
1670 1697 266
1670 1745 266
1670 1912 266
1673 1696 266
1674 1675 266
1684 1698 266
1684 1779 266
1695 1920 266
1697 1745 266
1697 1912 266
1706 1861 266
1711 1787 266
1718 1877 266
1743 1877 266
1745 1765 266
1745 1779 266
1760 1768 266
1761 1783 266
1765 1779 266
1809 1909 266
1831 1888 266
1877 1889 266
1452 1458 267
1452 1495 267
1457 1522 267
1458 1483 267
1458 1495 267
1458 1516 267
1495 1511 267
1500 1837 267
1503 1524 267
1503 1815 267
1511 1522 267
1524 1815 267
1617 1641 267
1625 1902 267
1656 1695 267
1656 1920 267
1664 1681 267
1670 1688 267
1674 1675 267
1674 1687 267
1681 1697 267
1681 1765 267
1682 1684 267
1682 1687 267
1684 1698 267
1684 1920 267
1695 1920 267
1705 1797 267
1713 1739 267
1760 1768 267
1801 1843 267
1822 1909 267
1831 1888 267
1854 1872 267
1437 1563 268
1439 1480 268
1441 1486 268
1441 1592 268
1452 1458 268
1452 1495 268
1452 1516 268
1452 1522 268
1453 1457 268
1457 1516 268
1458 1493 268
1458 1516 268
1459 1477 268
1459 1498 268
1461 1502 268
1468 1495 268
1475 1501 268
1475 1592 268
1477 1498 268
1493 1516 268
1503 1815 268
1504 1519 268
1511 1522 268
1538 1546 268
1552 1562 268
1562 1567 268
1562 1707 268
1567 1707 268
1567 1727 268
1567 1731 268
1632 1847 268
1656 1675 268
1656 1912 268
1661 1666 268
1661 1908 268
1661 1912 268
1664 1698 268
1664 1765 268
1666 1908 268
1673 1908 268
1674 1684 268
1674 1912 268
1680 1779 268
1682 1687 268
1688 1697 268
1697 1765 268
1705 1797 268
1711 1767 268
1745 1765 268
1746 1795 268
1746 1909 268
1760 1796 268
1763 1795 268
1763 1909 268
1795 1909 268
1822 1909 268
1831 1888 268
1426 1428 269
1426 1443 269
1426 1498 269
1426 1585 269
1429 1443 269
1435 1471 269
1439 1480 269
1452 1458 269
1452 1516 269
1453 1457 269
1457 1502 269
1458 1493 269
1458 1516 269
1461 1502 269
1468 1479 269
1471 1578 269
1475 1592 269
1479 1511 269
1495 1511 269
1495 1522 269
1503 1524 269
1503 1815 269
1511 1522 269
1524 1815 269
1552 1555 269
1562 1707 269
1580 1685 269
1617 1641 269
1625 1902 269
1656 1682 269
1656 1920 269
1665 1698 269
1665 1765 269
1670 1745 269
1674 1684 269
1681 1688 269
1681 1912 269
1682 1687 269
1682 1920 269
1687 1920 269
1697 1765 269
1697 1912 269
1706 1877 269
1711 1767 269
1711 1787 269
1719 1723 269
1746 1763 269
1746 1795 269
1748 1859 269
1757 1792 269
1759 1767 269
1760 1768 269
1760 1796 269
1763 1795 269
1763 1822 269
1765 1912 269
1795 1822 269
1801 1833 269
1802 1818 269
1822 1833 269
1822 1909 269
1426 1430 270
1426 1585 270
1428 1668 270
1429 1431 270
1429 1443 270
1431 1471 270
1431 1578 270
1435 1578 270
1437 1439 270
1437 1563 270
1439 1480 270
1439 1563 270
1453 1457 270
1457 1502 270
1468 1495 270
1479 1495 270
1480 1578 270
1483 1493 270
1483 1516 270
1495 1522 270
1500 1525 270
1500 1837 270
1501 1520 270
1503 1524 270
1503 1815 270
1520 1592 270
1524 1815 270
1538 1705 270
1552 1555 270
1578 1668 270
1625 1902 270
1664 1666 270
1664 1765 270
1665 1698 270
1665 1765 270
1666 1779 270
1670 1688 270
1670 1697 270
1674 1687 270
1674 1745 270
1681 1697 270
1681 1912 270
1682 1687 270
1682 1920 270
1687 1695 270
1687 1920 270
1688 1697 270
1695 1920 270
1697 1912 270
1698 1765 270
1711 1767 270
1711 1787 270
1727 1731 270
1746 1801 270
1760 1768 270
1760 1796 270
1763 1801 270
1775 1792 270
1782 1859 270
1801 1833 270
1831 1888 270
1426 1430 271
1429 1443 271
1431 1457 271
1431 1465 271
1431 1498 271
1435 1578 271
1435 1592 271
1437 1439 271
1439 1480 271
1441 1592 271
1452 1458 271
1452 1516 271
1452 1522 271
1453 1502 271
1457 1668 271
1458 1468 271
1458 1493 271
1458 1516 271
1459 1501 271
1459 1511 271
1461 1502 271
1468 1495 271
1468 1516 271
1475 1592 271
1477 1479 271
1479 1511 271
1495 1520 271
1495 1522 271
1502 1563 271
1503 1524 271
1503 1815 271
1520 1522 271
1524 1815 271
1528 1837 271
1538 1705 271
1578 1668 271
1625 1902 271
1661 1696 271
1663 1908 271
1664 1665 271
1665 1698 271
1666 1681 271
1666 1697 271
1674 1684 271
1681 1688 271
1681 1912 271
1682 1687 271
1682 1695 271
1687 1695 271
1688 1697 271
1695 1920 271
1697 1912 271
1711 1759 271
1711 1787 271
1719 1809 271
1752 1753 271
1760 1796 271
1763 1822 271
1763 1843 271
1831 1888 271
1426 1430 272
1426 1443 272
1426 1585 272
1427 1429 272
1427 1434 272
1428 1578 272
1429 1434 272
1429 1443 272
1430 1431 272
1430 1443 272
1435 1578 272
1437 1439 272
1437 1668 272
1439 1480 272
1439 1668 272
1441 1475 272
1452 1458 272
1458 1493 272
1458 1516 272
1459 1511 272
1468 1483 272
1475 1592 272
1498 1585 272
1500 1548 272
1503 1524 272
1503 1548 272
1503 1815 272
1504 1533 272
1504 1546 272
1511 1522 272
1520 1522 272
1524 1815 272
1533 1546 272
1578 1585 272
1580 1685 272
1617 1911 272
1643 1648 272
1656 1675 272
1661 1696 272
1665 1698 272
1670 1688 272
1673 1908 272
1675 1698 272
1675 1779 272
1681 1684 272
1682 1687 272
1696 1779 272
1697 1912 272
1711 1767 272
1711 1787 272
1719 1782 272
1737 1833 272
1752 1753 272
1759 1767 272
1760 1796 272
1822 1833 272
1831 1888 272
1426 1429 273
1426 1451 273
1427 1434 273
1429 1443 273
1429 1457 273
1430 1431 273
1431 1578 273
1434 1451 273
1434 1457 273
1435 1578 273
1437 1439 273
1437 1441 273
1437 1480 273
1441 1475 273
1443 1451 273
1443 1457 273
1451 1457 273
1458 1493 273
1458 1516 273
1459 1477 273
1471 1578 273
1500 1503 273
1500 1525 273
1504 1519 273
1524 1539 273
1524 1815 273
1525 1532 273
1533 1546 273
1538 1705 273
1539 1815 273
1548 1837 273
1606 1628 273
1625 1902 273
1656 1675 273
1661 1696 273
1661 1765 273
1661 1779 273
1663 1765 273
1663 1908 273
1665 1675 273
1665 1698 273
1666 1688 273
1673 1908 273
1674 1684 273
1674 1745 273
1675 1696 273
1680 1696 273
1680 1779 273
1681 1684 273
1682 1684 273
1682 1687 273
1682 1695 273
1684 1695 273
1687 1695 273
1687 1920 273
1695 1920 273
1696 1779 273
1697 1912 273
1711 1759 273
1711 1767 273
1711 1787 273
1722 1833 273
1759 1767 273
1765 1908 273
1831 1888 273
1426 1824 274
1427 1429 274
1427 1434 274
1428 1431 274
1428 1435 274
1429 1430 274
1429 1434 274
1429 1443 274
1431 1443 274
1434 1824 274
1435 1578 274
1437 1563 274
1439 1480 274
1453 1502 274
1459 1477 274
1468 1477 274
1475 1486 274
1479 1681 274
1489 1522 274
1500 1525 274
1500 1548 274
1511 1522 274
1525 1837 274
1533 1546 274
1539 1548 274
1606 1628 274
1617 1641 274
1661 1680 274
1661 1696 274
1661 1779 274
1663 1673 274
1663 1765 274
1664 1666 274
1664 1670 274
1664 1697 274
1665 1675 274
1665 1698 274
1666 1688 274
1670 1688 274
1673 1765 274
1673 1908 274
1680 1779 274
1681 1684 274
1681 1920 274
1682 1687 274
1682 1908 274
1687 1695 274
1687 1920 274
1695 1920 274
1696 1779 274
1697 1912 274
1704 1708 274
1706 1861 274
1711 1759 274
1711 1787 274
1718 1877 274
1732 1898 274
1737 1780 274
1760 1796 274
1764 1787 274
1775 1787 274
1831 1888 274
1861 1898 274
1426 1429 275
1426 1431 275
1427 1429 275
1427 1434 275
1428 1435 275
1431 1465 275
1435 1824 275
1437 1486 275
1439 1480 275
1441 1475 275
1441 1486 275
1441 1592 275
1452 1520 275
1453 1502 275
1457 1459 275
1457 1468 275
1468 1495 275
1475 1501 275
1475 1592 275
1479 1498 275
1479 1681 275
1486 1592 275
1500 1837 275
1504 1533 275
1504 1546 275
1525 1528 275
1528 1548 275
1533 1546 275
1538 1705 275
1548 1718 275
1625 1902 275
1649 1902 275
1656 1675 275
1656 1698 275
1661 1696 275
1664 1666 275
1664 1688 275
1666 1688 275
1673 1682 275
1673 1908 275
1674 1687 275
1674 1920 275
1675 1698 275
1682 1687 275
1688 1698 275
1697 1912 275
1702 1749 275
1702 1877 275
1704 1887 275
1706 1739 275
1713 1739 275
1737 1780 275
1738 1843 275
1739 1749 275
1746 1801 275
1765 1908 275
1782 1859 275
1831 1888 275
1858 1872 275
1861 1877 275
1887 1890 275
1426 1427 276
1427 1429 276
1427 1471 276
1428 1435 276
1428 1471 276
1428 1578 276
1429 1430 276
1431 1465 276
1435 1471 276
1435 1578 276
1437 1480 276
1437 1563 276
1461 1489 276
1461 1501 276
1468 1477 276
1471 1578 276
1475 1486 276
1475 1592 276
1480 1585 276
1483 1516 276
1486 1824 276
1500 1525 276
1500 1528 276
1500 1837 276
1524 1539 276
1525 1528 276
1525 1837 276
1528 1548 276
1625 1902 276
1632 1885 276
1656 1665 276
1656 1675 276
1656 1698 276
1661 1680 276
1661 1696 276
1664 1665 276
1664 1666 276
1664 1688 276
1665 1675 276
1665 1698 276
1666 1688 276
1673 1682 276
1673 1687 276
1673 1908 276
1674 1684 276
1674 1687 276
1674 1695 276
1674 1920 276
1675 1698 276
1680 1696 276
1681 1745 276
1682 1765 276
1682 1908 276
1684 1695 276
1684 1920 276
1687 1920 276
1695 1920 276
1702 1749 276
1702 1877 276
1705 1851 276
1706 1713 276
1706 1739 276
1708 1837 276
1711 1759 276
1713 1739 276
1718 1861 276
1727 1731 276
1738 1843 276
1743 1898 276
1759 1787 276
1760 1768 276
1765 1908 276
1767 1787 276
1831 1888 276
1861 1897 276
1872 1889 276
1426 1429 277
1426 1430 277
1429 1430 277
1429 1431 277
1429 1471 277
1431 1465 277
1431 1471 277
1435 1578 277
1437 1563 277
1439 1480 277
1441 1486 277
1441 1563 277
1451 1457 277
1451 1468 277
1452 1453 277
1452 1668 277
1459 1498 277
1471 1578 277
1475 1501 277
1477 1498 277
1482 1585 277
1495 1668 277
1498 1563 277
1500 1837 277
1503 1539 277
1511 1522 277
1524 1539 277
1524 1890 277
1528 1548 277
1532 1837 277
1606 1906 277
1656 1675 277
1661 1680 277
1661 1696 277
1664 1666 277
1664 1688 277
1665 1675 277
1665 1698 277
1666 1670 277
1666 1688 277
1666 1912 277
1673 1765 277
1674 1681 277
1674 1920 277
1675 1745 277
1680 1696 277
1684 1920 277
1688 1912 277
1698 1745 277
1702 1749 277
1702 1877 277
1705 1851 277
1706 1713 277
1706 1739 277
1713 1739 277
1718 1861 277
1718 1897 277
1727 1731 277
1738 1843 277
1743 1898 277
1801 1843 277
1815 1890 277
1831 1888 277
1855 1863 277
1858 1872 277
1858 1889 277
1861 1897 277
1872 1889 277
1426 1824 278
1431 1465 278
1437 1563 278
1443 1465 278
1451 1668 278
1452 1498 278
1452 1501 278
1459 1668 278
1465 1480 278
1475 1489 278
1475 1592 278
1479 1585 278
1489 1592 278
1493 1502 278
1498 1668 278
1500 1525 278
1501 1522 278
1503 1706 278
1503 1815 278
1524 1539 278
1528 1548 278
1552 1555 278
1603 1922 278
1606 1616 278
1613 1628 278
1656 1675 278
1656 1680 278
1661 1680 278
1661 1696 278
1661 1779 278
1664 1665 278
1664 1688 278
1664 1698 278
1665 1698 278
1670 1688 278
1673 1765 278
1673 1908 278
1674 1695 278
1674 1920 278
1680 1779 278
1682 1687 278
1682 1695 278
1684 1920 278
1687 1695 278
1687 1920 278
1695 1920 278
1696 1779 278
1697 1912 278
1702 1877 278
1704 1887 278
1706 1713 278
1706 1739 278
1708 1883 278
1711 1759 278
1713 1739 278
1718 1861 278
1718 1887 278
1722 1801 278
1743 1749 278
1743 1898 278
1745 1908 278
1757 1760 278
1759 1787 278
1764 1774 278
1765 1908 278
1767 1787 278
1801 1843 278
1831 1888 278
1858 1872 278
1863 1883 278
1872 1889 278
1426 1475 279
1427 1431 279
1431 1439 279
1431 1465 279
1435 1471 279
1435 1475 279
1435 1489 279
1451 1668 279
1468 1477 279
1471 1489 279
1480 1824 279
1486 1489 279
1486 1585 279
1493 1502 279
1498 1522 279
1500 1528 279
1500 1548 279
1503 1815 279
1504 1549 279
1516 1668 279
1525 1532 279
1525 1837 279
1532 1837 279
1545 1797 279
1613 1628 279
1656 1675 279
1663 1765 279
1663 1908 279
1664 1670 279
1664 1675 279
1665 1675 279
1665 1698 279
1666 1670 279
1670 1688 279
1673 1687 279
1674 1681 279
1674 1745 279
1675 1680 279
1680 1688 279
1680 1779 279
1682 1684 279
1682 1687 279
1684 1695 279
1695 1920 279
1697 1912 279
1702 1877 279
1704 1708 279
1704 1861 279
1704 1887 279
1708 1883 279
1711 1759 279
1711 1767 279
1719 1859 279
1722 1801 279
1732 1855 279
1737 1780 279
1743 1749 279
1743 1877 279
1743 1898 279
1765 1908 279
1767 1787 279
1775 1787 279
1802 1803 279
1831 1888 279
1855 1890 279
1858 1872 279
1861 1887 279
1863 1890 279
1872 1889 279
1877 1898 279
1887 1897 279
1427 1443 280
1428 1430 280
1429 1475 280
1430 1434 280
1443 1824 280
1459 1516 280
1486 1585 280
1493 1502 280
1500 1706 280
1500 1837 280
1502 1520 280
1525 1528 280
1552 1685 280
1555 1579 280
1555 1700 280
1564 1570 280
1579 1700 280
1592 1673 280
1592 1745 280
1656 1675 280
1656 1680 280
1656 1779 280
1661 1680 280
1661 1779 280
1663 1765 280
1670 1688 280
1674 1681 280
1680 1779 280
1682 1684 280
1684 1695 280
1687 1695 280
1687 1920 280
1695 1765 280
1695 1920 280
1697 1912 280
1702 1749 280
1702 1877 280
1704 1887 280
1708 1732 280
1711 1759 280
1711 1767 280
1718 1861 280
1718 1897 280
1743 1749 280
1743 1877 280
1743 1898 280
1749 1877 280
1749 1898 280
1759 1787 280
1761 1783 280
1765 1908 280
1767 1787 280
1831 1888 280
1837 1854 280
1861 1897 280
1877 1898 280
1889 1890 280
1427 1430 281
1427 1471 281
1430 1439 281
1430 1563 281
1434 1441 281
1437 1563 281
1443 1475 281
1486 1585 281
1500 1532 281
1500 1815 281
1500 1837 281
1519 1546 281
1528 1548 281
1528 1815 281
1528 1837 281
1555 1579 281
1555 1700 281
1562 1707 281
1570 1594 281
1579 1700 281
1592 1681 281
1603 1922 281
1613 1628 281
1625 1902 281
1656 1675 281
1656 1779 281
1661 1680 281
1661 1696 281
1663 1673 281
1663 1765 281
1663 1908 281
1664 1665 281
1664 1666 281
1666 1688 281
1670 1688 281
1673 1908 281
1674 1695 281
1680 1696 281
1680 1779 281
1688 1912 281
1695 1765 281
1695 1920 281
1697 1912 281
1702 1749 281
1702 1877 281
1704 1887 281
1706 1713 281
1706 1898 281
1708 1890 281
1711 1759 281
1718 1861 281
1718 1897 281
1743 1898 281
1749 1877 281
1765 1908 281
1802 1803 281
1861 1897 281
1872 1889 281
1427 1465 282
1430 1482 282
1437 1563 282
1439 1480 282
1486 1585 282
1500 1528 282
1502 1520 282
1519 1546 282
1538 1851 282
1555 1700 282
1579 1700 282
1580 1685 282
1594 1712 282
1613 1628 282
1625 1628 282
1656 1675 282
1656 1779 282
1663 1765 282
1664 1666 282
1664 1675 282
1664 1698 282
1665 1666 282
1665 1698 282
1666 1670 282
1670 1697 282
1673 1765 282
1674 1684 282
1680 1779 282
1682 1687 282
1682 1695 282
1687 1695 282
1695 1765 282
1695 1920 282
1697 1912 282
1702 1749 282
1704 1887 282
1705 1851 282
1708 1718 282
1708 1897 282
1711 1759 282
1713 1898 282
1718 1861 282
1718 1883 282
1718 1897 282
1738 1822 282
1743 1898 282
1765 1908 282
1797 1851 282
1802 1803 282
1831 1888 282
1863 1883 282
1872 1889 282
1883 1897 282
1426 1443 283
1461 1516 283
1486 1585 283
1489 1824 283
1500 1837 283
1502 1520 283
1503 1815 283
1519 1546 283
1525 1528 283
1525 1837 283
1545 1851 283
1548 1706 283
1551 1560 283
1592 1695 283
1592 1912 283
1603 1922 283
1650 1706 283
1661 1663 283
1663 1680 283
1663 1765 283
1664 1675 283
1674 1695 283
1680 1696 283
1680 1779 283
1681 1695 283
1684 1695 283
1704 1887 283
1708 1863 283
1710 1890 283
1711 1759 283
1711 1767 283
1718 1861 283
1722 1822 283
1727 1731 283
1732 1855 283
1765 1779 283
1774 1775 283
1802 1803 283
1427 1429 284
1427 1465 284
1430 1482 284
1434 1441 284
1461 1668 284
1486 1585 284
1500 1525 284
1503 1524 284
1503 1815 284
1504 1533 284
1519 1546 284
1524 1815 284
1525 1837 284
1551 1560 284
1601 1892 284
1650 1713 284
1666 1688 284
1674 1681 284
1681 1695 284
1681 1739 284
1681 1920 284
1682 1920 284
1687 1695 284
1697 1912 284
1704 1887 284
1711 1759 284
1711 1767 284
1713 1854 284
1718 1861 284
1732 1855 284
1732 1861 284
1732 1883 284
1739 1920 284
1743 1898 284
1752 1753 284
1759 1767 284
1797 1851 284
1802 1803 284
1807 1880 284
1831 1888 284
1861 1897 284
1439 1480 285
1471 1585 285
1475 1489 285
1475 1585 285
1500 1525 285
1503 1661 285
1503 1815 285
1503 1908 285
1504 1549 285
1525 1837 285
1528 1837 285
1548 1765 285
1606 1906 285
1656 1680 285
1661 1680 285
1661 1908 285
1664 1745 285
1665 1675 285
1666 1697 285
1673 1680 285
1673 1908 285
1682 1713 285
1684 1687 285
1688 1745 285
1695 1920 285
1698 1745 285
1704 1887 285
1705 1851 285
1706 1898 285
1709 1735 285
1718 1861 285
1732 1883 285
1743 1890 285
1743 1898 285
1745 1779 285
1746 1801 285
1765 1779 285
1767 1787 285
1775 1787 285
1802 1803 285
1807 1880 285
1815 1837 285
1861 1897 285
1872 1889 285
1890 1898 285
1426 1427 286
1426 1429 286
1427 1475 286
1430 1482 286
1437 1563 286
1439 1480 286
1439 1482 286
1451 1520 286
1458 1493 286
1471 1585 286
1482 1489 286
1486 1585 286
1489 1563 286
1500 1837 286
1503 1681 286
1503 1815 286
1524 1815 286
1525 1837 286
1548 1745 286
1548 1779 286
1551 1594 286
1551 1731 286
1555 1700 286
1560 1731 286
1567 1727 286
1580 1685 286
1613 1616 286
1613 1628 286
1656 1666 286
1656 1673 286
1656 1697 286
1661 1680 286
1663 1681 286
1664 1887 286
1665 1698 286
1666 1697 286
1670 1673 286
1670 1688 286
1670 1908 286
1673 1890 286
1673 1908 286
1674 1684 286
1682 1713 286
1682 1890 286
1695 1912 286
1695 1920 286
1697 1815 286
1698 1713 286
1698 1890 286
1704 1887 286
1712 1731 286
1713 1890 286
1743 1872 286
1743 1889 286
1743 1898 286
1759 1787 286
1765 1815 286
1767 1787 286
1802 1803 286
1807 1880 286
1831 1888 286
1858 1889 286
1861 1887 286
1426 1427 287
1427 1465 287
1458 1461 287
1475 1578 287
1489 1563 287
1500 1532 287
1500 1837 287
1503 1815 287
1503 1854 287
1504 1549 287
1538 1670 287
1548 1695 287
1548 1779 287
1548 1920 287
1551 1572 287
1555 1700 287
1560 1580 287
1594 1712 287
1613 1628 287
1643 1852 287
1663 1695 287
1663 1920 287
1664 1837 287
1665 1682 287
1665 1698 287
1665 1815 287
1670 1688 287
1674 1684 287
1674 1687 287
1675 1681 287
1682 1698 287
1684 1687 287
1695 1696 287
1695 1920 287
1698 1713 287
1704 1732 287
1706 1708 287
1706 1743 287
1706 1889 287
1708 1732 287
1718 1861 287
1743 1889 287
1743 1898 287
1745 1779 287
1745 1920 287
1759 1787 287
1765 1815 287
1765 1854 287
1767 1787 287
1802 1857 287
1803 1857 287
1807 1880 287
1819 1865 287
1831 1888 287
1890 1908 287
1426 1437 288
1427 1465 288
1431 1434 288
1458 1461 288
1519 1546 288
1525 1528 288
1533 1890 288
1538 1670 288
1546 1861 288
1546 1897 288
1551 1580 288
1552 1579 288
1555 1731 288
1613 1628 288
1661 1680 288
1663 1696 288
1663 1908 288
1664 1908 288
1665 1674 288
1665 1684 288
1665 1698 288
1665 1887 288
1670 1688 288
1674 1684 288
1675 1681 288
1675 1695 288
1675 1920 288
1681 1695 288
1681 1920 288
1682 1687 288
1682 1698 288
1682 1713 288
1682 1887 288
1695 1920 288
1696 1908 288
1698 1887 288
1704 1889 288
1706 1861 288
1706 1890 288
1706 1897 288
1711 1759 288
1720 1780 288
1722 1746 288
1722 1780 288
1722 1833 288
1732 1855 288
1743 1749 288
1743 1858 288
1743 1889 288
1743 1898 288
1746 1822 288
1746 1843 288
1748 1782 288
1765 1854 288
1767 1787 288
1820 1843 288
1855 1863 288
1861 1897 288
1889 1898 288
1427 1465 289
1434 1437 289
1451 1452 289
1452 1522 289
1465 1563 289
1471 1578 289
1500 1525 289
1519 1718 289
1519 1897 289
1525 1532 289
1545 1851 289
1546 1861 289
1546 1890 289
1546 1897 289
1555 1580 289
1555 1731 289
1558 1727 289
1560 1731 289
1567 1727 289
1570 1731 289
1574 1685 289
1574 1727 289
1580 1731 289
1603 1922 289
1609 1917 289
1613 1628 289
1617 1641 289
1625 1628 289
1625 1852 289
1665 1887 289
1673 1688 289
1674 1684 289
1675 1695 289
1675 1920 289
1681 1695 289
1681 1920 289
1682 1687 289
1682 1713 289
1695 1920 289
1697 1912 289
1698 1887 289
1700 1707 289
1700 1735 289
1705 1851 289
1706 1861 289
1708 1855 289
1718 1890 289
1743 1858 289
1743 1889 289
1745 1765 289
1745 1779 289
1746 1820 289
1746 1843 289
1759 1767 289
1765 1779 289
1767 1787 289
1831 1888 289
1861 1890 289
1889 1898 289
1451 1495 290
1451 1520 290
1452 1495 290
1486 1585 290
1503 1815 290
1504 1549 290
1519 1546 290
1519 1897 290
1545 1851 290
1546 1861 290
1551 1560 290
1555 1570 290
1555 1712 290
1555 1731 290
1560 1594 290
1567 1574 290
1567 1727 290
1570 1731 290
1603 1922 290
1609 1917 290
1613 1628 290
1650 1653 290
1661 1663 290
1661 1680 290
1661 1696 290
1661 1908 290
1663 1696 290
1663 1908 290
1665 1698 290
1674 1684 290
1675 1695 290
1675 1920 290
1680 1908 290
1682 1698 290
1682 1713 290
1695 1920 290
1697 1912 290
1704 1887 290
1706 1861 290
1708 1855 290
1708 1883 290
1718 1861 290
1723 1809 290
1743 1889 290
1752 1764 290
1759 1767 290
1759 1787 290
1765 1779 290
1767 1787 290
1800 1809 290
1802 1803 290
1820 1833 290
1863 1887 290
1427 1465 291
1500 1548 291
1503 1815 291
1519 1890 291
1528 1548 291
1532 1549 291
1533 1890 291
1538 1670 291
1551 1572 291
1552 1564 291
1555 1570 291
1555 1712 291
1555 1731 291
1562 1707 291
1567 1685 291
1567 1727 291
1570 1712 291
1570 1731 291
1609 1917 291
1613 1628 291
1656 1666 291
1661 1663 291
1661 1680 291
1661 1908 291
1663 1680 291
1663 1696 291
1663 1908 291
1665 1682 291
1665 1698 291
1665 1887 291
1670 1675 291
1673 1837 291
1674 1684 291
1675 1920 291
1680 1908 291
1682 1698 291
1687 1698 291
1695 1920 291
1697 1912 291
1698 1713 291
1706 1718 291
1708 1863 291
1712 1731 291
1718 1861 291
1718 1890 291
1723 1748 291
1743 1889 291
1759 1787 291
1765 1779 291
1767 1787 291
1772 1774 291
1800 1820 291
1800 1833 291
1802 1803 291
1831 1888 291
1855 1883 291
1858 1889 291
1858 1898 291
1861 1890 291
1872 1898 291
1883 1887 291
1889 1898 291
1427 1465 292
1430 1482 292
1500 1532 292
1500 1549 292
1519 1897 292
1525 1532 292
1528 1837 292
1533 1861 292
1533 1897 292
1538 1670 292
1552 1564 292
1555 1712 292
1555 1731 292
1558 1685 292
1558 1727 292
1570 1731 292
1613 1628 292
1663 1680 292
1663 1908 292
1663 1920 292
1665 1887 292
1670 1688 292
1675 1688 292
1680 1696 292
1681 1687 292
1682 1687 292
1697 1898 292
1704 1863 292
1704 1883 292
1705 1851 292
1708 1855 292
1743 1898 292
1760 1796 292
1765 1779 292
1767 1787 292
1782 1833 292
1802 1803 292
1831 1888 292
1855 1883 292
1863 1883 292
1872 1898 292
1426 1489 293
1430 1482 293
1458 1516 293
1461 1516 293
1465 1563 293
1500 1837 293
1503 1681 293
1525 1837 293
1528 1837 293
1533 1546 293
1533 1897 293
1580 1685 293
1594 1731 293
1613 1628 293
1625 1628 293
1653 1745 293
1661 1695 293
1661 1696 293
1661 1920 293
1663 1666 293
1663 1680 293
1663 1908 293
1665 1887 293
1670 1688 293
1674 1684 293
1682 1687 293
1695 1696 293
1695 1920 293
1696 1920 293
1697 1912 293
1702 1749 293
1743 1858 293
1743 1889 293
1743 1898 293
1743 1912 293
1757 1760 293
1759 1787 293
1760 1796 293
1765 1779 293
1767 1787 293
1775 1787 293
1801 1859 293
1802 1803 293
1809 1843 293
1831 1888 293
1855 1883 293
1858 1898 293
1863 1883 293
1872 1898 293
1890 1897 293
1426 1439 294
1426 1489 294
1430 1482 294
1457 1522 294
1503 1548 294
1503 1815 294
1525 1663 294
1528 1765 294
1528 1887 294
1538 1851 294
1594 1731 294
1613 1628 294
1625 1628 294
1650 1739 294
1661 1673 294
1661 1688 294
1661 1695 294
1661 1696 294
1663 1680 294
1664 1666 294
1665 1887 294
1670 1688 294
1674 1684 294
1680 1908 294
1682 1687 294
1688 1696 294
1695 1696 294
1695 1920 294
1696 1920 294
1697 1743 294
1697 1872 294
1697 1912 294
1706 1897 294
1713 1739 294
1743 1889 294
1743 1912 294
1759 1767 294
1759 1787 294
1760 1796 294
1765 1779 294
1772 1774 294
1775 1787 294
1802 1803 294
1809 1909 294
1831 1888 294
1872 1889 294
1872 1898 294
1426 1489 295
1427 1465 295
1430 1482 295
1435 1578 295
1451 1483 295
1451 1668 295
1453 1468 295
1483 1516 295
1500 1837 295
1503 1815 295
1519 1546 295
1519 1706 295
1519 1861 295
1525 1528 295
1525 1765 295
1525 1920 295
1528 1548 295
1538 1851 295
1545 1705 295
1546 1718 295
1551 1580 295
1551 1731 295
1560 1572 295
1560 1731 295
1580 1685 295
1613 1628 295
1625 1628 295
1653 1665 295
1656 1855 295
1661 1695 295
1661 1696 295
1661 1908 295
1665 1745 295
1665 1887 295
1670 1887 295
1675 1705 295
1675 1851 295
1680 1765 295
1680 1908 295
1680 1920 295
1681 1713 295
1681 1739 295
1682 1687 295
1682 1713 295
1695 1920 295
1696 1908 295
1697 1743 295
1697 1872 295
1698 1872 295
1698 1889 295
1698 1898 295
1702 1877 295
1704 1855 295
1706 1890 295
1708 1855 295
1711 1787 295
1713 1739 295
1718 1861 295
1718 1897 295
1743 1872 295
1743 1889 295
1759 1767 295
1759 1775 295
1759 1787 295
1760 1768 295
1760 1796 295
1764 1778 295
1765 1779 295
1767 1775 295
1767 1787 295
1772 1774 295
1775 1787 295
1796 1798 295
1801 1859 295
1802 1803 295
1861 1897 295
1872 1889 295
1889 1898 295
1443 1489 296
1451 1502 296
1451 1520 296
1451 1668 296
1453 1468 296
1459 1516 296
1500 1797 296
1503 1524 296
1503 1815 296
1519 1861 296
1524 1815 296
1528 1548 296
1533 1546 296
1533 1861 296
1533 1897 296
1545 1705 296
1545 1797 296
1546 1861 296
1552 1555 296
1558 1727 296
1580 1727 296
1613 1628 296
1625 1628 296
1656 1697 296
1664 1666 296
1665 1745 296
1665 1887 296
1670 1673 296
1670 1688 296
1673 1688 296
1674 1684 296
1674 1890 296
1675 1837 296
1681 1682 296
1681 1739 296
1682 1687 296
1682 1713 296
1682 1739 296
1684 1890 296
1697 1912 296
1698 1912 296
1702 1749 296
1708 1863 296
1713 1739 296
1714 1838 296
1718 1897 296
1743 1889 296
1743 1898 296
1745 1887 296
1757 1768 296
1759 1767 296
1759 1775 296
1759 1787 296
1760 1768 296
1760 1796 296
1765 1890 296
1767 1775 296
1767 1787 296
1775 1787 296
1801 1859 296
1802 1803 296
1807 1880 296
1855 1883 296
1861 1897 296
1426 1471 297
1443 1489 297
1458 1516 297
1479 1495 297
1503 1815 297
1524 1539 297
1525 1670 297
1528 1837 297
1533 1546 297
1545 1705 297
1548 1684 297
1548 1739 297
1551 1572 297
1552 1555 297
1558 1580 297
1558 1731 297
1574 1700 297
1574 1707 297
1580 1727 297
1580 1731 297
1613 1628 297
1625 1628 297
1661 1695 297
1661 1696 297
1661 1920 297
1663 1675 297
1663 1887 297
1663 1908 297
1664 1666 297
1664 1670 297
1665 1887 297
1666 1887 297
1670 1674 297
1675 1680 297
1675 1920 297
1681 1682 297
1682 1713 297
1695 1696 297
1695 1920 297
1696 1908 297
1696 1920 297
1697 1872 297
1700 1707 297
1702 1749 297
1706 1890 297
1708 1883 297
1713 1739 297
1718 1897 297
1727 1731 297
1749 1877 297
1760 1796 297
1767 1775 297
1767 1787 297
1802 1803 297
1807 1880 297
1427 1465 298
1429 1471 298
1495 1668 298
1500 1673 298
1503 1539 298
1503 1815 298
1525 1680 298
1525 1908 298
1533 1546 298
1533 1851 298
1546 1890 298
1558 1560 298
1558 1580 298
1558 1731 298
1560 1580 298
1560 1731 298
1574 1700 298
1574 1707 298
1580 1731 298
1613 1628 298
1625 1628 298
1661 1670 298
1661 1675 298
1661 1696 298
1663 1680 298
1663 1908 298
1664 1666 298
1670 1675 298
1670 1688 298
1670 1920 298
1674 1684 298
1674 1745 298
1675 1688 298
1681 1682 298
1688 1920 298
1700 1707 298
1702 1877 298
1704 1887 298
1706 1718 298
1706 1897 298
1718 1897 298
1727 1731 298
1732 1887 298
1743 1898 298
1749 1877 298
1752 1767 298
1760 1768 298
1764 1774 298
1765 1779 298
1802 1803 298
1861 1890 298
1426 1429 299
1427 1465 299
1427 1563 299
1429 1443 299
1430 1482 299
1441 1443 299
1500 1837 299
1503 1539 299
1503 1815 299
1525 1837 299
1539 1815 299
1548 1854 299
1552 1555 299
1558 1580 299
1558 1685 299
1558 1731 299
1564 1570 299
1567 1727 299
1574 1700 299
1574 1707 299
1580 1685 299
1580 1731 299
1613 1628 299
1632 1847 299
1650 1708 299
1661 1680 299
1661 1695 299
1663 1673 299
1664 1673 299
1664 1745 299
1666 1673 299
1666 1908 299
1670 1696 299
1670 1708 299
1673 1708 299
1674 1684 299
1675 1688 299
1675 1837 299
1675 1920 299
1680 1695 299
1681 1682 299
1681 1739 299
1682 1687 299
1684 1872 299
1685 1727 299
1697 1912 299
1700 1707 299
1702 1749 299
1702 1877 299
1705 1797 299
1708 1872 299
1711 1759 299
1718 1897 299
1727 1731 299
1739 1854 299
1749 1877 299
1757 1760 299
1757 1796 299
1760 1768 299
1765 1779 299
1831 1888 299
1858 1877 299
1858 1889 299
1872 1912 299
1430 1482 300
1457 1498 300
1461 1516 300
1500 1528 300
1503 1653 300
1519 1851 300
1519 1897 300
1525 1684 300
1539 1815 300
1552 1555 300
1555 1579 300
1558 1574 300
1558 1685 300
1558 1731 300
1562 1707 300
1564 1570 300
1580 1685 300
1606 1906 300
1653 1815 300
1656 1912 300
1661 1670 300
1663 1908 300
1664 1698 300
1665 1697 300
1665 1872 300
1665 1912 300
1666 1908 300
1681 1713 300
1681 1739 300
1682 1687 300
1684 1797 300
1685 1731 300
1696 1908 300
1697 1912 300
1702 1749 300
1702 1877 300
1704 1855 300
1704 1863 300
1704 1887 300
1706 1718 300
1706 1897 300
1708 1883 300
1713 1739 300
1718 1897 300
1749 1877 300
1760 1768 300
1760 1796 300
1760 1798 300
1765 1779 300
1796 1798 300
1801 1859 300
1802 1803 300
1803 1821 300
1855 1887 300
1861 1887 300
1863 1887 300
1872 1912 300
1430 1482 301
1443 1475 301
1457 1498 301
1461 1516 301
1500 1545 301
1500 1705 301
1500 1797 301
1503 1546 301
1504 1524 301
1504 1538 301
1504 1797 301
1519 1851 301
1524 1525 301
1524 1548 301
1525 1548 301
1539 1546 301
1539 1815 301
1545 1546 301
1545 1705 301
1545 1797 301
1546 1815 301
1551 1572 301
1552 1555 301
1552 1579 301
1558 1685 301
1558 1731 301
1562 1574 301
1574 1700 301
1574 1707 301
1580 1685 301
1580 1731 301
1594 1712 301
1613 1628 301
1661 1695 301
1661 1908 301
1661 1920 301
1663 1680 301
1663 1696 301
1663 1920 301
1664 1698 301
1665 1912 301
1666 1861 301
1670 1688 301
1673 1745 301
1674 1684 301
1675 1739 301
1680 1695 301
1680 1696 301
1681 1713 301
1681 1739 301
1682 1687 301
1684 1739 301
1685 1731 301
1695 1908 301
1695 1920 301
1697 1912 301
1702 1749 301
1706 1897 301
1713 1739 301
1718 1890 301
1738 1909 301
1749 1872 301
1757 1761 301
1759 1787 301
1774 1775 301
1801 1859 301
1802 1803 301
1855 1887 301
1863 1887 301
1872 1877 301
1883 1887 301
1890 1897 301
1908 1920 301
1426 1429 302
1457 1498 302
1457 1522 302
1528 1674 302
1528 1675 302
1545 1705 302
1567 1727 302
1574 1700 302
1580 1685 302
1613 1628 302
1653 1837 302
1664 1698 302
1665 1697 302
1665 1912 302
1673 1745 302
1674 1684 302
1675 1739 302
1680 1912 302
1682 1687 302
1695 1908 302
1695 1920 302
1697 1912 302
1700 1707 302
1702 1749 302
1706 1890 302
1708 1749 302
1708 1883 302
1718 1890 302
1738 1780 302
1738 1909 302
1743 1861 302
1743 1898 302
1760 1768 302
1764 1787 302
1765 1779 302
1855 1887 302
1858 1861 302
1861 1898 302
1863 1883 302
1863 1887 302
1872 1877 302
1908 1920 302
1457 1498 303
1457 1522 303
1477 1493 303
1493 1502 303
1498 1522 303
1538 1815 303
1551 1572 303
1555 1574 303
1567 1727 303
1574 1700 303
1613 1628 303
1650 1688 303
1656 1688 303
1661 1670 303
1661 1695 303
1661 1745 303
1665 1912 303
1666 1908 303
1670 1673 303
1670 1675 303
1670 1745 303
1673 1675 303
1673 1745 303
1674 1684 303
1675 1745 303
1681 1682 303
1681 1687 303
1702 1749 303
1702 1877 303
1704 1732 303
1706 1718 303
1706 1890 303
1708 1863 303
1708 1887 303
1713 1739 303
1713 1851 303
1718 1890 303
1732 1863 303
1739 1851 303
1757 1768 303
1760 1768 303
1767 1775 303
1774 1775 303
1795 1822 303
1807 1895 303
1852 1902 303
1858 1889 303
1863 1887 303
1453 1468 304
1477 1502 304
1498 1522 304
1503 1538 304
1548 1837 304
1562 1707 304
1567 1727 304
1574 1700 304
1661 1696 304
1663 1680 304
1663 1765 304
1665 1698 304
1670 1673 304
1670 1680 304
1670 1688 304
1673 1890 304
1673 1908 304
1674 1684 304
1675 1681 304
1681 1682 304
1682 1687 304
1688 1908 304
1695 1920 304
1697 1912 304
1698 1912 304
1702 1749 304
1702 1877 304
1706 1718 304
1706 1897 304
1708 1855 304
1708 1883 304
1713 1851 304
1718 1897 304
1739 1851 304
1749 1877 304
1759 1767 304
1759 1787 304
1760 1768 304
1760 1796 304
1765 1779 304
1774 1775 304
1795 1822 304
1802 1803 304
1831 1888 304
1855 1883 304
1486 1578 305
1503 1545 305
1524 1539 305
1528 1538 305
1528 1705 305
1545 1705 305
1562 1707 305
1661 1696 305
1664 1674 305
1665 1666 305
1665 1698 305
1666 1695 305
1666 1920 305
1670 1688 305
1673 1688 305
1675 1681 305
1682 1687 305
1695 1920 305
1702 1718 305
1702 1749 305
1702 1877 305
1706 1718 305
1706 1897 305
1711 1787 305
1739 1851 305
1745 1765 305
1745 1779 305
1749 1877 305
1801 1843 305
1802 1803 305
1855 1863 305
1858 1889 305
1861 1872 305
1861 1889 305
1887 1912 305
1429 1439 306
1453 1468 306
1500 1837 306
1503 1815 306
1504 1533 306
1519 1533 306
1528 1545 306
1528 1815 306
1532 1533 306
1532 1538 306
1533 1548 306
1545 1705 306
1545 1815 306
1567 1727 306
1574 1700 306
1574 1707 306
1579 1700 306
1650 1704 306
1661 1696 306
1666 1908 306
1670 1673 306
1670 1688 306
1673 1688 306
1674 1684 306
1674 1890 306
1675 1681 306
1680 1695 306
1682 1687 306
1695 1920 306
1697 1912 306
1698 1912 306
1702 1706 306
1702 1718 306
1702 1749 306
1702 1877 306
1704 1732 306
1705 1797 306
1705 1815 306
1706 1718 306
1706 1877 306
1707 1727 306
1711 1787 306
1718 1897 306
1737 1738 306
1759 1787 306
1764 1787 306
1774 1775 306
1802 1803 306
1852 1902 306
1861 1872 306
1861 1889 306
1435 1443 307
1435 1471 307
1443 1486 307
1500 1532 307
1500 1837 307
1503 1815 307
1504 1533 307
1525 1837 307
1528 1545 307
1528 1705 307
1532 1837 307
1545 1705 307
1558 1731 307
1560 1580 307
1574 1700 307
1661 1696 307
1663 1680 307
1663 1695 307
1664 1674 307
1665 1697 307
1666 1908 307
1670 1673 307
1670 1688 307
1673 1688 307
1675 1681 307
1680 1695 307
1682 1687 307
1684 1688 307
1695 1920 307
1697 1912 307
1702 1706 307
1702 1749 307
1706 1749 307
1713 1851 307
1718 1890 307
1746 1820 307
1749 1877 307
1759 1787 307
1802 1803 307
1855 1863 307
1429 1439 308
1452 1457 308
1452 1498 308
1452 1522 308
1500 1532 308
1500 1837 308
1503 1546 308
1503 1815 308
1504 1524 308
1504 1533 308
1528 1797 308
1532 1837 308
1545 1797 308
1546 1815 308
1548 1705 308
1558 1731 308
1560 1594 308
1560 1685 308
1560 1731 308
1625 1628 308
1661 1765 308
1663 1681 308
1663 1695 308
1663 1920 308
1664 1674 308
1665 1912 308
1666 1688 308
1666 1851 308
1666 1908 308
1670 1739 308
1673 1684 308
1673 1851 308
1673 1908 308
1674 1684 308
1675 1681 308
1675 1688 308
1681 1688 308
1685 1731 308
1688 1908 308
1695 1920 308
1697 1704 308
1697 1912 308
1702 1706 308
1709 1746 308
1710 1732 308
1713 1739 308
1713 1898 308
1718 1890 308
1737 1738 308
1759 1787 308
1760 1783 308
1796 1798 308
1802 1803 308
1851 1908 308
1858 1889 308
1889 1898 308
1890 1897 308
1429 1439 309
1457 1522 309
1486 1585 309
1500 1532 309
1500 1837 309
1503 1546 309
1504 1524 309
1504 1533 309
1528 1705 309
1528 1797 309
1532 1549 309
1533 1549 309
1538 1546 309
1551 1572 309
1558 1727 309
1558 1731 309
1580 1685 309
1663 1854 309
1664 1854 309
1666 1688 309
1666 1908 309
1670 1673 309
1670 1675 309
1673 1908 309
1674 1684 309
1675 1681 309
1680 1854 309
1680 1863 309
1682 1687 309
1688 1908 309
1698 1713 309
1702 1706 309
1702 1877 309
1702 1890 309
1704 1855 309
1706 1877 309
1706 1890 309
1708 1887 309
1709 1746 309
1711 1759 309
1718 1897 309
1727 1731 309
1732 1855 309
1732 1863 309
1732 1883 309
1737 1738 309
1748 1782 309
1759 1787 309
1764 1775 309
1765 1779 309
1767 1787 309
1800 1820 309
1802 1803 309
1855 1887 309
1861 1889 309
1890 1897 309
1430 1482 310
1457 1468 310
1457 1522 310
1475 1578 310
1480 1563 310
1500 1837 310
1503 1538 310
1503 1815 310
1504 1533 310
1519 1533 310
1525 1837 310
1528 1705 310
1532 1548 310
1532 1653 310
1538 1815 310
1545 1705 310
1551 1572 310
1555 1572 310
1560 1594 310
1560 1712 310
1562 1707 310
1572 1580 310
1580 1685 310
1580 1712 310
1606 1906 310
1661 1696 310
1663 1680 310
1666 1908 310
1670 1688 310
1675 1681 310
1682 1687 310
1685 1731 310
1695 1920 310
1702 1706 310
1702 1749 310
1702 1877 310
1704 1708 310
1705 1797 310
1705 1815 310
1706 1877 310
1709 1746 310
1718 1890 310
1722 1833 310
1727 1731 310
1739 1889 310
1765 1779 310
1772 1774 310
1774 1775 310
1797 1815 310
1802 1803 310
1855 1887 310
1861 1889 310
1863 1887 310
1430 1482 311
1431 1486 311
1503 1538 311
1538 1545 311
1545 1797 311
1548 1653 311
1552 1572 311
1552 1700 311
1555 1572 311
1558 1580 311
1558 1731 311
1560 1731 311
1572 1580 311
1580 1685 311
1594 1712 311
1603 1643 311
1606 1906 311
1613 1628 311
1632 1847 311
1661 1696 311
1663 1680 311
1664 1765 311
1666 1908 311
1670 1673 311
1670 1688 311
1673 1688 311
1674 1684 311
1675 1681 311
1688 1695 311
1695 1920 311
1697 1779 311
1702 1706 311
1702 1749 311
1702 1877 311
1706 1877 311
1718 1890 311
1743 1898 311
1753 1787 311
1766 1787 311
1774 1775 311
1774 1796 311
1787 1796 311
1802 1803 311
1831 1888 311
1858 1889 311
1859 1909 311
1861 1889 311
1890 1897 311
1457 1522 312
1500 1545 312
1503 1546 312
1504 1533 312
1519 1533 312
1524 1539 312
1525 1549 312
1528 1815 312
1532 1548 312
1539 1797 312
1546 1815 312
1551 1580 312
1552 1579 312
1552 1685 312
1552 1700 312
1560 1572 312
1560 1700 312
1572 1700 312
1574 1707 312
1613 1628 312
1650 1883 312
1661 1663 312
1661 1696 312
1665 1673 312
1665 1697 312
1665 1912 312
1666 1908 312
1670 1688 312
1675 1681 312
1682 1687 312
1695 1920 312
1697 1912 312
1700 1727 312
1704 1708 312
1704 1855 312
1706 1718 312
1706 1890 312
1711 1787 312
1738 1909 312
1746 1748 312
1749 1877 312
1752 1760 312
1752 1783 312
1757 1783 312
1760 1787 312
1765 1779 312
1787 1798 312
1831 1888 312
1861 1889 312
1883 1898 312
1890 1897 312
1908 1912 312
1429 1439 313
1431 1434 313
1457 1522 313
1458 1493 313
1503 1504 313
1504 1548 313
1524 1539 313
1525 1528 313
1525 1545 313
1525 1837 313
1528 1705 313
1528 1837 313
1532 1548 313
1538 1546 313
1545 1797 313
1545 1837 313
1552 1562 313
1552 1574 313
1558 1567 313
1558 1685 313
1558 1700 313
1560 1700 313
1562 1574 313
1606 1906 313
1650 1695 313
1650 1920 313
1656 1708 313
1663 1680 313
1665 1697 313
1665 1912 313
1666 1908 313
1670 1688 313
1673 1684 313
1675 1681 313
1682 1687 313
1695 1920 313
1697 1912 313
1698 1713 313
1698 1887 313
1702 1877 313
1704 1855 313
1706 1718 313
1708 1732 313
1708 1779 313
1708 1855 313
1718 1889 313
1732 1887 313
1743 1898 313
1749 1877 313
1752 1760 313
1757 1760 313
1760 1768 313
1765 1779 313
1770 1796 313
1802 1803 313
1802 1835 313
1831 1888 313
1861 1889 313
1890 1897 313
1457 1522 314
1495 1668 314
1500 1528 314
1503 1815 314
1504 1548 314
1504 1797 314
1504 1815 314
1524 1797 314
1525 1548 314
1525 1837 314
1532 1548 314
1538 1546 314
1545 1797 314
1552 1562 314
1552 1574 314
1558 1560 314
1606 1906 314
1656 1743 314
1661 1681 314
1663 1680 314
1665 1697 314
1665 1854 314
1665 1912 314
1666 1908 314
1670 1688 314
1674 1684 314
1675 1681 314
1682 1687 314
1682 1688 314
1682 1698 314
1684 1765 314
1695 1920 314
1697 1912 314
1702 1749 314
1702 1877 314
1713 1872 314
1739 1743 314
1746 1809 314
1765 1779 314
1765 1854 314
1778 1792 314
1802 1803 314
1831 1888 314
1851 1908 314
1855 1863 314
1863 1887 314
1890 1897 314
1426 1435 315
1435 1578 315
1500 1524 315
1500 1528 315
1524 1528 315
1525 1837 315
1528 1539 315
1532 1548 315
1532 1837 315
1538 1546 315
1613 1628 315
1632 1835 315
1656 1673 315
1661 1696 315
1663 1664 315
1663 1687 315
1664 1666 315
1664 1908 315
1665 1680 315
1665 1912 315
1666 1908 315
1670 1688 315
1670 1698 315
1670 1704 315
1673 1688 315
1673 1898 315
1674 1684 315
1680 1912 315
1682 1687 315
1682 1688 315
1682 1708 315
1695 1920 315
1702 1749 315
1702 1877 315
1706 1713 315
1719 1748 315
1746 1809 315
1749 1877 315
1759 1767 315
1764 1775 315
1765 1779 315
1765 1854 315
1779 1854 315
1802 1803 315
1831 1888 315
1858 1889 315
1861 1889 315
1890 1897 315
1435 1824 316
1457 1522 316
1500 1524 316
1500 1528 316
1500 1618 316
1503 1705 316
1503 1815 316
1504 1532 316
1504 1548 316
1504 1815 316
1524 1539 316
1525 1532 316
1525 1548 316
1525 1837 316
1528 1618 316
1532 1548 316
1532 1837 316
1538 1546 316
1545 1705 316
1545 1797 316
1545 1815 316
1548 1837 316
1578 1592 316
1613 1628 316
1656 1698 316
1661 1673 316
1663 1695 316
1664 1666 316
1664 1908 316
1665 1697 316
1665 1912 316
1666 1908 316
1670 1698 316
1680 1697 316
1682 1687 316
1682 1702 316
1682 1749 316
1682 1877 316
1687 1877 316
1697 1912 316
1702 1749 316
1702 1877 316
1705 1815 316
1706 1713 316
1706 1872 316
1706 1889 316
1723 1809 316
1743 1898 316
1749 1877 316
1765 1779 316
1775 1787 316
1782 1833 316
1802 1803 316
1802 1892 316
1831 1888 316
1854 1890 316
1855 1863 316
1858 1889 316
1872 1889 316
1890 1897 316
1461 1516 317
1500 1618 317
1519 1533 317
1519 1546 317
1524 1618 317
1525 1532 317
1525 1548 317
1525 1837 317
1528 1618 317
1532 1548 317
1532 1837 317
1533 1546 317
1538 1546 317
1539 1815 317
1545 1797 317
1546 1815 317
1548 1837 317
1578 1592 317
1613 1628 317
1632 1892 317
1649 1852 317
1661 1696 317
1663 1665 317
1663 1680 317
1663 1697 317
1663 1743 317
1664 1666 317
1665 1779 317
1665 1877 317
1665 1920 317
1666 1674 317
1670 1698 317
1673 1688 317
1680 1697 317
1680 1912 317
1682 1687 317
1682 1749 317
1682 1877 317
1687 1877 317
1695 1920 317
1696 1704 317
1696 1765 317
1696 1887 317
1697 1912 317
1702 1749 317
1704 1732 317
1704 1887 317
1706 1739 317
1708 1710 317
1713 1858 317
1723 1809 317
1732 1855 317
1739 1872 317
1743 1898 317
1746 1909 317
1749 1877 317
1757 1783 317
1765 1779 317
1768 1783 317
1795 1838 317
1800 1820 317
1802 1803 317
1809 1909 317
1831 1888 317
1855 1863 317
1858 1889 317
1861 1889 317
1890 1897 317
1457 1522 318
1500 1524 318
1500 1539 318
1500 1653 318
1504 1533 318
1504 1545 318
1504 1705 318
1504 1797 318
1519 1546 318
1524 1528 318
1525 1532 318
1525 1548 318
1525 1837 318
1528 1539 318
1528 1653 318
1532 1545 318
1532 1548 318
1532 1837 318
1533 1539 318
1533 1815 318
1539 1815 318
1545 1705 318
1545 1797 318
1548 1837 318
1613 1628 318
1649 1852 318
1661 1696 318
1664 1674 318
1666 1674 318
1666 1698 318
1670 1688 318
1670 1698 318
1673 1688 318
1682 1702 318
1682 1749 318
1688 1908 318
1695 1920 318
1702 1749 318
1702 1877 318
1704 1708 318
1706 1718 318
1706 1872 318
1706 1889 318
1710 1887 318
1713 1739 318
1713 1861 318
1718 1889 318
1737 1909 318
1738 1780 318
1738 1909 318
1739 1872 318
1743 1898 318
1749 1877 318
1765 1779 318
1765 1855 318
1768 1783 318
1779 1855 318
1780 1909 318
1782 1859 318
1783 1796 318
1802 1803 318
1851 1890 318
1854 1897 318
1855 1887 318
1861 1872 318
1435 1824 319
1458 1493 319
1471 1592 319
1503 1504 319
1503 1705 319
1504 1545 319
1504 1705 319
1504 1797 319
1524 1539 319
1525 1532 319
1525 1618 319
1525 1837 319
1528 1653 319
1532 1548 319
1532 1837 319
1533 1815 319
1538 1546 319
1539 1653 319
1539 1815 319
1545 1705 319
1545 1797 319
1613 1628 319
1618 1837 319
1650 1664 319
1661 1684 319
1663 1732 319
1663 1912 319
1664 1745 319
1665 1680 319
1665 1695 319
1666 1674 319
1670 1688 319
1675 1681 319
1680 1697 319
1687 1877 319
1695 1912 319
1697 1698 319
1697 1912 319
1698 1912 319
1704 1855 319
1704 1883 319
1706 1713 319
1706 1732 319
1708 1710 319
1708 1889 319
1719 1843 319
1720 1801 319
1720 1822 319
1737 1780 319
1737 1909 319
1739 1908 319
1741 1748 319
1741 1780 319
1743 1898 319
1743 1920 319
1757 1783 319
1764 1774 319
1765 1779 319
1782 1859 319
1783 1796 319
1802 1803 319
1807 1895 319
1855 1887 319
1872 1889 319
1458 1493 320
1461 1516 320
1500 1528 320
1503 1705 320
1524 1539 320
1525 1548 320
1532 1548 320
1532 1618 320
1549 1730 320
1661 1696 320
1661 1704 320
1663 1698 320
1663 1743 320
1663 1912 320
1664 1666 320
1666 1674 320
1666 1739 320
1666 1765 320
1670 1688 320
1670 1908 320
1684 1696 320
1688 1908 320
1695 1920 320
1696 1697 320
1704 1887 320
1706 1861 320
1708 1883 320
1713 1861 320
1718 1861 320
1723 1809 320
1743 1898 320
1757 1783 320
1783 1796 320
1802 1803 320
1858 1889 320
1872 1889 320
1898 1912 320
1500 1528 321
1524 1539 321
1528 1549 321
1528 1730 321
1532 1548 321
1538 1546 321
1538 1705 321
1545 1705 321
1549 1730 321
1551 1594 321
1552 1562 321
1560 1700 321
1564 1872 321
1567 1727 321
1613 1628 321
1650 1887 321
1661 1684 321
1663 1680 321
1663 1697 321
1663 1743 321
1663 1912 321
1664 1666 321
1665 1695 321
1665 1698 321
1665 1920 321
1670 1688 321
1670 1743 321
1670 1898 321
1673 1765 321
1673 1851 321
1680 1688 321
1680 1854 321
1695 1920 321
1696 1887 321
1697 1912 321
1706 1713 321
1706 1851 321
1708 1883 321
1718 1897 321
1719 1723 321
1719 1748 321
1719 1843 321
1743 1898 321
1757 1760 321
1757 1768 321
1757 1783 321
1759 1787 321
1760 1768 321
1765 1897 321
1766 1772 321
1783 1796 321
1802 1803 321
1851 1908 321
1863 1887 321
1872 1889 321
1898 1912 321
1486 1585 322
1500 1528 322
1500 1837 322
1503 1546 322
1503 1815 322
1504 1545 322
1504 1653 322
1504 1815 322
1519 1533 322
1524 1533 322
1524 1539 322
1524 1837 322
1525 1533 322
1528 1730 322
1528 1837 322
1532 1548 322
1532 1653 322
1538 1546 322
1545 1653 322
1545 1705 322
1545 1797 322
1549 1730 322
1551 1555 322
1551 1594 322
1552 1562 322
1552 1574 322
1555 1673 322
1555 1731 322
1560 1572 322
1560 1700 322
1560 1912 322
1567 1735 322
1567 1872 322
1572 1697 322
1572 1700 322
1574 1685 322
1574 1727 322
1594 1727 322
1604 1852 322
1613 1628 322
1650 1684 322
1650 1887 322
1653 1797 322
1656 1908 322
1673 1731 322
1680 1695 322
1681 1890 322
1685 1727 322
1685 1920 322
1697 1912 322
1700 1912 322
1707 1731 322
1710 1883 322
1712 1727 322
1713 1718 322
1713 1861 322
1713 1897 322
1718 1851 322
1718 1897 322
1719 1723 322
1719 1748 322
1720 1843 322
1722 1859 322
1723 1809 322
1737 1780 322
1737 1909 322
1746 1809 322
1757 1760 322
1757 1768 322
1757 1783 322
1759 1787 322
1766 1772 322
1783 1796 322
1795 1859 322
1831 1888 322
1851 1861 322
1851 1897 322
1863 1908 322
1865 1880 322
1872 1889 322
1471 1592 323
1500 1528 323
1503 1545 323
1503 1546 323
1503 1815 323
1504 1539 323
1504 1730 323
1504 1815 323
1519 1533 323
1524 1539 323
1525 1548 323
1532 1548 323
1532 1618 323
1533 1539 323
1538 1546 323
1538 1815 323
1545 1705 323
1548 1618 323
1549 1730 323
1551 1558 323
1552 1562 323
1555 1567 323
1555 1570 323
1560 1572 323
1560 1700 323
1567 1570 323
1567 1872 323
1567 1889 323
1570 1735 323
1572 1700 323
1606 1906 323
1650 1684 323
1661 1684 323
1661 1696 323
1661 1745 323
1663 1666 323
1663 1680 323
1664 1666 323
1664 1674 323
1664 1680 323
1675 1681 323
1675 1890 323
1680 1685 323
1681 1890 323
1682 1749 323
1684 1696 323
1684 1709 323
1685 1695 323
1685 1698 323
1685 1920 323
1695 1920 323
1697 1912 323
1698 1920 323
1705 1797 323
1707 1731 323
1708 1883 323
1713 1897 323
1730 1797 323
1737 1822 323
1743 1898 323
1757 1768 323
1757 1783 323
1760 1768 323
1765 1779 323
1766 1772 323
1782 1859 323
1802 1803 323
1802 1821 323
1831 1888 323
1863 1883 323
1872 1889 323
1468 1477 324
1500 1519 324
1500 1533 324
1500 1730 324
1503 1545 324
1503 1546 324
1503 1815 324
1519 1533 324
1524 1539 324
1533 1539 324
1538 1546 324
1538 1815 324
1545 1705 324
1549 1730 324
1551 1558 324
1552 1562 324
1552 1698 324
1555 1567 324
1555 1570 324
1555 1735 324
1558 1890 324
1560 1572 324
1560 1700 324
1567 1570 324
1567 1735 324
1570 1735 324
1572 1700 324
1653 1815 324
1656 1732 324
1656 1863 324
1661 1696 324
1663 1680 324
1663 1908 324
1665 1697 324
1665 1698 324
1665 1912 324
1670 1688 324
1670 1854 324
1675 1681 324
1680 1908 324
1685 1695 324
1685 1898 324
1685 1920 324
1688 1854 324
1695 1920 324
1697 1698 324
1697 1912 324
1705 1797 324
1710 1887 324
1713 1855 324
1713 1861 324
1713 1897 324
1718 1855 324
1719 1833 324
1720 1748 324
1743 1898 324
1749 1887 324
1757 1760 324
1757 1768 324
1757 1783 324
1760 1768 324
1765 1779 324
1766 1772 324
1768 1796 324
1778 1792 324
1780 1833 324
1802 1803 324
1821 1857 324
1831 1888 324
1872 1889 324
1452 1457 325
1458 1493 325
1468 1477 325
1498 1516 325
1500 1618 325
1503 1546 325
1503 1815 325
1524 1525 325
1524 1539 325
1528 1618 325
1528 1730 325
1528 1837 325
1545 1705 325
1546 1815 325
1549 1730 325
1551 1579 325
1552 1562 325
1552 1685 325
1552 1695 325
1555 1570 325
1555 1890 325
1558 1579 325
1560 1572 325
1560 1700 325
1562 1685 325
1564 1707 325
1572 1700 325
1580 1707 325
1580 1731 325
1613 1628 325
1618 1837 325
1656 1851 325
1663 1680 325
1663 1745 325
1663 1908 325
1664 1674 325
1665 1687 325
1665 1697 325
1665 1708 325
1665 1912 325
1666 1674 325
1670 1688 325
1670 1854 325
1673 1854 325
1685 1695 325
1685 1920 325
1695 1920 325
1697 1912 325
1698 1708 325
1704 1883 325
1705 1797 325
1706 1713 325
1706 1739 325
1706 1861 325
1707 1731 325
1718 1851 325
1718 1855 325
1738 1795 325
1739 1897 325
1743 1898 325
1745 1908 325
1748 1822 325
1757 1760 325
1757 1768 325
1757 1783 325
1759 1767 325
1759 1787 325
1760 1768 325
1780 1782 325
1780 1820 325
1780 1833 325
1802 1803 325
1809 1843 325
1851 1855 325
1858 1890 325
1887 1908 325
1889 1890 325
1453 1477 326
1457 1522 326
1461 1516 326
1468 1477 326
1475 1578 326
1500 1837 326
1503 1538 326
1503 1815 326
1504 1545 326
1504 1705 326
1504 1797 326
1524 1539 326
1525 1528 326
1528 1618 326
1528 1837 326
1539 1730 326
1545 1705 326
1552 1558 326
1552 1562 326
1552 1675 326
1552 1685 326
1558 1562 326
1558 1675 326
1558 1685 326
1560 1572 326
1560 1656 326
1560 1700 326
1562 1681 326
1562 1685 326
1570 1712 326
1572 1700 326
1574 1681 326
1613 1628 326
1618 1837 326
1663 1908 326
1665 1697 326
1666 1765 326
1670 1688 326
1673 1688 326
1675 1685 326
1680 1695 326
1688 1898 326
1695 1920 326
1696 1706 326
1697 1912 326
1702 1749 326
1704 1863 326
1704 1883 326
1705 1797 326
1706 1739 326
1706 1861 326
1706 1897 326
1713 1739 326
1714 1833 326
1718 1855 326
1722 1738 326
1738 1795 326
1739 1897 326
1743 1898 326
1746 1809 326
1746 1843 326
1757 1768 326
1760 1768 326
1765 1779 326
1765 1908 326
1780 1833 326
1831 1865 326
1831 1888 326
1851 1855 326
1858 1890 326
1863 1883 326
1872 1889 326
1453 1477 327
1475 1578 327
1500 1528 327
1500 1618 327
1504 1538 327
1504 1815 327
1525 1837 327
1538 1705 327
1545 1705 327
1545 1797 327
1551 1594 327
1552 1562 327
1552 1574 327
1552 1685 327
1555 1712 327
1555 1727 327
1558 1562 327
1558 1685 327
1562 1675 327
1562 1685 327
1564 1707 327
1567 1682 327
1580 1707 327
1613 1628 327
1618 1705 327
1653 1730 327
1653 1837 327
1665 1697 327
1666 1743 327
1666 1908 327
1673 1688 327
1673 1698 327
1675 1681 327
1680 1698 327
1680 1743 327
1682 1749 327
1682 1877 327
1695 1920 327
1697 1749 327
1702 1749 327
1702 1877 327
1706 1739 327
1706 1897 327
1708 1887 327
1712 1727 327
1718 1851 327
1718 1855 327
1720 1843 327
1722 1795 327
1738 1795 327
1743 1898 327
1760 1768 327
1779 1887 327
1831 1865 327
1831 1888 327
1843 1859 327
1851 1855 327
1858 1890 327
1861 1897 327
1863 1883 327
1865 1880 327
1872 1889 327
1872 1890 327
1889 1890 327
1475 1578 328
1532 1549 328
1533 1538 328
1538 1539 328
1545 1705 328
1545 1837 328
1546 1548 328
1551 1594 328
1552 1562 328
1552 1574 328
1552 1685 328
1560 1889 328
1562 1685 328
1564 1700 328
1567 1697 328
1567 1735 328
1567 1912 328
1572 1889 328
1604 1852 328
1650 1709 328
1663 1680 328
1663 1695 328
1665 1697 328
1666 1674 328
1670 1673 328
1673 1688 328
1673 1743 328
1674 1908 328
1675 1681 328
1681 1727 328
1682 1702 328
1682 1877 328
1695 1920 328
1697 1735 328
1697 1912 328
1700 1707 328
1700 1731 328
1702 1749 328
1702 1877 328
1705 1797 328
1706 1713 328
1706 1739 328
1706 1861 328
1708 1732 328
1710 1863 328
1712 1727 328
1718 1851 328
1718 1855 328
1730 1815 328
1749 1851 328
1749 1855 328
1757 1760 328
1760 1768 328
1764 1774 328
1765 1779 328
1801 1833 328
1820 1833 328
1821 1857 328
1851 1855 328
1863 1887 328
1528 1548 329
1538 1539 329
1546 1730 329
1551 1594 329
1552 1562 329
1552 1574 329
1552 1685 329
1552 1883 329
1558 1564 329
1558 1707 329
1560 1572 329
1560 1700 329
1562 1685 329
1564 1707 329
1567 1665 329
1567 1697 329
1567 1735 329
1572 1872 329
1580 1731 329
1613 1628 329
1663 1680 329
1663 1743 329
1663 1877 329
1663 1920 329
1665 1697 329
1666 1674 329
1666 1887 329
1666 1908 329
1670 1673 329
1670 1688 329
1673 1674 329
1673 1688 329
1674 1877 329
1674 1908 329
1675 1681 329
1675 1851 329
1680 1688 329
1680 1695 329
1681 1851 329
1682 1877 329
1684 1858 329
1695 1920 329
1700 1707 329
1700 1739 329
1700 1872 329
1707 1731 329
1718 1749 329
1739 1858 329
1739 1861 329
1739 1890 329
1764 1774 329
1819 1865 329
1858 1889 329
1861 1890 329
1863 1883 329
1872 1889 329
1500 1504 330
1503 1524 330
1504 1519 330
1504 1705 330
1525 1797 330
1532 1549 330
1532 1730 330
1552 1562 330
1552 1685 330
1558 1564 330
1558 1707 330
1560 1572 330
1560 1700 330
1562 1685 330
1564 1707 330
1567 1579 330
1567 1735 330
1572 1700 330
1580 1707 330
1606 1906 330
1613 1628 330
1628 1852 330
1656 1666 330
1656 1673 330
1656 1908 330
1663 1680 330
1663 1898 330
1663 1920 330
1665 1697 330
1666 1908 330
1670 1680 330
1670 1688 330
1674 1698 330
1674 1908 330
1680 1695 330
1695 1920 330
1704 1883 330
1707 1731 330
1713 1743 330
1713 1861 330
1718 1749 330
1749 1855 330
1764 1774 330
1764 1775 330
1765 1779 330
1766 1772 330
1819 1892 330
1861 1890 330
1451 1520 331
1453 1457 331
1503 1524 331
1539 1653 331
1545 1705 331
1546 1730 331
1558 1564 331
1558 1570 331
1558 1707 331
1560 1572 331
1560 1851 331
1562 1685 331
1567 1735 331
1572 1681 331
1579 1872 331
1580 1707 331
1606 1906 331
1613 1628 331
1650 1732 331
1650 1890 331
1656 1908 331
1663 1680 331
1665 1697 331
1665 1912 331
1666 1674 331
1666 1698 331
1670 1673 331
1670 1688 331
1674 1698 331
1675 1855 331
1681 1851 331
1685 1877 331
1687 1779 331
1695 1920 331
1697 1912 331
1704 1883 331
1704 1890 331
1713 1743 331
1730 1797 331
1730 1815 331
1732 1887 331
1757 1760 331
1764 1774 331
1765 1779 331
1852 1917 331
1854 1863 331
1854 1898 331
1861 1890 331
1872 1889 331
1883 1887 331
1887 1890 331
1500 1730 332
1525 1545 332
1525 1618 332
1545 1815 332
1551 1594 332
1552 1562 332
1552 1685 332
1552 1702 332
1558 1707 332
1560 1572 332
1560 1700 332
1562 1685 332
1570 1735 332
1572 1698 332
1572 1700 332
1574 1712 332
1574 1727 332
1580 1731 332
1613 1628 332
1649 1852 332
1650 1890 332
1663 1685 332
1663 1695 332
1663 1702 332
1663 1851 332
1664 1765 332
1665 1697 332
1665 1912 332
1666 1674 332
1666 1698 332
1670 1688 332
1675 1681 332
1680 1695 332
1681 1688 332
1682 1687 332
1682 1765 332
1682 1779 332
1684 1696 332
1685 1877 332
1695 1920 332
1697 1912 332
1707 1731 332
1713 1877 332
1718 1749 332
1732 1887 332
1749 1854 332
1749 1877 332
1759 1787 332
1764 1774 332
1764 1775 332
1765 1779 332
1772 1774 332
1803 1821 332
1831 1888 332
1851 1855 332
1863 1883 332
1872 1889 332
1887 1890 332
1887 1898 332
1545 1837 333
1552 1562 333
1552 1685 333
1555 1574 333
1558 1707 333
1560 1572 333
1562 1685 333
1570 1735 333
1572 1700 333
1594 1673 333
1650 1887 333
1650 1890 333
1650 1898 333
1663 1680 333
1664 1765 333
1665 1697 333
1666 1675 333
1666 1698 333
1670 1673 333
1670 1688 333
1674 1675 333
1680 1695 333
1682 1687 333
1684 1696 333
1687 1779 333
1688 1698 333
1695 1920 333
1697 1912 333
1702 1743 333
1706 1713 333
1706 1749 333
1706 1858 333
1718 1749 333
1732 1887 333
1743 1897 333
1760 1768 333
1764 1774 333
1764 1775 333
1819 1865 333
1831 1888 333
1851 1855 333
1852 1919 333
1872 1889 333
1887 1898 333
1458 1461 334
1504 1524 334
1525 1797 334
1552 1562 334
1552 1685 334
1558 1564 334
1558 1580 334
1558 1707 334
1558 1731 334
1560 1700 334
1562 1685 334
1570 1735 334
1574 1727 334
1580 1731 334
1606 1906 334
1613 1628 334
1656 1670 334
1664 1765 334
1665 1697 334
1665 1912 334
1666 1908 334
1674 1675 334
1675 1681 334
1682 1687 334
1684 1696 334
1695 1920 334
1697 1912 334
1707 1731 334
1712 1727 334
1757 1760 334
1759 1767 334
1764 1775 334
1819 1865 334
1437 1563 335
1504 1533 335
1504 1546 335
1551 1594 335
1552 1562 335
1552 1685 335
1555 1574 335
1562 1685 335
1567 1735 335
1570 1735 335
1574 1712 335
1606 1906 335
1663 1680 335
1663 1695 335
1664 1673 335
1665 1697 335
1665 1912 335
1670 1908 335
1674 1675 335
1674 1681 335
1675 1681 335
1680 1695 335
1680 1920 335
1684 1696 335
1695 1920 335
1730 1815 335
1757 1760 335
1757 1768 335
1759 1767 335
1759 1787 335
1764 1775 335
1819 1865 335
1458 1461 336
1504 1528 336
1504 1545 336
1552 1562 336
1552 1685 336
1562 1685 336
1570 1735 336
1574 1712 336
1579 1684 336
1606 1906 336
1613 1628 336
1663 1680 336
1663 1695 336
1664 1688 336
1665 1697 336
1666 1675 336
1666 1681 336
1670 1695 336
1674 1681 336
1675 1681 336
1680 1695 336
1682 1687 336
1684 1696 336
1688 1908 336
1712 1727 336
1757 1768 336
1802 1821 336
1807 1880 336
1821 1857 336
1461 1516 337
1504 1545 337
1551 1594 337
1552 1562 337
1552 1685 337
1552 1801 337
1555 1574 337
1558 1731 337
1560 1570 337
1560 1572 337
1560 1707 337
1562 1801 337
1570 1572 337
1572 1700 337
1574 1719 337
1606 1906 337
1632 1847 337
1663 1664 337
1663 1680 337
1663 1695 337
1664 1765 337
1666 1681 337
1670 1908 337
1673 1688 337
1674 1681 337
1675 1681 337
1680 1695 337
1706 1743 337
1757 1768 337
1761 1783 337
1802 1821 337
1807 1880 337
1865 1888 337
1452 1457 338
1452 1498 338
1458 1461 338
1461 1516 338
1504 1519 338
1551 1673 338
1551 1908 338
1552 1562 338
1552 1685 338
1552 1801 338
1552 1809 338
1555 1727 338
1558 1580 338
1558 1707 338
1558 1731 338
1560 1570 338
1560 1572 338
1560 1574 338
1560 1700 338
1562 1685 338
1570 1572 338
1570 1735 338
1572 1700 338
1572 1735 338
1574 1712 338
1574 1719 338
1574 1727 338
1579 1780 338
1580 1707 338
1613 1628 338
1632 1847 338
1656 1833 338
1661 1745 338
1663 1680 338
1663 1681 338
1663 1695 338
1664 1682 338
1664 1765 338
1666 1674 338
1666 1681 338
1670 1673 338
1670 1741 338
1670 1908 338
1673 1908 338
1680 1681 338
1680 1695 338
1682 1687 338
1684 1696 338
1698 1722 338
1700 1833 338
1707 1731 338
1712 1719 338
1712 1727 338
1719 1727 338
1730 1815 338
1757 1760 338
1757 1768 338
1780 1822 338
1802 1821 338
1807 1880 338
1807 1895 338
1838 1843 338
1838 1909 338
1843 1859 338
1843 1909 338
1847 1857 338
1451 1668 339
1461 1501 339
1461 1516 339
1552 1562 339
1552 1685 339
1555 1722 339
1555 1738 339
1558 1580 339
1558 1707 339
1558 1731 339
1560 1696 339
1562 1685 339
1567 1594 339
1570 1735 339
1572 1700 339
1574 1712 339
1574 1719 339
1574 1727 339
1579 1780 339
1579 1801 339
1579 1833 339
1580 1707 339
1580 1731 339
1613 1628 339
1632 1847 339
1661 1745 339
1663 1680 339
1664 1765 339
1666 1674 339
1666 1675 339
1666 1681 339
1666 1688 339
1670 1820 339
1673 1908 339
1674 1681 339
1674 1688 339
1675 1908 339
1707 1731 339
1709 1720 339
1712 1719 339
1712 1727 339
1719 1727 339
1722 1738 339
1727 1748 339
1730 1815 339
1780 1801 339
1780 1822 339
1780 1833 339
1801 1822 339
1802 1821 339
1819 1865 339
1838 1843 339
1838 1909 339
1843 1859 339
1843 1909 339
1458 1461 340
1461 1501 340
1461 1516 340
1504 1519 340
1552 1562 340
1552 1685 340
1552 1720 340
1555 1738 340
1558 1580 340
1558 1707 340
1560 1572 340
1560 1696 340
1562 1685 340
1562 1720 340
1564 1735 340
1567 1594 340
1570 1735 340
1574 1712 340
1574 1727 340
1580 1707 340
1580 1714 340
1580 1731 340
1603 1643 340
1632 1847 340
1656 1664 340
1661 1745 340
1663 1680 340
1663 1695 340
1663 1920 340
1664 1765 340
1665 1745 340
1666 1675 340
1670 1820 340
1670 1908 340
1675 1822 340
1680 1695 340
1680 1920 340
1681 1763 340
1695 1920 340
1707 1714 340
1707 1731 340
1712 1727 340
1714 1731 340
1722 1738 340
1730 1815 340
1737 1838 340
1737 1909 340
1757 1760 340
1757 1783 340
1760 1796 340
1763 1765 340
1763 1809 340
1772 1774 340
1780 1801 340
1805 1819 340
1807 1880 340
1807 1895 340
1819 1865 340
1820 1908 340
1831 1888 340
1838 1909 340
1880 1895 340
1451 1668 341
1461 1501 341
1551 1564 341
1551 1570 341
1552 1663 341
1555 1722 341
1555 1738 341
1558 1570 341
1558 1707 341
1562 1685 341
1562 1695 341
1562 1720 341
1564 1570 341
1564 1714 341
1570 1735 341
1574 1666 341
1574 1712 341
1574 1727 341
1603 1643 341
1613 1628 341
1661 1745 341
1663 1665 341
1663 1680 341
1664 1765 341
1665 1912 341
1666 1727 341
1670 1908 341
1673 1674 341
1673 1909 341
1675 1681 341
1680 1695 341
1680 1920 341
1685 1695 341
1685 1720 341
1695 1920 341
1707 1714 341
1712 1727 341
1712 1801 341
1719 1801 341
1722 1738 341
1727 1801 341
1730 1815 341
1732 1898 341
1737 1909 341
1757 1760 341
1757 1768 341
1795 1843 341
1795 1859 341
1802 1821 341
1807 1880 341
1818 1831 341
1819 1836 341
1819 1865 341
1831 1888 341
1838 1909 341
1843 1859 341
1843 1912 341
1887 1898 341
1437 1563 342
1461 1501 342
1551 1570 342
1555 1722 342
1555 1738 342
1570 1735 342
1613 1628 342
1656 1698 342
1661 1745 342
1663 1680 342
1664 1765 342
1665 1843 342
1666 1809 342
1670 1820 342
1684 1795 342
1695 1920 342
1696 1795 342
1697 1843 342
1702 1706 342
1702 1718 342
1702 1749 342
1706 1887 342
1706 1897 342
1706 1898 342
1707 1731 342
1707 1822 342
1712 1727 342
1713 1887 342
1718 1749 342
1722 1738 342
1730 1815 342
1731 1780 342
1732 1898 342
1743 1749 342
1749 1863 342
1757 1760 342
1757 1768 342
1763 1809 342
1807 1880 342
1819 1865 342
1831 1888 342
1838 1909 342
1843 1859 342
1843 1912 342
1861 1863 342
1863 1883 342
1872 1889 342
1877 1890 342
1887 1898 342
1890 1897 342
1890 1898 342
1461 1501 343
1504 1519 343
1551 1558 343
1555 1722 343
1555 1738 343
1558 1580 343
1567 1737 343
1570 1735 343
1601 1805 343
1601 1892 343
1613 1628 343
1632 1847 343
1632 1888 343
1650 1852 343
1656 1698 343
1661 1745 343
1663 1680 343
1664 1765 343
1665 1697 343
1665 1843 343
1665 1859 343
1665 1912 343
1666 1674 343
1666 1714 343
1670 1820 343
1670 1908 343
1673 1674 343
1681 1920 343
1684 1795 343
1687 1779 343
1696 1700 343
1696 1795 343
1697 1843 343
1697 1912 343
1702 1732 343
1706 1732 343
1707 1731 343
1707 1833 343
1708 1898 343
1710 1749 343
1712 1727 343
1714 1843 343
1714 1912 343
1718 1855 343
1722 1738 343
1732 1897 343
1743 1887 343
1749 1889 343
1757 1760 343
1760 1768 343
1760 1796 343
1782 1908 343
1805 1892 343
1818 1895 343
1820 1908 343
1838 1909 343
1843 1859 343
1847 1888 343
1851 1855 343
1855 1877 343
1855 1890 343
1858 1872 343
1858 1889 343
1859 1912 343
1872 1889 343
1877 1890 343
1461 1501 344
1504 1519 344
1551 1552 344
1551 1833 344
1552 1833 344
1555 1722 344
1555 1738 344
1570 1735 344
1572 1696 344
1574 1712 344
1601 1805 344
1601 1892 344
1606 1906 344
1630 1865 344
1632 1831 344
1661 1745 344
1663 1680 344
1673 1674 344
1674 1675 344
1695 1920 344
1696 1700 344
1697 1843 344
1697 1859 344
1697 1912 344
1704 1877 344
1706 1861 344
1713 1877 344
1718 1877 344
1718 1887 344
1722 1738 344
1730 1815 344
1732 1897 344
1760 1796 344
1782 1820 344
1805 1892 344
1807 1835 344
1822 1833 344
1838 1909 344
1843 1859 344
1843 1912 344
1851 1855 344
1855 1877 344
1855 1890 344
1859 1912 344
1872 1890 344
1890 1898 344
1461 1501 345
1503 1524 345
1552 1562 345
1552 1685 345
1552 1748 345
1560 1572 345
1560 1700 345
1562 1748 345
1570 1735 345
1572 1579 345
1572 1665 345
1572 1700 345
1574 1712 345
1601 1805 345
1601 1818 345
1601 1819 345
1601 1892 345
1625 1628 345
1632 1885 345
1641 1919 345
1650 1708 345
1656 1698 345
1661 1745 345
1663 1680 345
1663 1695 345
1663 1920 345
1664 1765 345
1664 1908 345
1665 1697 345
1680 1695 345
1680 1920 345
1682 1779 345
1684 1795 345
1685 1720 345
1688 1920 345
1695 1920 345
1696 1795 345
1697 1700 345
1702 1889 345
1706 1861 345
1714 1735 345
1718 1855 345
1730 1815 345
1732 1897 345
1741 1809 345
1760 1796 345
1763 1809 345
1765 1908 345
1802 1821 345
1802 1888 345
1802 1895 345
1803 1807 345
1803 1835 345
1805 1818 345
1805 1819 345
1805 1892 345
1807 1835 345
1818 1819 345
1818 1892 345
1819 1892 345
1821 1831 345
1821 1888 345
1821 1895 345
1822 1833 345
1831 1888 345
1831 1895 345
1835 1865 345
1836 1865 345
1838 1909 345
1857 1865 345
1865 1866 345
1872 1890 345
1877 1890 345
1437 1563 346
1451 1520 346
1451 1668 346
1552 1720 346
1558 1714 346
1560 1572 346
1567 1737 346
1570 1735 346
1570 1800 346
1574 1712 346
1601 1892 346
1625 1628 346
1630 1866 346
1632 1831 346
1632 1847 346
1632 1888 346
1650 1704 346
1650 1708 346
1656 1698 346
1661 1745 346
1663 1673 346
1663 1680 346
1663 1681 346
1663 1695 346
1664 1698 346
1665 1731 346
1673 1674 346
1674 1675 346
1680 1688 346
1680 1695 346
1681 1908 346
1685 1720 346
1687 1779 346
1688 1695 346
1695 1920 346
1696 1795 346
1702 1889 346
1704 1851 346
1706 1708 346
1706 1861 346
1710 1854 346
1720 1748 346
1731 1843 346
1749 1883 346
1757 1760 346
1757 1768 346
1760 1768 346
1775 1787 346
1780 1801 346
1782 1820 346
1802 1821 346
1803 1807 346
1807 1880 346
1818 1895 346
1822 1833 346
1831 1847 346
1831 1888 346
1835 1880 346
1836 1865 346
1847 1888 346
1855 1887 346
1877 1890 346
1880 1885 346
1437 1563 347
1451 1668 347
1457 1498 347
1504 1519 347
1551 1555 347
1551 1685 347
1551 1738 347
1551 1833 347
1552 1562 347
1552 1746 347
1558 1707 347
1562 1746 347
1567 1859 347
1570 1735 347
1574 1712 347
1601 1892 347
1606 1906 347
1613 1628 347
1625 1628 347
1630 1836 347
1630 1865 347
1632 1831 347
1632 1847 347
1656 1698 347
1663 1681 347
1664 1765 347
1665 1685 347
1666 1680 347
1670 1908 347
1674 1675 347
1674 1681 347
1680 1681 347
1680 1920 347
1682 1779 347
1682 1838 347
1685 1731 347
1687 1779 347
1695 1920 347
1697 1731 347
1697 1843 347
1698 1719 347
1702 1889 347
1706 1861 347
1707 1719 347
1708 1858 347
1714 1723 347
1714 1801 347
1722 1833 347
1723 1801 347
1723 1822 347
1731 1843 347
1738 1780 347
1738 1822 347
1738 1833 347
1743 1861 347
1749 1863 347
1757 1760 347
1760 1768 347
1775 1787 347
1801 1822 347
1802 1821 347
1802 1847 347
1802 1888 347
1803 1835 347
1805 1819 347
1807 1880 347
1818 1895 347
1819 1892 347
1821 1895 347
1831 1847 347
1831 1888 347
1831 1895 347
1836 1857 347
1836 1865 347
1838 1909 347
1843 1912 347
1847 1888 347
1857 1865 347
1857 1866 347
1865 1866 347
1872 1877 347
1913 1922 347
1451 1668 348
1551 1833 348
1558 1719 348
1562 1746 348
1567 1594 348
1567 1737 348
1567 1859 348
1570 1735 348
1579 1912 348
1601 1892 348
1606 1906 348
1625 1628 348
1632 1807 348
1632 1831 348
1632 1847 348
1632 1888 348
1656 1698 348
1661 1673 348
1663 1674 348
1663 1695 348
1665 1697 348
1665 1731 348
1665 1780 348
1666 1779 348
1666 1908 348
1673 1745 348
1674 1675 348
1680 1920 348
1682 1687 348
1682 1779 348
1687 1745 348
1687 1779 348
1688 1695 348
1695 1920 348
1697 1912 348
1702 1889 348
1714 1722 348
1722 1838 348
1722 1909 348
1730 1815 348
1731 1843 348
1732 1889 348
1741 1763 348
1741 1809 348
1746 1795 348
1748 1780 348
1748 1801 348
1757 1760 348
1763 1809 348
1780 1801 348
1782 1820 348
1795 1800 348
1802 1818 348
1802 1821 348
1802 1888 348
1803 1807 348
1805 1892 348
1807 1847 348
1807 1880 348
1818 1819 348
1818 1821 348
1818 1895 348
1819 1892 348
1821 1895 348
1831 1847 348
1831 1888 348
1836 1857 348
1836 1865 348
1836 1866 348
1838 1909 348
1855 1883 348
1857 1865 348
1857 1866 348
1865 1866 348
1913 1922 348
1451 1668 349
1461 1501 349
1551 1801 349
1551 1833 349
1552 1558 349
1552 1562 349
1552 1720 349
1555 1738 349
1558 1809 349
1562 1707 349
1564 1822 349
1567 1859 349
1570 1735 349
1606 1906 349
1613 1628 349
1625 1628 349
1630 1803 349
1630 1866 349
1632 1831 349
1632 1847 349
1632 1885 349
1643 1648 349
1649 1902 349
1661 1673 349
1661 1745 349
1661 1908 349
1665 1731 349
1673 1745 349
1674 1675 349
1684 1696 349
1684 1908 349
1697 1731 349
1697 1912 349
1713 1863 349
1714 1795 349
1719 1809 349
1722 1738 349
1723 1809 349
1730 1815 349
1732 1889 349
1746 1838 349
1746 1909 349
1757 1760 349
1780 1809 349
1782 1820 349
1801 1833 349
1802 1818 349
1802 1821 349
1802 1888 349
1805 1819 349
1807 1880 349
1818 1821 349
1818 1895 349
1831 1847 349
1831 1888 349
1836 1857 349
1836 1865 349
1836 1866 349
1838 1909 349
1847 1888 349
1855 1883 349
1865 1866 349
1865 1888 349
1451 1668 350
1532 1538 350
1552 1562 350
1555 1722 350
1555 1738 350
1562 1685 350
1562 1700 350
1564 1580 350
1567 1737 350
1570 1735 350
1574 1712 350
1580 1707 350
1606 1906 350
1625 1628 350
1625 1649 350
1628 1902 350
1628 1906 350
1632 1831 350
1632 1847 350
1643 1919 350
1661 1673 350
1661 1680 350
1666 1670 350
1670 1674 350
1673 1680 350
1673 1684 350
1674 1675 350
1680 1684 350
1680 1696 350
1684 1779 350
1684 1908 350
1696 1908 350
1706 1851 350
1707 1714 350
1707 1723 350
1722 1738 350
1731 1843 350
1737 1859 350
1748 1838 350
1757 1760 350
1760 1798 350
1802 1821 350
1819 1895 350
1821 1888 350
1831 1847 350
1831 1888 350
1836 1866 350
1838 1909 350
1843 1912 350
1855 1883 350
1865 1866 350
1902 1916 350
1913 1922 350
1451 1668 351
1453 1501 351
1461 1501 351
1504 1519 351
1532 1538 351
1555 1722 351
1555 1738 351
1555 1909 351
1562 1685 351
1562 1720 351
1564 1665 351
1567 1594 351
1570 1735 351
1570 1822 351
1574 1712 351
1574 1727 351
1603 1922 351
1606 1616 351
1606 1911 351
1613 1907 351
1616 1906 351
1625 1628 351
1625 1919 351
1628 1902 351
1643 1648 351
1649 1911 351
1661 1684 351
1663 1695 351
1665 1697 351
1665 1912 351
1697 1723 351
1697 1912 351
1706 1851 351
1707 1820 351
1714 1735 351
1714 1822 351
1720 1748 351
1722 1738 351
1757 1760 351
1760 1768 351
1760 1798 351
1761 1783 351
1778 1792 351
1782 1820 351
1836 1865 351
1451 1668 352
1453 1461 352
1453 1501 352
1461 1501 352
1504 1519 352
1532 1538 352
1552 1562 352
1552 1720 352
1558 1570 352
1558 1723 352
1558 1780 352
1560 1572 352
1562 1685 352
1562 1738 352
1564 1580 352
1567 1723 352
1567 1780 352
1570 1735 352
1570 1795 352
1574 1712 352
1601 1666 352
1601 1892 352
1606 1649 352
1625 1628 352
1625 1916 352
1632 1847 352
1643 1648 352
1665 1820 352
1666 1688 352
1675 1688 352
1675 1765 352
1675 1847 352
1685 1738 352
1685 1748 352
1697 1912 352
1706 1851 352
1708 1743 352
1712 1727 352
1714 1735 352
1720 1748 352
1722 1909 352
1732 1889 352
1737 1909 352
1738 1748 352
1757 1760 352
1760 1768 352
1760 1798 352
1780 1838 352
1801 1833 352
1852 1919 352
1902 1916 352
1913 1922 352
1451 1668 353
1503 1730 353
1532 1538 353
1552 1562 353
1558 1567 353
1562 1748 353
1567 1714 353
1567 1801 353
1570 1580 353
1579 1594 353
1580 1735 353
1604 1922 353
1606 1649 353
1606 1902 353
1606 1906 353
1609 1917 353
1616 1906 353
1617 1641 353
1625 1628 353
1628 1902 353
1632 1807 353
1685 1831 353
1706 1743 353
1706 1851 353
1706 1890 353
1707 1782 353
1707 1820 353
1713 1863 353
1732 1889 353
1759 1787 353
1760 1768 353
1766 1772 353
1801 1833 353
1803 1880 353
1838 1909 353
1847 1888 353
1857 1866 353
1451 1668 354
1461 1501 354
1532 1538 354
1552 1748 354
1555 1859 354
1558 1567 354
1560 1719 354
1562 1738 354
1564 1570 354
1564 1580 354
1564 1735 354
1570 1735 354
1574 1712 354
1579 1741 354
1580 1735 354
1580 1822 354
1580 1847 354
1601 1831 354
1601 1892 354
1604 1852 354
1604 1922 354
1606 1649 354
1606 1913 354
1609 1917 354
1616 1906 354
1617 1641 354
1625 1628 354
1625 1916 354
1628 1916 354
1630 1885 354
1632 1807 354
1643 1648 354
1649 1906 354
1663 1695 354
1684 1908 354
1687 1779 354
1706 1851 354
1708 1743 354
1714 1731 354
1714 1843 354
1722 1738 354
1723 1847 354
1730 1815 354
1731 1843 354
1732 1889 354
1743 1861 354
1759 1787 354
1760 1768 354
1772 1774 354
1780 1833 354
1802 1805 354
1818 1880 354
1821 1857 354
1821 1895 354
1822 1847 354
1831 1865 354
1838 1909 354
1847 1888 354
1857 1895 354
1865 1885 354
1907 1919 354
1913 1917 354
1503 1524 355
1532 1538 355
1551 1594 355
1552 1562 355
1552 1780 355
1555 1722 355
1555 1738 355
1562 1847 355
1574 1712 355
1603 1604 355
1603 1922 355
1604 1922 355
1606 1649 355
1617 1641 355
1630 1885 355
1632 1685 355
1632 1720 355
1643 1648 355
1649 1911 355
1664 1682 355
1680 1745 355
1685 1720 355
1707 1782 355
1714 1843 355
1718 1887 355
1722 1738 355
1723 1847 355
1731 1843 355
1732 1889 355
1738 1748 355
1749 1863 355
1760 1768 355
1795 1800 355
1803 1880 355
1807 1809 355
1818 1865 355
1818 1880 355
1819 1857 355
1819 1865 355
1821 1895 355
1831 1865 355
1831 1880 355
1831 1892 355
1838 1909 355
1857 1895 355
1858 1890 355
1865 1880 355
1437 1563 356
1451 1668 356
1532 1538 356
1551 1594 356
1552 1562 356
1552 1795 356
1555 1738 356
1562 1795 356
1570 1579 356
1570 1714 356
1570 1735 356
1579 1801 356
1580 1723 356
1580 1822 356
1603 1922 356
1604 1922 356
1609 1616 356
1609 1906 356
1609 1917 356
1617 1641 356
1625 1628 356
1625 1907 356
1625 1916 356
1628 1916 356
1630 1885 356
1632 1685 356
1632 1720 356
1632 1748 356
1643 1648 356
1643 1911 356
1649 1913 356
1665 1675 356
1680 1696 356
1685 1720 356
1685 1748 356
1685 1809 356
1695 1779 356
1706 1851 356
1706 1861 356
1706 1890 356
1707 1782 356
1707 1820 356
1708 1743 356
1714 1735 356
1714 1795 356
1719 1859 356
1719 1888 356
1720 1748 356
1722 1738 356
1723 1822 356
1731 1843 356
1732 1889 356
1741 1809 356
1741 1819 356
1749 1863 356
1759 1787 356
1760 1768 356
1780 1833 356
1819 1857 356
1821 1895 356
1838 1909 356
1880 1892 356
1902 1911 356
1906 1917 356
1907 1911 356
1437 1563 357
1451 1668 357
1500 1653 357
1532 1538 357
1552 1562 357
1552 1720 357
1552 1795 357
1555 1722 357
1555 1738 357
1562 1795 357
1564 1580 357
1570 1735 357
1574 1712 357
1579 1780 357
1603 1913 357
1606 1613 357
1606 1649 357
1606 1852 357
1609 1906 357
1609 1917 357
1617 1641 357
1625 1628 357
1625 1916 357
1628 1916 357
1630 1885 357
1632 1685 357
1632 1748 357
1643 1648 357
1649 1922 357
1656 1670 357
1661 1673 357
1664 1682 357
1664 1688 357
1670 1684 357
1670 1920 357
1674 1681 357
1675 1688 357
1682 1688 357
1684 1908 357
1685 1748 357
1697 1912 357
1706 1861 357
1708 1743 357
1712 1727 357
1714 1735 357
1718 1732 357
1718 1887 357
1719 1737 357
1720 1795 357
1722 1738 357
1731 1843 357
1732 1889 357
1735 1801 357
1741 1805 357
1741 1809 357
1745 1920 357
1749 1863 357
1759 1787 357
1760 1768 357
1782 1820 357
1795 1800 357
1803 1866 357
1821 1895 357
1866 1880 357
1880 1892 357
1906 1917 357
1451 1668 358
1532 1538 358
1533 1549 358
1539 1545 358
1552 1562 358
1552 1723 358
1552 1833 358
1555 1722 358
1564 1580 358
1564 1822 358
1564 1843 358
1574 1712 358
1574 1727 358
1580 1723 358
1580 1822 358
1603 1604 358
1603 1913 358
1604 1852 358
1604 1922 358
1606 1649 358
1609 1649 358
1609 1906 358
1609 1917 358
1616 1906 358
1625 1852 358
1625 1916 358
1628 1902 358
1628 1916 358
1630 1885 358
1643 1648 358
1656 1670 358
1656 1684 358
1656 1920 358
1663 1682 358
1663 1695 358
1664 1675 358
1664 1682 358
1666 1765 358
1670 1920 358
1673 1684 358
1673 1908 358
1674 1681 358
1675 1688 358
1680 1687 358
1682 1695 358
1684 1908 358
1684 1920 358
1685 1748 358
1687 1698 358
1687 1745 358
1687 1779 358
1697 1912 358
1706 1890 358
1712 1727 358
1714 1735 358
1720 1748 358
1723 1822 358
1732 1889 358
1737 1909 358
1741 1809 358
1741 1909 358
1749 1863 358
1757 1760 358
1760 1768 358
1761 1783 358
1761 1787 358
1766 1772 358
1768 1783 358
1783 1787 358
1795 1800 358
1795 1801 358
1800 1801 358
1802 1847 358
1803 1866 358
1803 1892 358
1807 1831 358
1821 1895 358
1836 1888 358
1847 1866 358
1847 1880 358
1865 1892 358
1866 1880 358
1902 1916 358
1437 1563 359
1451 1668 359
1452 1457 359
1458 1516 359
1461 1501 359
1477 1501 359
1532 1538 359
1539 1545 359
1539 1705 359
1551 1594 359
1552 1723 359
1552 1780 359
1555 1685 359
1555 1738 359
1564 1843 359
1570 1735 359
1574 1712 359
1574 1727 359
1580 1822 359
1601 1807 359
1601 1895 359
1603 1604 359
1604 1913 359
1606 1649 359
1613 1643 359
1613 1852 359
1617 1906 359
1625 1916 359
1625 1919 359
1628 1902 359
1628 1916 359
1630 1719 359
1630 1885 359
1632 1719 359
1641 1911 359
1643 1648 359
1649 1906 359
1663 1682 359
1663 1695 359
1665 1666 359
1665 1765 359
1665 1912 359
1673 1674 359
1673 1681 359
1673 1684 359
1673 1745 359
1685 1720 359
1687 1745 359
1687 1779 359
1706 1890 359
1707 1820 359
1708 1743 359
1712 1727 359
1714 1735 359
1719 1859 359
1720 1833 359
1722 1819 359
1741 1809 359
1745 1779 359
1748 1819 359
1759 1766 359
1766 1796 359
1768 1798 359
1772 1778 359
1775 1778 359
1795 1800 359
1795 1801 359
1800 1801 359
1801 1859 359
1802 1847 359
1802 1880 359
1803 1836 359
1805 1819 359
1807 1821 359
1807 1857 359
1807 1895 359
1836 1888 359
1847 1880 359
1852 1907 359
1857 1895 359
1888 1892 359
1902 1916 359
1451 1668 360
1452 1498 360
1453 1461 360
1461 1501 360
1503 1546 360
1532 1538 360
1552 1562 360
1555 1685 360
1555 1722 360
1555 1738 360
1570 1714 360
1570 1735 360
1574 1712 360
1574 1727 360
1580 1822 360
1603 1604 360
1603 1922 360
1604 1922 360
1616 1906 360
1628 1916 360
1630 1821 360
1630 1885 360
1632 1719 360
1632 1802 360
1632 1807 360
1632 1859 360
1656 1670 360
1656 1680 360
1656 1698 360
1656 1920 360
1661 1779 360
1661 1920 360
1663 1687 360
1664 1675 360
1664 1682 360
1665 1765 360
1670 1698 360
1670 1920 360
1673 1674 360
1673 1681 360
1680 1696 360
1682 1695 360
1684 1908 360
1684 1920 360
1685 1738 360
1687 1779 360
1696 1779 360
1697 1912 360
1702 1889 360
1707 1782 360
1707 1820 360
1711 1759 360
1711 1766 360
1711 1772 360
1713 1863 360
1714 1735 360
1748 1909 360
1752 1787 360
1757 1798 360
1759 1766 360
1759 1796 360
1760 1768 360
1764 1767 360
1764 1774 360
1764 1787 360
1766 1770 360
1766 1796 360
1775 1787 360
1782 1820 360
1802 1880 360
1807 1821 360
1819 1821 360
1819 1885 360
1821 1885 360
1857 1895 360
1906 1917 360
1451 1668 361
1453 1461 361
1503 1546 361
1532 1538 361
1552 1562 361
1552 1838 361
1555 1722 361
1555 1738 361
1555 1807 361
1555 1809 361
1567 1570 361
1570 1735 361
1580 1838 361
1601 1802 361
1603 1922 361
1604 1922 361
1606 1649 361
1609 1917 361
1616 1906 361
1616 1922 361
1617 1625 361
1617 1641 361
1625 1919 361
1628 1852 361
1628 1902 361
1628 1916 361
1630 1885 361
1632 1859 361
1643 1648 361
1648 1907 361
1661 1673 361
1661 1681 361
1664 1682 361
1664 1688 361
1665 1666 361
1665 1745 361
1665 1765 361
1666 1765 361
1670 1698 361
1670 1745 361
1673 1674 361
1673 1681 361
1684 1698 361
1684 1745 361
1707 1820 361
1713 1863 361
1714 1735 361
1719 1859 361
1722 1738 361
1723 1838 361
1752 1759 361
1775 1787 361
1782 1820 361
1795 1800 361
1807 1821 361
1807 1857 361
1819 1857 361
1819 1866 361
1833 1836 361
1847 1888 361
1852 1902 361
1852 1916 361
1888 1892 361
1902 1919 361
1451 1668 362
1452 1468 362
1452 1522 362
1465 1486 362
1503 1546 362
1504 1705 362
1532 1538 362
1539 1705 362
1552 1562 362
1555 1722 362
1555 1738 362
1555 1807 362
1555 1838 362
1558 1567 362
1564 1580 362
1570 1735 362
1572 1700 362
1603 1922 362
1609 1917 362
1613 1911 362
1616 1906 362
1617 1625 362
1625 1641 362
1625 1919 362
1628 1852 362
1628 1902 362
1628 1916 362
1630 1800 362
1630 1885 362
1641 1919 362
1656 1696 362
1656 1698 362
1661 1673 362
1663 1779 362
1664 1682 362
1664 1695 362
1665 1912 362
1666 1681 362
1666 1697 362
1666 1765 362
1673 1908 362
1675 1682 362
1675 1688 362
1684 1698 362
1685 1720 362
1687 1779 362
1695 1908 362
1697 1765 362
1697 1908 362
1697 1912 362
1698 1920 362
1706 1861 362
1707 1820 362
1712 1727 362
1714 1735 362
1718 1855 362
1722 1738 362
1722 1847 362
1730 1815 362
1737 1909 362
1741 1838 362
1741 1909 362
1748 1859 362
1759 1787 362
1763 1838 362
1778 1792 362
1779 1920 362
1795 1800 362
1801 1833 362
1802 1819 362
1802 1836 362
1805 1880 362
1807 1865 362
1818 1847 362
1819 1821 362
1819 1857 362
1819 1866 362
1821 1857 362
1821 1866 362
1838 1909 362
1852 1902 362
1852 1916 362
1866 1888 362
1902 1916 362
1906 1922 362
1907 1911 362
1908 1920 362
1451 1520 363
1453 1461 363
1453 1501 363
1457 1498 363
1503 1546 363
1525 1653 363
1532 1538 363
1539 1705 363
1552 1562 363
1555 1738 363
1555 1847 363
1558 1567 363
1564 1580 363
1574 1712 363
1574 1727 363
1579 1763 363
1579 1838 363
1603 1604 363
1603 1922 363
1606 1649 363
1609 1917 363
1613 1628 363
1613 1911 363
1625 1919 363
1628 1902 363
1630 1885 363
1643 1648 363
1663 1695 363
1665 1666 363
1665 1765 363
1685 1738 363
1685 1838 363
1687 1696 363
1697 1765 363
1697 1912 363
1702 1889 363
1706 1851 363
1711 1764 363
1711 1787 363
1712 1727 363
1714 1735 363
1719 1748 363
1719 1859 363
1720 1800 363
1748 1859 363
1763 1838 363
1765 1908 363
1778 1792 363
1780 1801 363
1780 1833 363
1782 1820 363
1792 1796 363
1802 1836 363
1803 1847 363
1821 1831 363
1831 1857 363
1836 1888 363
1866 1888 363
1437 1563 364
1458 1461 364
1461 1516 364
1503 1546 364
1525 1653 364
1532 1538 364
1539 1705 364
1551 1838 364
1555 1685 364
1555 1738 364
1558 1567 364
1558 1822 364
1567 1822 364
1570 1714 364
1570 1735 364
1574 1712 364
1574 1727 364
1603 1906 364
1613 1697 364
1616 1906 364
1617 1641 364
1617 1902 364
1625 1684 364
1628 1852 364
1628 1902 364
1630 1807 364
1641 1675 364
1648 1908 364
1649 1665 364
1666 1916 364
1670 1920 364
1673 1674 364
1675 1902 364
1680 1687 364
1680 1698 364
1684 1908 364
1685 1738 364
1697 1912 364
1702 1889 364
1706 1851 364
1707 1820 364
1708 1743 364
1712 1727 364
1714 1735 364
1718 1855 364
1719 1748 364
1719 1801 364
1719 1859 364
1722 1738 364
1731 1843 364
1732 1889 364
1737 1820 364
1748 1801 364
1748 1859 364
1759 1767 364
1759 1787 364
1760 1796 364
1765 1911 364
1775 1787 364
1778 1792 364
1780 1801 364
1782 1820 364
1801 1859 364
1802 1836 364
1802 1888 364
1803 1847 364
1807 1821 364
1831 1836 364
1836 1866 364
1838 1909 364
1866 1888 364
1880 1892 364
1888 1892 364
1452 1468 365
1452 1522 365
1461 1516 365
1503 1546 365
1525 1653 365
1532 1538 365
1538 1730 365
1555 1685 365
1555 1722 365
1555 1738 365
1558 1567 365
1567 1822 365
1570 1714 365
1570 1735 365
1574 1712 365
1574 1727 365
1579 1763 365
1579 1909 365
1606 1649 365
1609 1917 365
1613 1907 365
1613 1911 365
1613 1919 365
1616 1906 365
1617 1919 365
1625 1911 365
1630 1838 365
1630 1885 365
1632 1821 365
1632 1857 365
1656 1670 365
1656 1698 365
1656 1920 365
1661 1670 365
1661 1745 365
1661 1908 365
1664 1682 365
1664 1695 365
1665 1682 365
1666 1765 365
1670 1920 365
1673 1674 365
1673 1745 365
1674 1681 365
1674 1745 365
1680 1920 365
1682 1688 365
1685 1738 365
1687 1779 365
1687 1913 365
1688 1695 365
1697 1765 365
1697 1912 365
1702 1889 365
1706 1851 365
1706 1861 365
1707 1820 365
1712 1727 365
1714 1735 365
1722 1738 365
1723 1843 365
1730 1815 365
1732 1889 365
1741 1763 365
1748 1801 365
1759 1767 365
1759 1787 365
1760 1796 365
1761 1798 365
1766 1772 365
1768 1798 365
1775 1787 365
1778 1792 365
1780 1801 365
1782 1820 365
1795 1800 365
1802 1888 365
1803 1847 365
1805 1866 365
1807 1865 365
1819 1821 365
1819 1857 365
1831 1836 365
1836 1865 365
1838 1909 365
1865 1866 365
1866 1892 365
1532 1538 366
1551 1594 366
1555 1685 366
1555 1722 366
1555 1738 366
1558 1567 366
1558 1822 366
1567 1822 366
1570 1714 366
1570 1735 366
1572 1700 366
1574 1712 366
1574 1727 366
1579 1741 366
1601 1892 366
1616 1906 366
1625 1641 366
1625 1911 366
1630 1838 366
1630 1885 366
1632 1857 366
1632 1895 366
1664 1682 366
1666 1765 366
1673 1682 366
1674 1682 366
1674 1696 366
1675 1695 366
1697 1912 366
1702 1889 366
1706 1851 366
1706 1890 366
1707 1782 366
1707 1820 366
1714 1735 366
1719 1859 366
1722 1738 366
1759 1787 366
1761 1798 366
1766 1770 366
1768 1798 366
1770 1798 366
1775 1787 366
1782 1820 366
1795 1800 366
1801 1838 366
1801 1859 366
1802 1888 366
1803 1847 366
1805 1866 366
1819 1821 366
1819 1857 366
1831 1847 366
1836 1847 366
1836 1865 366
1836 1866 366
1838 1909 366
1847 1865 366
1865 1866 366
1911 1919 366
1457 1522 367
1504 1548 367
1532 1538 367
1538 1618 367
1538 1815 367
1548 1653 367
1551 1594 367
1551 1707 367
1552 1685 367
1552 1719 367
1555 1722 367
1558 1567 367
1558 1822 367
1567 1735 367
1567 1822 367
1570 1714 367
1570 1735 367
1574 1727 367
1628 1902 367
1656 1680 367
1656 1687 367
1665 1695 367
1674 1682 367
1674 1698 367
1675 1684 367
1680 1687 367
1684 1779 367
1688 1698 367
1688 1920 367
1697 1912 367
1702 1889 367
1706 1851 367
1707 1782 367
1714 1735 367
1719 1748 367
1719 1859 367
1720 1738 367
1748 1801 367
1748 1859 367
1752 1764 367
1752 1772 367
1757 1783 367
1757 1792 367
1759 1767 367
1760 1764 367
1760 1796 367
1760 1798 367
1764 1775 367
1764 1792 367
1770 1792 367
1772 1774 367
1774 1775 367
1774 1796 367
1780 1833 367
1783 1796 367
1783 1798 367
1795 1800 367
1801 1859 367
1802 1803 367
1802 1880 367
1803 1865 367
1818 1847 367
1821 1895 367
1831 1857 367
1838 1909 367
1847 1865 367
1857 1895 367
1866 1888 367
1888 1892 367
1502 1520 368
1503 1524 368
1504 1548 368
1555 1720 368
1555 1738 368
1555 1800 368
1558 1714 368
1558 1735 368
1558 1819 368
1567 1833 368
1570 1714 368
1570 1735 368
1574 1727 368
1580 1723 368
1601 1831 368
1601 1880 368
1616 1906 368
1630 1885 368
1632 1847 368
1656 1682 368
1656 1697 368
1656 1912 368
1661 1670 368
1661 1684 368
1663 1779 368
1666 1695 368
1670 1684 368
1675 1684 368
1680 1908 368
1681 1688 368
1681 1908 368
1682 1687 368
1682 1696 368
1684 1688 368
1695 1696 368
1702 1889 368
1707 1820 368
1708 1858 368
1712 1727 368
1714 1735 368
1720 1738 368
1722 1738 368
1731 1843 368
1741 1763 368
1741 1809 368
1752 1798 368
1766 1767 368
1767 1798 368
1802 1847 368
1803 1847 368
1818 1880 368
1819 1895 368
1821 1857 368
1838 1909 368
1866 1888 368
1437 1563 369
1457 1522 369
1504 1548 369
1538 1730 369
1539 1705 369
1555 1720 369
1555 1722 369
1555 1738 369
1558 1594 369
1558 1723 369
1574 1727 369
1580 1723 369
1594 1843 369
1603 1922 369
1625 1641 369
1625 1919 369
1628 1809 369
1628 1902 369
1630 1885 369
1656 1663 369
1656 1666 369
1656 1696 369
1663 1682 369
1664 1670 369
1665 1687 369
1665 1695 369
1665 1696 369
1665 1745 369
1666 1695 369
1666 1697 369
1680 1688 369
1680 1908 369
1682 1684 369
1682 1687 369
1682 1698 369
1685 1859 369
1695 1697 369
1702 1889 369
1706 1851 369
1708 1743 369
1712 1727 369
1718 1887 369
1720 1738 369
1722 1738 369
1722 1795 369
1748 1859 369
1752 1772 369
1752 1787 369
1752 1798 369
1757 1768 369
1757 1787 369
1757 1796 369
1760 1761 369
1760 1766 369
1764 1774 369
1764 1792 369
1766 1767 369
1768 1783 369
1770 1783 369
1772 1787 369
1772 1798 369
1783 1796 369
1787 1798 369
1802 1857 369
1819 1895 369
1821 1836 369
1888 1892 369
1430 1482 370
1437 1563 370
1452 1522 370
1498 1668 370
1503 1524 370
1504 1548 370
1532 1538 370
1548 1705 370
1551 1782 370
1552 1562 370
1552 1720 370
1555 1722 370
1555 1738 370
1555 1795 370
1558 1580 370
1558 1594 370
1562 1720 370
1567 1780 370
1570 1911 370
1579 1741 370
1580 1594 370
1580 1723 370
1594 1714 370
1594 1723 370
1603 1604 370
1606 1649 370
1606 1809 370
1613 1628 370
1617 1630 370
1630 1885 370
1632 1821 370
1632 1847 370
1666 1695 370
1666 1696 370
1673 1695 370
1675 1688 370
1681 1908 370
1682 1695 370
1685 1801 370
1685 1859 370
1697 1912 370
1698 1745 370
1702 1889 370
1707 1820 370
1709 1852 370
1712 1727 370
1718 1887 370
1720 1763 370
1722 1738 370
1731 1843 370
1752 1757 370
1752 1772 370
1757 1772 370
1757 1796 370
1761 1767 370
1768 1783 370
1768 1796 370
1770 1783 370
1772 1798 370
1774 1778 370
1779 1920 370
1782 1819 370
1783 1796 370
1795 1800 370
1802 1866 370
1805 1847 370
1809 1919 370
1819 1895 370
1821 1865 370
1836 1865 370
1836 1866 370
1836 1892 370
1838 1909 370
1847 1866 370
1865 1866 370
1906 1917 370
1907 1916 370
1451 1468 371
1461 1668 371
1498 1522 371
1503 1524 371
1504 1548 371
1525 1653 371
1532 1538 371
1533 1549 371
1539 1545 371
1552 1720 371
1552 1731 371
1552 1801 371
1555 1722 371
1555 1738 371
1555 1795 371
1558 1822 371
1562 1859 371
1567 1780 371
1570 1735 371
1574 1712 371
1574 1727 371
1594 1714 371
1594 1723 371
1604 1780 371
1606 1809 371
1606 1919 371
1609 1906 371
1616 1906 371
1617 1641 371
1617 1727 371
1628 1902 371
1630 1847 371
1632 1821 371
1632 1857 371
1661 1779 371
1675 1688 371
1681 1697 371
1681 1765 371
1681 1912 371
1684 1779 371
1688 1908 371
1697 1912 371
1702 1889 371
1706 1890 371
1711 1760 371
1718 1887 371
1719 1748 371
1719 1859 371
1722 1738 371
1731 1822 371
1731 1843 371
1738 1795 371
1748 1801 371
1752 1787 371
1753 1783 371
1757 1796 371
1759 1760 371
1759 1764 371
1759 1775 371
1760 1761 371
1761 1767 371
1763 1852 371
1764 1770 371
1764 1774 371
1766 1767 371
1772 1798 371
1802 1866 371
1807 1857 371
1819 1895 371
1821 1836 371
1821 1892 371
1838 1909 371
1852 1909 371
1906 1917 371
1437 1563 372
1451 1452 372
1451 1468 372
1451 1520 372
1503 1524 372
1503 1730 372
1504 1548 372
1532 1538 372
1533 1549 372
1539 1545 372
1539 1705 372
1551 1807 372
1551 1857 372
1555 1738 372
1558 1780 372
1567 1780 372
1570 1735 372
1574 1617 372
1574 1712 372
1579 1741 372
1594 1714 372
1606 1625 372
1606 1809 372
1606 1919 372
1609 1917 372
1616 1906 372
1625 1902 372
1630 1866 372
1656 1765 372
1661 1779 372
1666 1695 372
1675 1688 372
1681 1697 372
1681 1912 372
1684 1779 372
1685 1833 372
1685 1859 372
1697 1745 372
1702 1889 372
1702 1890 372
1706 1851 372
1706 1861 372
1708 1743 372
1711 1759 372
1711 1760 372
1718 1887 372
1720 1748 372
1720 1801 372
1722 1738 372
1722 1795 372
1731 1843 372
1732 1889 372
1743 1887 372
1748 1801 372
1752 1757 372
1752 1787 372
1757 1796 372
1759 1774 372
1759 1775 372
1759 1778 372
1763 1838 372
1763 1852 372
1763 1909 372
1772 1798 372
1774 1778 372
1775 1778 372
1787 1798 372
1805 1892 372
1819 1821 372
1821 1865 372
1821 1866 372
1838 1852 372
1838 1909 372
1851 1890 372
1852 1909 372
1854 1890 372
1857 1902 372
1888 1892 372
1437 1563 373
1479 1668 373
1495 1668 373
1503 1730 373
1532 1538 373
1548 1705 373
1551 1807 373
1552 1562 373
1574 1727 373
1579 1606 373
1579 1741 373
1594 1714 373
1606 1648 373
1606 1741 373
1606 1809 373
1609 1616 373
1609 1917 373
1616 1917 373
1625 1902 373
1625 1919 373
1630 1885 373
1661 1779 373
1663 1665 373
1664 1688 373
1675 1688 373
1681 1765 373
1684 1779 373
1702 1889 373
1702 1890 373
1711 1760 373
1712 1727 373
1714 1782 373
1720 1748 373
1720 1801 373
1720 1859 373
1722 1800 373
1730 1815 373
1732 1889 373
1738 1795 373
1741 1809 373
1743 1887 373
1748 1859 373
1757 1796 373
1759 1775 373
1761 1767 373
1763 1838 373
1763 1852 373
1763 1909 373
1764 1778 373
1801 1833 373
1819 1821 373
1819 1895 373
1821 1847 373
1821 1895 373
1836 1895 373
1838 1852 373
1838 1909 373
1852 1909 373
1854 1890 373
1889 1890 373
1906 1917 373
1913 1919 373
1437 1563 374
1532 1538 374
1552 1562 374
1552 1685 374
1555 1722 374
1555 1738 374
1562 1685 374
1564 1594 374
1579 1741 374
1580 1714 374
1580 1822 374
1594 1723 374
1603 1641 374
1606 1741 374
1606 1809 374
1609 1906 374
1616 1917 374
1617 1641 374
1625 1919 374
1628 1735 374
1628 1911 374
1628 1916 374
1630 1885 374
1630 1902 374
1643 1648 374
1643 1727 374
1661 1779 374
1663 1665 374
1664 1688 374
1675 1688 374
1680 1688 374
1706 1851 374
1707 1838 374
1707 1852 374
1712 1727 374
1720 1859 374
1722 1800 374
1730 1815 374
1731 1843 374
1741 1809 374
1743 1887 374
1749 1890 374
1772 1798 374
1818 1866 374
1831 1847 374
1836 1865 374
1847 1880 374
1855 1883 374
1866 1880 374
1883 1890 374
1906 1917 374
1443 1578 375
1458 1461 375
1458 1516 375
1479 1495 375
1503 1730 375
1504 1548 375
1532 1538 375
1538 1815 375
1552 1562 375
1552 1685 375
1552 1822 375
1555 1722 375
1555 1795 375
1555 1800 375
1560 1798 375
1562 1822 375
1567 1580 375
1567 1594 375
1567 1723 375
1574 1922 375
1579 1707 375
1580 1714 375
1580 1723 375
1604 1922 375
1606 1625 375
1606 1809 375
1609 1906 375
1613 1748 375
1617 1641 375
1625 1809 375
1625 1913 375
1628 1916 375
1630 1885 375
1632 1831 375
1643 1648 375
1643 1727 375
1649 1748 375
1663 1665 375
1663 1698 375
1663 1745 375
1664 1688 375
1675 1688 375
1680 1688 375
1681 1765 375
1698 1745 375
1702 1889 375
1707 1838 375
1707 1909 375
1718 1855 375
1722 1795 375
1730 1815 375
1731 1843 375
1735 1916 375
1741 1809 375
1743 1887 375
1748 1859 375
1752 1772 375
1752 1798 375
1763 1852 375
1763 1909 375
1772 1798 375
1795 1800 375
1802 1847 375
1802 1892 375
1802 1919 375
1818 1821 375
1819 1820 375
1836 1866 375
1852 1909 375
1906 1917 375
1426 1824 376
1435 1578 376
1439 1480 376
1443 1578 376
1451 1520 376
1458 1461 376
1504 1548 376
1532 1538 376
1552 1562 376
1552 1685 376
1552 1720 376
1558 1782 376
1562 1720 376
1567 1580 376
1567 1723 376
1567 1843 376
1570 1916 376
1601 1805 376
1601 1820 376
1601 1847 376
1603 1617 376
1606 1625 376
1609 1787 376
1609 1917 376
1613 1735 376
1613 1911 376
1625 1809 376
1628 1916 376
1630 1885 376
1663 1665 376
1675 1688 376
1680 1688 376
1680 1697 376
1681 1765 376
1702 1889 376
1706 1851 376
1707 1838 376
1711 1760 376
1712 1761 376
1714 1822 376
1718 1887 376
1720 1859 376
1722 1738 376
1730 1815 376
1731 1843 376
1735 1916 376
1741 1809 376
1743 1887 376
1745 1765 376
1752 1757 376
1752 1772 376
1752 1787 376
1757 1787 376
1757 1798 376
1763 1909 376
1768 1772 376
1772 1787 376
1772 1798 376
1774 1778 376
1780 1801 376
1801 1833 376
1802 1892 376
1821 1857 376
1822 1833 376
1838 1852 376
1838 1909 376
1847 1857 376
1852 1909 376
1855 1872 376
1906 1917 376
1426 1824 377
1443 1475 377
1503 1730 377
1504 1548 377
1532 1538 377
1551 1759 377
1551 1783 377
1555 1738 377
1555 1795 377
1562 1685 377
1562 1720 377
1562 1859 377
1567 1580 377
1579 1763 377
1580 1833 377
1601 1865 377
1603 1641 377
1604 1643 377
1606 1741 377
1606 1809 377
1609 1906 377
1609 1917 377
1613 1735 377
1613 1748 377
1616 1906 377
1616 1917 377
1617 1641 377
1625 1632 377
1625 1821 377
1625 1857 377
1630 1885 377
1632 1774 377
1641 1727 377
1649 1764 377
1649 1792 377
1656 1908 377
1663 1665 377
1664 1908 377
1666 1695 377
1675 1688 377
1681 1912 377
1685 1720 377
1685 1796 377
1702 1889 377
1706 1861 377
1706 1890 377
1707 1764 377
1707 1787 377
1707 1820 377
1711 1770 377
1711 1783 377
1714 1757 377
1718 1855 377
1719 1748 377
1719 1911 377
1722 1795 377
1738 1795 377
1738 1800 377
1741 1809 377
1745 1912 377
1759 1761 377
1761 1767 377
1764 1792 377
1772 1798 377
1775 1805 377
1780 1833 377
1780 1911 377
1782 1907 377
1782 1911 377
1802 1821 377
1802 1857 377
1802 1895 377
1803 1866 377
1807 1835 377
1809 1913 377
1818 1847 377
1821 1857 377
1831 1847 377
1838 1852 377
1838 1909 377
1852 1909 377
1857 1895 377
1865 1888 377
1906 1917 377
1439 1471 378
1471 1489 378
1532 1538 378
1548 1705 378
1551 1707 378
1555 1722 378
1555 1738 378
1555 1795 378
1567 1580 378
1567 1833 378
1574 1712 378
1574 1727 378
1579 1606 378
1604 1643 378
1606 1902 378
1609 1906 378
1613 1628 378
1613 1748 378
1616 1906 378
1616 1917 378
1625 1809 378
1625 1919 378
1628 1748 378
1630 1761 378
1630 1822 378
1630 1885 378
1632 1711 378
1632 1774 378
1641 1757 378
1643 1922 378
1656 1670 378
1663 1665 378
1666 1695 378
1675 1688 378
1680 1688 378
1681 1912 378
1685 1859 378
1702 1889 378
1706 1743 378
1708 1743 378
1711 1774 378
1712 1727 378
1714 1798 378
1714 1822 378
1718 1887 378
1719 1748 378
1720 1833 378
1722 1738 378
1731 1843 378
1741 1763 378
1741 1787 378
1743 1861 378
1743 1890 378
1760 1847 378
1761 1775 378
1764 1792 378
1772 1778 378
1780 1801 378
1780 1820 378
1803 1847 378
1809 1913 378
1818 1819 378
1818 1880 378
1818 1892 378
1819 1880 378
1819 1892 378
1819 1895 378
1821 1888 378
1838 1852 378
1838 1909 378
1847 1857 378
1852 1909 378
1855 1883 378
1855 1890 378
1866 1888 378
1880 1913 378
1887 1890 378
1906 1917 378
1426 1443 379
1437 1563 379
1451 1520 379
1504 1548 379
1532 1538 379
1551 1707 379
1551 1820 379
1552 1562 379
1552 1720 379
1555 1722 379
1555 1738 379
1555 1795 379
1567 1594 379
1574 1712 379
1579 1606 379
1579 1902 379
1580 1594 379
1580 1723 379
1601 1821 379
1604 1643 379
1604 1922 379
1606 1902 379
1609 1616 379
1609 1917 379
1613 1628 379
1613 1748 379
1617 1641 379
1628 1748 379
1630 1780 379
1630 1885 379
1630 1913 379
1632 1711 379
1632 1821 379
1643 1648 379
1643 1922 379
1650 1706 379
1656 1908 379
1663 1665 379
1665 1920 379
1675 1688 379
1680 1688 379
1681 1912 379
1685 1796 379
1685 1859 379
1702 1889 379
1704 1890 379
1706 1851 379
1707 1820 379
1708 1743 379
1709 1746 379
1711 1774 379
1712 1727 379
1713 1890 379
1714 1780 379
1722 1738 379
1722 1795 379
1730 1815 379
1731 1843 379
1735 1748 379
1738 1795 379
1741 1763 379
1746 1866 379
1749 1863 379
1749 1883 379
1757 1913 379
1764 1792 379
1764 1913 379
1772 1782 379
1772 1787 379
1779 1920 379
1780 1885 379
1796 1859 379
1805 1880 379
1838 1852 379
1838 1909 379
1852 1909 379
1855 1883 379
1866 1888 379
1880 1892 379
1887 1889 379
1906 1917 379
1426 1443 380
1452 1468 380
1453 1461 380
1458 1461 380
1503 1524 380
1503 1730 380
1504 1548 380
1504 1705 380
1532 1538 380
1548 1705 380
1551 1630 380
1551 1707 380
1551 1820 380
1552 1562 380
1555 1795 380
1558 1911 380
1558 1913 380
1574 1712 380
1574 1727 380
1574 1741 380
1579 1606 380
1594 1723 380
1601 1772 380
1606 1902 380
1609 1906 380
1613 1628 380
1613 1748 380
1617 1641 380
1625 1757 380
1628 1748 380
1630 1738 380
1630 1885 380
1632 1857 380
1649 1685 380
1649 1843 380
1649 1911 380
1650 1706 380
1663 1665 380
1664 1688 380
1665 1745 380
1666 1695 380
1675 1688 380
1685 1768 380
1685 1859 380
1702 1889 380
1706 1851 380
1707 1820 380
1708 1872 380
1709 1746 380
1711 1774 380
1712 1727 380
1714 1907 380
1718 1855 380
1719 1770 380
1722 1738 380
1731 1843 380
1735 1748 380
1738 1795 380
1738 1800 380
1741 1761 380
1749 1863 380
1757 1787 380
1757 1913 380
1759 1760 380
1759 1838 380
1761 1783 380
1761 1916 380
1768 1859 380
1772 1787 380
1775 1792 380
1779 1920 380
1783 1916 380
1787 1888 380
1819 1821 380
1819 1847 380
1831 1857 380
1836 1865 380
1838 1909 380
1855 1872 380
1865 1866 380
1887 1889 380
1452 1468 381
1453 1461 381
1457 1522 381
1504 1548 381
1532 1538 381
1548 1705 381
1551 1707 381
1551 1820 381
1552 1562 381
1552 1567 381
1552 1685 381
1552 1796 381
1555 1722 381
1555 1738 381
1555 1795 381
1558 1594 381
1562 1685 381
1567 1796 381
1574 1712 381
1574 1727 381
1579 1719 381
1579 1757 381
1603 1625 381
1603 1919 381
1606 1880 381
1606 1902 381
1613 1628 381
1625 1919 381
1632 1821 381
1632 1831 381
1641 1919 381
1648 1809 381
1663 1665 381
1664 1675 381
1664 1688 381
1665 1920 381
1666 1695 381
1675 1688 381
1702 1889 381
1706 1851 381
1707 1820 381
1709 1746 381
1712 1727 381
1719 1770 381
1722 1738 381
1722 1795 381
1727 1888 381
1730 1815 381
1735 1748 381
1738 1795 381
1741 1809 381
1749 1863 381
1749 1883 381
1752 1885 381
1759 1760 381
1761 1783 381
1763 1809 381
1768 1833 381
1772 1787 381
1779 1920 381
1780 1833 381
1800 1866 381
1807 1835 381
1819 1831 381
1819 1836 381
1819 1857 381
1821 1857 381
1831 1857 381
1838 1909 381
1847 1892 381
1857 1880 381
1859 1916 381
1892 1902 381
1453 1461 382
1503 1524 382
1504 1548 382
1532 1538 382
1548 1705 382
1551 1707 382
1551 1820 382
1552 1555 382
1552 1562 382
1555 1738 382
1558 1594 382
1567 1580 382
1574 1727 382
1579 1719 382
1579 1757 382
1580 1714 382
1594 1723 382
1601 1761 382
1603 1641 382
1604 1643 382
1604 1922 382
1606 1625 382
1606 1913 382
1613 1735 382
1613 1748 382
1617 1641 382
1617 1772 382
1630 1707 382
1630 1833 382
1630 1885 382
1641 1772 382
1643 1922 382
1648 1922 382
1663 1665 382
1665 1779 382
1675 1688 382
1685 1768 382
1702 1889 382
1706 1851 382
1709 1746 382
1712 1902 382
1719 1770 382
1719 1782 382
1730 1815 382
1738 1796 382
1760 1770 382
1760 1909 382
1761 1766 382
1764 1792 382
1766 1902 382
1767 1783 382
1772 1787 382
1774 1802 382
1779 1920 382
1780 1833 382
1782 1801 382
1782 1916 382
1783 1831 382
1783 1892 382
1809 1913 382
1819 1831 382
1821 1831 382
1831 1866 382
1833 1885 382
1838 1909 382
1847 1892 382
1865 1880 382
1880 1919 382
1906 1917 382
1913 1919 382
1439 1480 383
1453 1461 383
1461 1501 383
1503 1524 383
1504 1548 383
1532 1538 383
1548 1705 383
1551 1552 383
1551 1707 383
1551 1798 383
1551 1801 383
1552 1562 383
1552 1685 383
1555 1738 383
1555 1800 383
1558 1714 383
1567 1580 383
1574 1712 383
1580 1594 383
1580 1714 383
1594 1723 383
1604 1922 383
1606 1809 383
1609 1917 383
1617 1641 383
1630 1885 383
1630 1917 383
1643 1648 383
1643 1782 383
1643 1913 383
1650 1706 383
1661 1745 383
1664 1688 383
1666 1695 383
1675 1688 383
1681 1765 383
1681 1912 383
1682 1687 383
1684 1779 383
1687 1779 383
1706 1851 383
1707 1759 383
1709 1746 383
1712 1727 383
1722 1738 383
1722 1795 383
1735 1748 383
1752 1913 383
1752 1916 383
1757 1770 383
1760 1770 383
1764 1792 383
1768 1859 383
1772 1787 383
1779 1920 383
1780 1783 383
1780 1801 383
1798 1892 383
1801 1820 383
1805 1836 383
1821 1831 383
1821 1857 383
1821 1895 383
1831 1857 383
1847 1892 383
1866 1880 383
1880 1888 383
1906 1911 383
1907 1911 383
1913 1919 383
1453 1461 384
1503 1524 384
1504 1548 384
1525 1653 384
1532 1538 384
1551 1847 384
1552 1562 384
1552 1752 384
1555 1738 384
1555 1795 384
1555 1796 384
1555 1822 384
1562 1752 384
1567 1594 384
1567 1714 384
1567 1723 384
1570 1735 384
1579 1735 384
1580 1714 384
1594 1714 384
1603 1617 384
1603 1641 384
1604 1643 384
1604 1922 384
1606 1809 384
1609 1616 384
1609 1917 384
1613 1628 384
1613 1735 384
1616 1907 384
1617 1787 384
1625 1838 384
1625 1909 384
1630 1885 384
1641 1727 384
1643 1648 384
1643 1922 384
1663 1665 384
1663 1698 384
1666 1695 384
1680 1688 384
1681 1912 384
1682 1687 384
1682 1920 384
1685 1752 384
1685 1768 384
1702 1889 384
1711 1774 384
1712 1727 384
1714 1723 384
1719 1723 384
1719 1731 384
1719 1782 384
1722 1796 384
1735 1748 384
1738 1768 384
1738 1859 384
1741 1763 384
1741 1857 384
1745 1779 384
1752 1768 384
1757 1760 384
1759 1761 384
1759 1775 384
1760 1770 384
1761 1783 384
1761 1913 384
1764 1792 384
1765 1908 384
1772 1787 384
1775 1865 384
1779 1920 384
1780 1801 384
1782 1843 384
1783 1888 384
1787 1865 384
1795 1800 384
1802 1880 384
1802 1888 384
1805 1836 384
1805 1847 384
1805 1892 384
1807 1835 384
1819 1821 384
1819 1857 384
1819 1895 384
1821 1831 384
1821 1895 384
1831 1895 384
1838 1909 384
1847 1892 384
1857 1895 384
1865 1880 384
1880 1888 384
1453 1461 385
1503 1815 385
1504 1548 385
1525 1653 385
1532 1538 385
1551 1822 385
1551 1906 385
1552 1562 385
1552 1720 385
1552 1782 385
1567 1594 385
1570 1738 385
1570 1907 385
1579 1613 385
1579 1919 385
1594 1723 385
1601 1892 385
1603 1617 385
1604 1643 385
1604 1922 385
1606 1741 385
1606 1809 385
1609 1917 385
1613 1707 385
1613 1917 385
1617 1641 385
1625 1737 385
1625 1885 385
1625 1913 385
1628 1752 385
1632 1847 385
1632 1866 385
1643 1922 385
1663 1665 385
1666 1695 385
1681 1912 385
1684 1779 385
1702 1889 385
1706 1851 385
1712 1727 385
1714 1723 385
1730 1815 385
1738 1800 385
1741 1809 385
1752 1821 385
1760 1770 385
1761 1783 385
1764 1792 385
1768 1796 385
1768 1800 385
1772 1787 385
1779 1920 385
1802 1836 385
1802 1888 385
1807 1835 385
1819 1895 385
1821 1857 385
1836 1866 385
1847 1880 385
1858 1890 385
1865 1880 385
1866 1888 385
1906 1916 385
1452 1522 386
1453 1461 386
1503 1730 386
1504 1548 386
1504 1705 386
1525 1653 386
1532 1538 386
1548 1705 386
1552 1562 386
1552 1574 386
1552 1685 386
1552 1719 386
1555 1722 386
1555 1800 386
1558 1562 386
1558 1570 386
1558 1594 386
1558 1719 386
1567 1714 386
1567 1782 386
1570 1574 386
1574 1685 386
1594 1719 386
1601 1606 386
1603 1641 386
1604 1643 386
1606 1809 386
1616 1630 386
1616 1711 386
1630 1759 386
1630 1885 386
1632 1805 386
1632 1831 386
1664 1688 386
1665 1684 386
1665 1779 386
1666 1695 386
1680 1908 386
1681 1912 386
1682 1687 386
1685 1822 386
1685 1859 386
1702 1889 386
1706 1851 386
1712 1727 386
1714 1782 386
1719 1720 386
1732 1889 386
1738 1906 386
1741 1763 386
1741 1805 386
1743 1861 386
1760 1770 386
1763 1805 386
1763 1913 386
1764 1792 386
1772 1787 386
1779 1920 386
1783 1819 386
1802 1818 386
1802 1819 386
1802 1836 386
1802 1865 386
1819 1888 386
1819 1895 386
1838 1909 386
1858 1890 386
1902 1911 386
1913 1919 386
1453 1461 387
1503 1730 387
1504 1705 387
1532 1538 387
1548 1705 387
1551 1761 387
1552 1562 387
1552 1707 387
1555 1722 387
1555 1800 387
1558 1594 387
1558 1738 387
1558 1907 387
1567 1714 387
1567 1723 387
1574 1796 387
1594 1738 387
1594 1907 387
1603 1641 387
1604 1922 387
1606 1913 387
1606 1919 387
1609 1616 387
1609 1774 387
1616 1711 387
1630 1821 387
1632 1866 387
1643 1922 387
1656 1675 387
1666 1695 387
1681 1912 387
1682 1687 387
1682 1779 387
1687 1779 387
1707 1782 387
1708 1861 387
1712 1727 387
1735 1748 387
1738 1906 387
1741 1763 387
1741 1809 387
1743 1861 387
1748 1795 387
1752 1783 387
1757 1763 387
1760 1770 387
1761 1775 387
1761 1783 387
1763 1792 387
1764 1792 387
1767 1798 387
1772 1787 387
1774 1906 387
1779 1920 387
1780 1795 387
1780 1801 387
1809 1919 387
1818 1857 387
1819 1895 387
1821 1831 387
1822 1906 387
1831 1857 387
1838 1909 387
1851 1890 387
1906 1917 387
1911 1922 387
1913 1919 387
1453 1461 388
1503 1524 388
1503 1730 388
1504 1705 388
1532 1538 388
1548 1705 388
1552 1562 388
1552 1707 388
1555 1719 388
1555 1913 388
1555 1919 388
1558 1594 388
1558 1907 388
1567 1580 388
1567 1714 388
1567 1723 388
1570 1574 388
1570 1685 388
1574 1685 388
1574 1738 388
1579 1748 388
1579 1859 388
1579 1916 388
1594 1685 388
1594 1907 388
1601 1802 388
1606 1902 388
1609 1906 388
1613 1712 388
1625 1741 388
1628 1865 388
1630 1885 388
1643 1922 388
1663 1665 388
1663 1745 388
1664 1688 388
1665 1920 388
1681 1912 388
1684 1779 388
1685 1738 388
1687 1779 388
1687 1920 388
1706 1743 388
1711 1774 388
1712 1722 388
1712 1727 388
1714 1723 388
1719 1722 388
1719 1795 388
1719 1800 388
1727 1766 388
1727 1798 388
1738 1768 388
1743 1861 388
1748 1796 388
1748 1916 388
1752 1821 388
1757 1768 388
1760 1770 388
1761 1783 388
1763 1809 388
1764 1792 388
1768 1907 388
1772 1787 388
1779 1920 388
1782 1866 388
1795 1919 388
1805 1865 388
1819 1831 388
1819 1895 388
1821 1866 388
1821 1892 388
1838 1909 388
1857 1866 388
1859 1916 388
1866 1888 388
1908 1912 388
1913 1919 388
1458 1516 389
1503 1524 389
1504 1705 389
1532 1538 389
1551 1759 389
1551 1919 389
1552 1562 389
1552 1625 389
1552 1720 389
1552 1752 389
1555 1722 389
1555 1738 389
1555 1795 389
1564 1580 389
1567 1579 389
1567 1714 389
1567 1719 389
1567 1723 389
1570 1748 389
1574 1685 389
1574 1722 389
1574 1796 389
1603 1617 389
1603 1641 389
1604 1643 389
1604 1922 389
1606 1625 389
1606 1902 389
1613 1632 389
1616 1738 389
1616 1906 389
1616 1917 389
1617 1641 389
1630 1772 389
1630 1885 389
1632 1818 389
1632 1857 389
1632 1888 389
1643 1648 389
1643 1922 389
1663 1665 389
1664 1688 389
1666 1695 389
1681 1912 389
1682 1687 389
1684 1779 389
1685 1796 389
1687 1779 389
1687 1920 389
1688 1745 389
1697 1912 389
1702 1889 389
1706 1743 389
1706 1861 389
1707 1752 389
1708 1861 389
1709 1746 389
1712 1727 389
1722 1738 389
1732 1889 389
1741 1763 389
1743 1861 389
1760 1770 389
1761 1775 389
1761 1783 389
1761 1805 389
1764 1792 389
1765 1908 389
1767 1798 389
1775 1783 389
1779 1920 389
1802 1803 389
1802 1805 389
1803 1805 389
1821 1831 389
1831 1866 389
1831 1888 389
1852 1913 389
1855 1883 389
1906 1917 389
1457 1522 390
1502 1520 390
1504 1653 390
1504 1705 390
1532 1538 390
1551 1780 390
1551 1801 390
1555 1722 390
1555 1809 390
1562 1685 390
1562 1833 390
1564 1567 390
1567 1714 390
1567 1719 390
1567 1723 390
1570 1748 390
1579 1822 390
1594 1916 390
1601 1818 390
1601 1888 390
1601 1895 390
1603 1617 390
1604 1648 390
1604 1727 390
1604 1922 390
1609 1906 390
1613 1628 390
1616 1906 390
1616 1917 390
1630 1885 390
1632 1821 390
1643 1922 390
1664 1688 390
1666 1695 390
1675 1680 390
1681 1912 390
1682 1695 390
1697 1745 390
1702 1889 390
1707 1820 390
1707 1895 390
1708 1861 390
1709 1746 390
1709 1913 390
1711 1774 390
1712 1727 390
1714 1822 390
1719 1731 390
1719 1843 390
1722 1738 390
1731 1843 390
1732 1889 390
1743 1861 390
1760 1770 390
1763 1809 390
1764 1792 390
1765 1908 390
1766 1798 390
1768 1770 390
1772 1787 390
1775 1783 390
1779 1920 390
1780 1801 390
1780 1833 390
1782 1843 390
1795 1796 390
1795 1800 390
1802 1821 390
1802 1866 390
1821 1866 390
1831 1888 390
1847 1880 390
1847 1892 390
1847 1895 390
1852 1913 390
1855 1883 390
1880 1892 390
1880 1902 390
1906 1916 390
1907 1911 390
1451 1520 391
1479 1495 391
1504 1548 391
1504 1705 391
1538 1815 391
1552 1562 391
1552 1574 391
1552 1685 391
1552 1796 391
1555 1722 391
1555 1800 391
1562 1574 391
1562 1796 391
1567 1723 391
1567 1782 391
1567 1859 391
1570 1735 391
1574 1630 391
1579 1764 391
1579 1774 391
1580 1859 391
1601 1888 391
1601 1895 391
1603 1641 391
1603 1922 391
1606 1809 391
1613 1649 391
1613 1789 391
1616 1916 391
1616 1917 391
1617 1641 391
1625 1821 391
1625 1919 391
1628 1789 391
1630 1885 391
1632 1831 391
1663 1665 391
1664 1688 391
1666 1695 391
1681 1912 391
1684 1779 391
1685 1796 391
1697 1745 391
1702 1889 391
1706 1743 391
1706 1861 391
1707 1907 391
1707 1919 391
1709 1746 391
1711 1774 391
1712 1727 391
1713 1863 391
1714 1723 391
1719 1731 391
1719 1782 391
1719 1843 391
1720 1780 391
1722 1738 391
1731 1843 391
1732 1897 391
1738 1800 391
1748 1859 391
1759 1801 391
1760 1768 391
1760 1770 391
1761 1783 391
1764 1792 391
1765 1908 391
1766 1798 391
1768 1770 391
1772 1787 391
1775 1783 391
1778 1787 391
1779 1920 391
1802 1821 391
1802 1857 391
1802 1866 391
1803 1805 391
1805 1836 391
1818 1865 391
1820 1907 391
1821 1857 391
1847 1892 391
1852 1913 391
1906 1916 391
1451 1520 392
1500 1546 392
1503 1524 392
1504 1705 392
1528 1653 392
1551 1780 392
1552 1562 392
1552 1796 392
1562 1685 392
1562 1796 392
1567 1719 392
1567 1723 392
1567 1782 392
1570 1594 392
1579 1764 392
1579 1792 392
1580 1723 392
1603 1643 392
1604 1643 392
1613 1752 392
1617 1641 392
1625 1763 392
1625 1919 392
1632 1895 392
1632 1902 392
1663 1665 392
1664 1688 392
1681 1912 392
1684 1745 392
1684 1779 392
1685 1796 392
1697 1745 392
1697 1912 392
1698 1745 392
1702 1889 392
1705 1797 392
1705 1815 392
1707 1820 392
1708 1858 392
1709 1746 392
1709 1852 392
1712 1727 392
1714 1723 392
1718 1855 392
1718 1887 392
1719 1720 392
1719 1782 392
1738 1800 392
1741 1919 392
1743 1887 392
1748 1906 392
1748 1917 392
1752 1789 392
1764 1792 392
1765 1908 392
1767 1798 392
1768 1770 392
1772 1787 392
1775 1783 392
1780 1833 392
1787 1922 392
1789 1902 392
1797 1815 392
1802 1805 392
1803 1847 392
1818 1821 392
1821 1857 392
1821 1888 392
1822 1833 392
1836 1865 392
1855 1872 392
1857 1888 392
1859 1917 392
1865 1892 392
1865 1895 392
1872 1890 392
1906 1916 392
1906 1917 392
1916 1917 392
1453 1461 393
1457 1522 393
1500 1525 393
1525 1815 393
1528 1549 393
1551 1707 393
1552 1796 393
1555 1722 393
1555 1800 393
1555 1838 393
1555 1859 393
1562 1574 393
1562 1685 393
1567 1723 393
1567 1782 393
1579 1764 393
1579 1792 393
1579 1885 393
1603 1648 393
1606 1625 393
1613 1789 393
1625 1763 393
1625 1902 393
1625 1919 393
1630 1885 393
1632 1818 393
1632 1880 393
1664 1688 393
1682 1687 393
1684 1698 393
1684 1779 393
1685 1796 393
1702 1889 393
1705 1797 393
1705 1815 393
1706 1851 393
1706 1861 393
1707 1820 393
1708 1858 393
1709 1746 393
1709 1852 393
1711 1774 393
1714 1723 393
1718 1887 393
1719 1720 393
1722 1738 393
1741 1763 393
1743 1887 393
1746 1852 393
1764 1792 393
1765 1908 393
1768 1770 393
1772 1778 393
1772 1787 393
1780 1885 393
1789 1821 393
1797 1815 393
1800 1838 393
1802 1821 393
1818 1821 393
1818 1880 393
1819 1892 393
1821 1857 393
1851 1861 393
1865 1888 393
1865 1892 393
1866 1892 393
1888 1892 393
1906 1916 393
1504 1519 394
1548 1653 394
1551 1707 394
1552 1562 394
1552 1574 394
1552 1796 394
1555 1613 394
1562 1574 394
1567 1723 394
1570 1748 394
1574 1796 394
1579 1764 394
1579 1885 394
1580 1723 394
1601 1880 394
1603 1604 394
1606 1809 394
1606 1902 394
1609 1916 394
1613 1649 394
1613 1752 394
1617 1641 394
1617 1778 394
1625 1913 394
1630 1757 394
1630 1885 394
1632 1880 394
1643 1648 394
1650 1706 394
1656 1674 394
1656 1675 394
1680 1745 394
1681 1697 394
1681 1765 394
1682 1687 394
1685 1796 394
1697 1912 394
1702 1889 394
1706 1861 394
1709 1746 394
1709 1852 394
1712 1727 394
1713 1863 394
1718 1855 394
1718 1887 394
1719 1720 394
1719 1820 394
1722 1738 394
1722 1795 394
1722 1859 394
1735 1748 394
1738 1800 394
1738 1838 394
1738 1909 394
1743 1887 394
1745 1765 394
1745 1908 394
1763 1902 394
1763 1919 394
1765 1908 394
1766 1798 394
1772 1787 394
1779 1920 394
1780 1833 394
1795 1800 394
1795 1838 394
1795 1909 394
1800 1859 394
1800 1909 394
1802 1821 394
1803 1847 394
1805 1880 394
1821 1857 394
1838 1859 394
1851 1861 394
1859 1909 394
1902 1919 394
1906 1916 394
1504 1548 395
1504 1653 395
1546 1797 395
1551 1552 395
1551 1820 395
1552 1562 395
1552 1574 395
1555 1795 395
1555 1838 395
1558 1616 395
1562 1574 395
1567 1580 395
1567 1723 395
1570 1748 395
1574 1685 395
1579 1764 395
1603 1919 395
1606 1741 395
1606 1809 395
1609 1616 395
1609 1906 395
1613 1649 395
1613 1818 395
1617 1641 395
1625 1913 395
1628 1752 395
1630 1885 395
1632 1895 395
1656 1675 395
1661 1682 395
1663 1665 395
1673 1695 395
1680 1908 395
1682 1687 395
1685 1796 395
1702 1854 395
1702 1861 395
1706 1851 395
1706 1861 395
1707 1922 395
1709 1746 395
1709 1852 395
1711 1774 395
1713 1863 395
1719 1720 395
1722 1738 395
1722 1795 395
1741 1809 395
1743 1887 395
1752 1789 395
1757 1760 395
1757 1770 395
1763 1809 395
1765 1908 395
1775 1833 395
1782 1783 395
1783 1833 395
1795 1800 395
1800 1859 395
1807 1835 395
1821 1857 395
1847 1859 395
1851 1854 395
1851 1861 395
1865 1880 395
1872 1898 395
1880 1895 395
1883 1890 395
1888 1892 395
1907 1913 395
1919 1922 395
1451 1520 396
1461 1501 396
1502 1520 396
1504 1797 396
1551 1782 396
1551 1820 396
1552 1562 396
1555 1738 396
1562 1574 396
1562 1685 396
1567 1580 396
1567 1723 396
1574 1685 396
1574 1796 396
1579 1902 396
1603 1643 396
1603 1922 396
1606 1632 396
1606 1809 396
1609 1911 396
1613 1649 396
1616 1917 396
1617 1641 396
1617 1778 396
1625 1902 396
1625 1907 396
1628 1789 396
1632 1711 396
1632 1895 396
1643 1922 396
1656 1675 396
1661 1673 396
1661 1682 396
1681 1697 396
1682 1687 396
1687 1920 396
1697 1912 396
1698 1745 396
1702 1851 396
1702 1861 396
1704 1713 396
1707 1782 396
1707 1820 396
1709 1746 396
1709 1852 396
1711 1907 396
1712 1727 396
1714 1723 396
1718 1883 396
1719 1720 396
1722 1738 396
1732 1897 396
1741 1763 396
1741 1780 396
1741 1809 396
1746 1852 396
1760 1768 396
1764 1792 396
1764 1833 396
1765 1908 396
1766 1767 396
1766 1798 396
1772 1787 396
1779 1920 396
1800 1838 396
1802 1847 396
1831 1865 396
1851 1861 396
1851 1889 396
1854 1889 396
1895 1907 396
1906 1916 396
1906 1917 396
1916 1917 396
1435 1578 397
1451 1520 397
1461 1501 397
1479 1668 397
1504 1653 397
1504 1837 397
1533 1546 397
1551 1707 397
1551 1820 397
1552 1562 397
1555 1738 397
1562 1685 397
1574 1685 397
1574 1796 397
1579 1902 397
1601 1802 397
1601 1831 397
1609 1906 397
1609 1917 397
1613 1857 397
1617 1763 397
1625 1913 397
1625 1919 397
1630 1885 397
1648 1761 397
1656 1675 397
1661 1682 397
1675 1680 397
1680 1697 397
1681 1697 397
1688 1697 397
1702 1890 397
1706 1861 397
1707 1782 397
1707 1820 397
1707 1907 397
1709 1746 397
1709 1852 397
1712 1727 397
1714 1723 397
1719 1720 397
1722 1738 397
1732 1889 397
1735 1748 397
1748 1822 397
1757 1768 397
1759 1818 397
1760 1768 397
1760 1770 397
1763 1809 397
1765 1908 397
1766 1767 397
1766 1798 397
1772 1809 397
1772 1866 397
1780 1917 397
1782 1820 397
1782 1907 397
1789 1819 397
1792 1833 397
1795 1800 397
1797 1837 397
1802 1838 397
1809 1866 397
1819 1831 397
1820 1907 397
1838 1909 397
1854 1861 397
1880 1895 397
1887 1889 397
1888 1892 397
1911 1916 397
1913 1919 397
1426 1429 398
1437 1563 398
1504 1548 398
1552 1562 398
1552 1574 398
1552 1796 398
1555 1722 398
1555 1738 398
1558 1567 398
1558 1822 398
1562 1685 398
1562 1707 398
1567 1594 398
1570 1916 398
1574 1630 398
1574 1782 398
1579 1741 398
1579 1902 398
1580 1723 398
1603 1643 398
1603 1919 398
1604 1922 398
1609 1906 398
1609 1917 398
1613 1628 398
1625 1902 398
1630 1885 398
1632 1711 398
1643 1919 398
1649 1831 398
1650 1883 398
1656 1675 398
1661 1682 398
1663 1665 398
1675 1696 398
1680 1697 398
1680 1908 398
1684 1779 398
1702 1889 398
1707 1907 398
1708 1743 398
1712 1727 398
1714 1723 398
1719 1731 398
1719 1764 398
1720 1761 398
1722 1738 398
1722 1759 398
1727 1913 398
1730 1815 398
1731 1792 398
1746 1800 398
1749 1897 398
1760 1768 398
1760 1770 398
1763 1809 398
1768 1770 398
1770 1906 398
1772 1787 398
1779 1920 398
1782 1820 398
1795 1800 398
1795 1852 398
1800 1852 398
1820 1907 398
1821 1857 398
1854 1890 398
1855 1872 398
1857 1895 398
1906 1917 398
1500 1815 399
1524 1815 399
1551 1562 399
1552 1562 399
1555 1722 399
1555 1738 399
1558 1594 399
1558 1731 399
1560 1601 399
1560 1818 399
1562 1722 399
1567 1594 399
1567 1748 399
1572 1700 399
1574 1609 399
1574 1772 399
1579 1748 399
1579 1801 399
1579 1822 399
1609 1917 399
1613 1628 399
1613 1807 399
1617 1641 399
1625 1783 399
1628 1649 399
1628 1752 399
1632 1774 399
1643 1913 399
1649 1789 399
1649 1807 399
1650 1702 399
1650 1889 399
1656 1675 399
1663 1665 399
1675 1696 399
1680 1697 399
1680 1908 399
1688 1697 399
1706 1861 399
1706 1890 399
1708 1743 399
1711 1902 399
1714 1719 399
1714 1843 399
1718 1887 399
1719 1731 399
1719 1843 399
1720 1759 399
1722 1738 399
1723 1764 399
1723 1792 399
1723 1843 399
1731 1843 399
1732 1883 399
1741 1763 399
1741 1809 399
1741 1919 399
1748 1822 399
1752 1916 399
1760 1770 399
1763 1809 399
1764 1782 399
1766 1798 399
1772 1787 399
1779 1920 399
1782 1820 399
1789 1911 399
1795 1859 399
1802 1805 399
1807 1835 399
1809 1919 399
1818 1885 399
1819 1847 399
1819 1911 399
1821 1857 399
1847 1880 399
1847 1892 399
1855 1872 399
1861 1890 399
1906 1917 399
1451 1520 400
1551 1564 400
1551 1594 400
1552 1562 400
1555 1558 400
1558 1594 400
1558 1685 400
1560 1574 400
1560 1700 400
1574 1722 400
1574 1738 400
1580 1719 400
1594 1801 400
1603 1648 400
1606 1741 400
1609 1616 400
1609 1906 400
1613 1649 400
1613 1916 400
1617 1641 400
1625 1783 400
1625 1888 400
1628 1916 400
1630 1818 400
1630 1885 400
1649 1752 400
1649 1831 400
1650 1702 400
1656 1675 400
1664 1688 400
1685 1727 400
1687 1920 400
1697 1908 400
1702 1889 400
1704 1877 400
1704 1897 400
1706 1851 400
1706 1861 400
1706 1890 400
1709 1731 400
1711 1774 400
1713 1883 400
1714 1843 400
1718 1887 400
1719 1843 400
1720 1780 400
1722 1738 400
1722 1801 400
1723 1833 400
1731 1735 400
1732 1883 400
1737 1907 400
1738 1801 400
1743 1887 400
1749 1883 400
1749 1897 400
1763 1809 400
1766 1798 400
1772 1787 400
1774 1780 400
1774 1801 400
1779 1920 400
1789 1819 400
1795 1820 400
1800 1859 400
1807 1880 400
1818 1885 400
1819 1888 400
1821 1857 400
1836 1865 400
1836 1888 400
1836 1892 400
1836 1911 400
1838 1909 400
1847 1888 400
1851 1890 400
1906 1917 400
1909 1911 400
1458 1668 401
1461 1501 401
1500 1548 401
1555 1572 401
1555 1727 401
1570 1707 401
1572 1727 401
1601 1802 401
1601 1803 401
1601 1819 401
1601 1838 401
1606 1632 401
1606 1741 401
1606 1809 401
1606 1913 401
1613 1752 401
1625 1919 401
1628 1880 401
1630 1759 401
1630 1818 401
1630 1885 401
1648 1911 401
1656 1675 401
1661 1673 401
1661 1682 401
1661 1695 401
1661 1779 401
1663 1665 401
1680 1697 401
1687 1920 401
1702 1889 401
1704 1713 401
1704 1883 401
1706 1861 401
1707 1731 401
1707 1735 401
1713 1732 401
1713 1863 401
1713 1883 401
1718 1887 401
1719 1748 401
1719 1822 401
1722 1738 401
1722 1800 401
1722 1843 401
1723 1789 401
1731 1735 401
1741 1913 401
1743 1887 401
1752 1767 401
1757 1768 401
1761 1836 401
1763 1809 401
1764 1792 401
1766 1911 401
1768 1770 401
1775 1789 401
1779 1920 401
1780 1801 401
1780 1833 401
1780 1843 401
1783 1888 401
1796 1798 401
1796 1836 401
1800 1843 401
1802 1803 401
1818 1919 401
1819 1865 401
1819 1895 401
1821 1857 401
1831 1892 401
1836 1892 401
1906 1917 401
1453 1461 402
1461 1501 402
1546 1548 402
1548 1653 402
1558 1560 402
1558 1567 402
1558 1700 402
1560 1572 402
1564 1567 402
1564 1630 402
1567 1594 402
1574 1580 402
1574 1719 402
1574 1913 402
1580 1885 402
1580 1913 402
1594 1700 402
1606 1913 402
1609 1907 402
1613 1628 402
1613 1916 402
1625 1763 402
1625 1880 402
1628 1916 402
1649 1752 402
1656 1670 402
1656 1675 402
1661 1682 402
1663 1745 402
1682 1687 402
1684 1779 402
1687 1779 402
1698 1745 402
1702 1889 402
1704 1713 402
1704 1863 402
1706 1861 402
1711 1772 402
1711 1787 402
1711 1902 402
1713 1732 402
1713 1863 402
1718 1855 402
1718 1890 402
1722 1738 402
1722 1800 402
1723 1764 402
1723 1792 402
1732 1883 402
1738 1800 402
1741 1801 402
1748 1822 402
1752 1911 402
1757 1880 402
1759 1917 402
1760 1770 402
1761 1783 402
1763 1919 402
1764 1792 402
1766 1798 402
1767 1911 402
1772 1787 402
1779 1920 402
1780 1783 402
1783 1800 402
1789 1911 402
1796 1836 402
1800 1843 402
1802 1831 402
1802 1866 402
1802 1895 402
1803 1865 402
1803 1888 402
1805 1865 402
1809 1857 402
1809 1919 402
1821 1857 402
1831 1892 402
1838 1909 402
1851 1858 402
1863 1883 402
1866 1895 402
1877 1883 402
1883 1898 402
1461 1501 403
1468 1502 403
1606 1809 403
1606 1902 403
1617 1641 403
1625 1809 403
1625 1902 403
1625 1919 403
1632 1895 403
1656 1675 403
1661 1682 403
1663 1698 403
1663 1745 403
1666 1695 403
1680 1697 403
1681 1765 403
1698 1745 403
1698 1908 403
1704 1713 403
1704 1863 403
1704 1883 403
1706 1861 403
1711 1772 403
1713 1883 403
1714 1723 403
1714 1792 403
1718 1887 403
1719 1720 403
1722 1738 403
1722 1800 403
1723 1792 403
1732 1863 403
1732 1877 403
1737 1809 403
1738 1761 403
1738 1800 403
1738 1859 403
1741 1763 403
1748 1822 403
1752 1780 403
1757 1880 403
1760 1768 403
1761 1775 403
1761 1859 403
1766 1798 403
1767 1909 403
1768 1770 403
1772 1787 403
1779 1920 403
1782 1859 403
1783 1789 403
1803 1847 403
1805 1836 403
1805 1888 403
1809 1919 403
1821 1857 403
1838 1909 403
1847 1865 403
1855 1872 403
1863 1877 403
1885 1913 403
1889 1897 403
1913 1919 403
1468 1502 404
1601 1802 404
1603 1648 404
1604 1648 404
1606 1902 404
1609 1906 404
1609 1907 404
1613 1752 404
1625 1641 404
1630 1761 404
1632 1805 404
1632 1892 404
1641 1801 404
1650 1883 404
1656 1675 404
1663 1665 404
1670 1696 404
1680 1697 404
1697 1908 404
1702 1889 404
1704 1713 404
1704 1877 404
1706 1883 404
1711 1772 404
1714 1767 404
1718 1855 404
1718 1887 404
1718 1890 404
1719 1720 404
1722 1738 404
1722 1800 404
1732 1863 404
1732 1883 404
1738 1800 404
1748 1775 404
1752 1780 404
1752 1843 404
1757 1768 404
1759 1911 404
1763 1902 404
1764 1792 404
1766 1798 404
1768 1778 404
1768 1857 404
1772 1787 404
1775 1783 404
1778 1796 404
1803 1847 404
1805 1888 404
1807 1835 404
1821 1857 404
1838 1909 404
1843 1885 404
1851 1858 404
1865 1880 404
1877 1883 404
1877 1898 404
1906 1917 404
1601 1805 405
1601 1888 405
1606 1902 405
1609 1917 405
1613 1649 405
1616 1917 405
1617 1625 405
1617 1641 405
1628 1752 405
1630 1885 405
1656 1675 405
1661 1682 405
1663 1698 405
1663 1745 405
1680 1697 405
1702 1889 405
1704 1713 405
1711 1774 405
1718 1855 405
1718 1890 405
1718 1897 405
1719 1720 405
1722 1738 405
1722 1800 405
1732 1897 405
1738 1800 405
1748 1822 405
1749 1883 405
1759 1911 405
1761 1775 405
1761 1783 405
1761 1909 405
1763 1809 405
1766 1818 405
1772 1787 405
1775 1865 405
1779 1920 405
1807 1835 405
1818 1866 405
1818 1880 405
1819 1895 405
1821 1857 405
1838 1909 405
1843 1916 405
1865 1880 405
1872 1890 405
1906 1907 405
1906 1917 405
1431 1475 406
1431 1578 406
1457 1498 406
1461 1516 406
1504 1545 406
1504 1705 406
1545 1705 406
1603 1648 406
1604 1628 406
1604 1643 406
1604 1922 406
1606 1763 406
1609 1917 406
1613 1818 406
1616 1906 406
1625 1641 406
1628 1643 406
1630 1757 406
1630 1885 406
1632 1880 406
1632 1888 406
1649 1843 406
1650 1706 406
1656 1675 406
1663 1665 406
1663 1698 406
1680 1697 406
1681 1765 406
1697 1912 406
1706 1861 406
1711 1774 406
1711 1775 406
1718 1872 406
1718 1887 406
1719 1720 406
1719 1833 406
1722 1738 406
1732 1897 406
1741 1809 406
1745 1912 406
1752 1789 406
1752 1831 406
1757 1760 406
1759 1760 406
1765 1908 406
1767 1789 406
1767 1831 406
1767 1911 406
1772 1787 406
1778 1796 406
1779 1920 406
1783 1809 406
1798 1802 406
1798 1818 406
1802 1866 406
1802 1888 406
1821 1857 406
1831 1836 406
1838 1909 406
1851 1858 406
1855 1872 406
1855 1887 406
1865 1888 406
1872 1887 406
1877 1890 406
1906 1907 406
1906 1917 406
1431 1475 407
1437 1563 407
1453 1461 407
1461 1501 407
1504 1532 407
1504 1705 407
1528 1532 407
1532 1545 407
1532 1546 407
1533 1539 407
1601 1892 407
1603 1625 407
1603 1919 407
1606 1763 407
1616 1906 407
1616 1907 407
1617 1641 407
1625 1641 407
1625 1772 407
1628 1922 407
1632 1859 407
1649 1789 407
1656 1675 407
1661 1684 407
1663 1698 407
1663 1745 407
1666 1695 407
1675 1696 407
1680 1697 407
1681 1697 407
1684 1779 407
1708 1743 407
1708 1887 407
1713 1863 407
1713 1890 407
1714 1909 407
1718 1872 407
1719 1720 407
1722 1738 407
1722 1761 407
1722 1780 407
1749 1883 407
1752 1819 407
1752 1911 407
1759 1783 407
1766 1798 407
1768 1833 407
1772 1787 407
1798 1818 407
1802 1865 407
1802 1892 407
1807 1835 407
1818 1880 407
1821 1857 407
1855 1872 407
1872 1887 407
1906 1907 407
1906 1917 407
1461 1501 408
1503 1532 408
1504 1532 408
1528 1532 408
1532 1538 408
1601 1847 408
1604 1906 408
1606 1763 408
1630 1885 408
1632 1741 408
1643 1922 408
1649 1767 408
1650 1749 408
1650 1863 408
1666 1695 408
1680 1697 408
1684 1745 408
1704 1713 408
1704 1877 408
1706 1851 408
1706 1861 408
1708 1743 408
1708 1855 408
1708 1890 408
1713 1749 408
1713 1863 408
1718 1883 408
1719 1720 408
1722 1738 408
1723 1843 408
1741 1783 408
1749 1863 408
1760 1906 408
1761 1775 408
1761 1783 408
1763 1809 408
1766 1798 408
1768 1770 408
1770 1778 408
1772 1787 408
1779 1920 408
1782 1820 408
1789 1892 408
1798 1831 408
1798 1880 408
1805 1888 408
1818 1880 408
1821 1857 408
1831 1865 408
1831 1895 408
1847 1895 408
1883 1897 408
1427 1471 409
1427 1824 409
1502 1520 409
1528 1532 409
1532 1538 409
1532 1545 409
1601 1632 409
1603 1902 409
1603 1907 409
1606 1809 409
1609 1616 409
1609 1906 409
1609 1917 409
1613 1649 409
1617 1641 409
1630 1803 409
1630 1831 409
1630 1847 409
1632 1857 409
1641 1902 409
1650 1851 409
1650 1890 409
1656 1670 409
1661 1695 409
1670 1696 409
1675 1912 409
1680 1697 409
1684 1695 409
1702 1889 409
1704 1877 409
1706 1851 409
1708 1743 409
1708 1858 409
1708 1887 409
1708 1890 409
1711 1774 409
1713 1749 409
1713 1863 409
1714 1792 409
1719 1720 409
1719 1801 409
1722 1738 409
1722 1761 409
1723 1764 409
1723 1792 409
1732 1897 409
1738 1780 409
1741 1763 409
1741 1919 409
1743 1887 409
1746 1852 409
1757 1778 409
1761 1764 409
1764 1792 409
1766 1798 409
1768 1770 409
1772 1787 409
1779 1920 409
1801 1833 409
1802 1866 409
1819 1865 409
1821 1847 409
1821 1857 409
1831 1892 409
1852 1895 409
1855 1858 409
1855 1872 409
1855 1887 409
1858 1887 409
1883 1897 409
1892 1913 409
1895 1917 409
1443 1824 410
1461 1501 410
1500 1525 410
1500 1532 410
1500 1545 410
1502 1520 410
1504 1705 410
1504 1837 410
1532 1538 410
1532 1545 410
1532 1546 410
1533 1653 410
1538 1545 410
1606 1809 410
1606 1843 410
1613 1752 410
1613 1916 410
1628 1922 410
1630 1803 410
1630 1805 410
1630 1831 410
1632 1821 410
1632 1831 410
1632 1865 410
1632 1880 410
1641 1895 410
1666 1695 410
1673 1695 410
1680 1697 410
1684 1779 410
1685 1712 410
1695 1745 410
1698 1745 410
1702 1889 410
1708 1855 410
1708 1872 410
1711 1774 410
1712 1731 410
1713 1863 410
1722 1738 410
1722 1761 410
1723 1764 410
1738 1783 410
1741 1763 410
1761 1775 410
1767 1789 410
1768 1796 410
1779 1920 410
1780 1833 410
1789 1916 410
1802 1836 410
1802 1888 410
1803 1847 410
1805 1892 410
1807 1821 410
1807 1885 410
1807 1888 410
1809 1843 410
1821 1857 410
1831 1847 410
1835 1865 410
1854 1887 410
1858 1890 410
1872 1890 410
1895 1917 410
1906 1917 410
1435 1471 411
1443 1578 411
1458 1493 411
1461 1501 411
1502 1520 411
1552 1555 411
1570 1579 411
1606 1809 411
1609 1616 411
1609 1906 411
1616 1906 411
1617 1641 411
1625 1907 411
1628 1885 411
1630 1895 411
1632 1831 411
1632 1880 411
1663 1698 411
1666 1695 411
1680 1697 411
1700 1709 411
1702 1889 411
1704 1713 411
1704 1877 411
1704 1883 411
1704 1898 411
1708 1743 411
1708 1855 411
1708 1858 411
1711 1719 411
1712 1727 411
1713 1863 411
1719 1720 411
1722 1738 411
1741 1759 411
1741 1833 411
1752 1789 411
1760 1768 411
1765 1908 411
1766 1792 411
1766 1798 411
1767 1789 411
1768 1796 411
1768 1906 411
1772 1787 411
1779 1920 411
1795 1801 411
1801 1833 411
1802 1852 411
1803 1835 411
1803 1847 411
1805 1847 411
1818 1836 411
1819 1895 411
1831 1888 411
1835 1847 411
1838 1909 411
1852 1892 411
1855 1890 411
1858 1890 411
1866 1888 411
1872 1890 411
1443 1824 412
1458 1516 412
1502 1520 412
1545 1837 412
1580 1700 412
1603 1641 412
1603 1902 412
1606 1741 412
1606 1809 412
1606 1919 412
1609 1906 412
1609 1917 412
1616 1906 412
1625 1819 412
1625 1907 412
1630 1831 412
1632 1880 412
1641 1902 412
1641 1917 412
1649 1789 412
1661 1682 412
1663 1665 412
1663 1698 412
1666 1695 412
1680 1697 412
1680 1908 412
1682 1687 412
1684 1779 412
1687 1920 412
1702 1889 412
1704 1718 412
1704 1877 412
1707 1727 412
1708 1743 412
1708 1851 412
1714 1775 412
1719 1720 412
1722 1738 412
1722 1774 412
1727 1731 412
1738 1801 412
1741 1763 412
1741 1919 412
1746 1909 412
1752 1767 412
1760 1770 412
1760 1796 412
1761 1783 412
1764 1843 412
1767 1789 412
1768 1770 412
1768 1778 412
1768 1796 412
1770 1778 412
1772 1787 412
1779 1920 412
1798 1843 412
1803 1835 412
1805 1880 412
1818 1865 412
1818 1885 412
1819 1895 412
1831 1835 412
1831 1895 412
1836 1865 412
1838 1909 412
1852 1892 412
1883 1898 412
1431 1465 413
1431 1563 413
1458 1516 413
1502 1520 413
1555 1574 413
1558 1685 413
1560 1594 413
1574 1707 413
1580 1685 413
1603 1617 413
1609 1906 413
1609 1917 413
1613 1752 413
1613 1789 413
1617 1913 413
1628 1911 413
1641 1902 413
1650 1890 413
1650 1898 413
1656 1675 413
1661 1682 413
1661 1687 413
1661 1920 413
1663 1665 413
1666 1695 413
1684 1745 413
1684 1779 413
1688 1745 413
1704 1877 413
1708 1851 413
1718 1855 413
1722 1738 413
1727 1731 413
1738 1801 413
1741 1922 413
1752 1789 413
1752 1916 413
1757 1760 413
1760 1770 413
1766 1843 413
1767 1789 413
1767 1916 413
1770 1796 413
1772 1787 413
1772 1809 413
1772 1919 413
1778 1796 413
1779 1920 413
1782 1820 413
1789 1911 413
1798 1843 413
1803 1866 413
1821 1836 413
1836 1865 413
1838 1909 413
1851 1858 413
1857 1866 413
1906 1917 413
1504 1730 414
1555 1707 414
1574 1707 414
1603 1617 414
1613 1916 414
1616 1906 414
1643 1922 414
1656 1675 414
1663 1698 414
1681 1765 414
1697 1912 414
1702 1889 414
1705 1730 414
1706 1851 414
1711 1774 414
1723 1902 414
1727 1731 414
1741 1764 414
1746 1753 414
1752 1767 414
1752 1772 414
1757 1768 414
1757 1778 414
1760 1768 414
1766 1798 414
1767 1792 414
1768 1770 414
1768 1796 414
1770 1796 414
1772 1787 414
1783 1798 414
1798 1843 414
1801 1833 414
1805 1819 414
1805 1892 414
1819 1888 414
1819 1892 414
1838 1909 414
1426 1429 415
1443 1824 415
1502 1520 415
1503 1730 415
1555 1700 415
1574 1707 415
1580 1685 415
1601 1892 415
1603 1787 415
1609 1906 415
1609 1913 415
1613 1792 415
1616 1906 415
1628 1772 415
1628 1916 415
1649 1917 415
1650 1718 415
1656 1670 415
1656 1675 415
1663 1665 415
1663 1698 415
1663 1920 415
1680 1697 415
1681 1765 415
1697 1912 415
1702 1889 415
1706 1861 415
1711 1774 415
1718 1887 415
1719 1720 415
1722 1789 415
1727 1731 415
1764 1772 415
1764 1792 415
1765 1908 415
1767 1787 415
1770 1796 415
1772 1798 415
1772 1852 415
1779 1920 415
1780 1833 415
1802 1818 415
1802 1821 415
1802 1895 415
1852 1916 415
1855 1872 415
1877 1890 415
1906 1917 415
1426 1429 416
1443 1824 416
1502 1520 416
1546 1548 416
1551 1572 416
1555 1579 416
1601 1819 416
1603 1766 416
1616 1913 416
1617 1649 416
1617 1723 416
1630 1836 416
1630 1885 416
1632 1807 416
1632 1835 416
1632 1847 416
1641 1907 416
1663 1698 416
1684 1779 416
1697 1912 416
1702 1889 416
1711 1737 416
1719 1795 416
1722 1738 416
1722 1800 416
1723 1820 416
1741 1782 416
1741 1809 416
1745 1779 416
1745 1908 416
1746 1843 416
1746 1909 416
1748 1822 416
1749 1883 416
1752 1764 416
1752 1767 416
1752 1772 416
1760 1796 416
1761 1775 416
1764 1792 416
1766 1778 416
1766 1787 416
1767 1770 416
1768 1787 416
1772 1798 416
1772 1917 416
1778 1913 416
1779 1920 416
1782 1820 416
1789 1833 416
1802 1895 416
1805 1819 416
1805 1866 416
1807 1847 416
1807 1880 416
1818 1836 416
1819 1831 416
1819 1880 416
1831 1866 416
1831 1888 416
1835 1857 416
1835 1895 416
1836 1895 416
1838 1909 416
1902 1919 416
1426 1429 417
1427 1437 417
1427 1465 417
1461 1501 417
1502 1520 417
1555 1685 417
1601 1805 417
1606 1616 417
1613 1625 417
1630 1821 417
1630 1836 417
1632 1835 417
1632 1847 417
1681 1765 417
1697 1765 417
1706 1851 417
1706 1861 417
1711 1774 417
1711 1909 417
1713 1855 417
1718 1887 417
1722 1738 417
1722 1800 417
1722 1859 417
1723 1746 417
1723 1820 417
1723 1838 417
1723 1843 417
1738 1800 417
1741 1763 417
1749 1883 417
1752 1767 417
1761 1775 417
1764 1772 417
1764 1792 417
1764 1798 417
1768 1770 417
1772 1792 417
1772 1798 417
1780 1833 417
1782 1838 417
1782 1843 417
1782 1909 417
1800 1859 417
1801 1833 417
1802 1821 417
1803 1835 417
1805 1819 417
1807 1831 417
1819 1888 417
1820 1838 417
1821 1895 417
1835 1895 417
1838 1909 417
1843 1909 417
1426 1429 418
1443 1578 418
1479 1516 418
1546 1548 418
1558 1567 418
1567 1574 418
1609 1906 418
1613 1625 418
1628 1916 418
1630 1821 418
1632 1880 418
1673 1695 418
1681 1765 418
1684 1779 418
1697 1765 418
1697 1912 418
1706 1861 418
1708 1872 418
1711 1774 418
1713 1863 418
1714 1720 418
1714 1822 418
1718 1855 418
1719 1741 418
1719 1748 418
1720 1822 418
1722 1738 418
1722 1774 418
1722 1822 418
1723 1801 418
1723 1820 418
1723 1838 418
1723 1909 418
1737 1741 418
1737 1843 418
1741 1763 418
1746 1838 418
1746 1909 418
1749 1883 418
1753 1767 418
1753 1783 418
1757 1787 418
1757 1796 418
1759 1761 418
1759 1789 418
1760 1796 418
1761 1809 418
1767 1768 418
1768 1778 418
1768 1783 418
1770 1778 418
1772 1798 418
1774 1789 418
1778 1783 418
1779 1920 418
1780 1833 418
1782 1809 418
1787 1796 418
1807 1831 418
1820 1838 418
1820 1843 418
1821 1836 418
1838 1909 418
1843 1909 418
1857 1866 418
1426 1429 419
1443 1824 419
1479 1516 419
1546 1548 419
1603 1907 419
1603 1917 419
1606 1643 419
1609 1906 419
1613 1628 419
1613 1916 419
1617 1641 419
1628 1649 419
1630 1821 419
1632 1847 419
1643 1648 419
1663 1665 419
1673 1682 419
1673 1695 419
1681 1765 419
1682 1687 419
1704 1877 419
1706 1861 419
1706 1887 419
1708 1872 419
1711 1761 419
1711 1774 419
1714 1720 419
1718 1855 419
1718 1887 419
1719 1748 419
1719 1780 419
1720 1783 419
1722 1738 419
1722 1859 419
1723 1746 419
1723 1795 419
1723 1801 419
1723 1820 419
1737 1741 419
1737 1843 419
1737 1909 419
1738 1782 419
1738 1809 419
1741 1748 419
1746 1801 419
1746 1838 419
1749 1883 419
1757 1759 419
1757 1787 419
1759 1775 419
1759 1787 419
1780 1795 419
1782 1809 419
1783 1789 419
1787 1796 419
1800 1809 419
1800 1859 419
1801 1838 419
1801 1909 419
1802 1821 419
1802 1836 419
1807 1847 419
1807 1880 419
1818 1895 419
1819 1831 419
1820 1838 419
1821 1836 419
1847 1880 419
1852 1916 419
1857 1866 419
1911 1919 419
1443 1824 420
1546 1548 420
1601 1892 420
1603 1907 420
1603 1917 420
1606 1616 420
1609 1906 420
1613 1628 420
1613 1649 420
1617 1641 420
1617 1643 420
1632 1818 420
1632 1895 420
1649 1916 420
1663 1698 420
1673 1695 420
1697 1912 420
1704 1877 420
1706 1861 420
1708 1858 420
1708 1872 420
1714 1720 420
1714 1822 420
1718 1855 420
1718 1887 420
1719 1780 420
1719 1795 420
1719 1833 420
1719 1909 420
1720 1822 420
1722 1738 420
1722 1809 420
1723 1820 420
1723 1838 420
1737 1843 420
1738 1809 420
1745 1765 420
1746 1801 420
1746 1838 420
1746 1843 420
1780 1795 420
1780 1833 420
1780 1909 420
1782 1809 420
1789 1822 420
1795 1909 420
1801 1838 420
1822 1833 420
1833 1909 420
1835 1857 420
1835 1866 420
1852 1916 420
1857 1866 420
1888 1892 420
1902 1911 420
1902 1919 420
1907 1917 420
1911 1919 420
1426 1427 421
1426 1443 421
1426 1471 421
1427 1443 421
1443 1471 421
1443 1824 421
1546 1548 421
1546 1549 421
1580 1685 421
1613 1625 421
1617 1641 421
1628 1916 421
1630 1831 421
1630 1857 421
1643 1648 421
1663 1698 421
1663 1745 421
1670 1696 421
1697 1765 421
1704 1877 421
1706 1743 421
1708 1858 421
1708 1872 421
1711 1774 421
1713 1863 421
1714 1780 421
1714 1822 421
1719 1748 421
1720 1822 421
1722 1738 421
1723 1737 421
1723 1801 421
1737 1820 421
1743 1861 421
1746 1838 421
1748 1833 421
1749 1883 421
1760 1764 421
1760 1796 421
1779 1920 421
1780 1833 421
1782 1809 421
1801 1838 421
1802 1821 421
1805 1819 421
1821 1895 421
1833 1909 421
1857 1895 421
1902 1911 421
1902 1919 421
1426 1427 422
1426 1443 422
1427 1824 422
1495 1668 422
1555 1558 422
1558 1567 422
1580 1685 422
1603 1917 422
1632 1847 422
1641 1907 422
1650 1718 422
1663 1698 422
1663 1745 422
1665 1745 422
1670 1696 422
1704 1713 422
1704 1877 422
1706 1861 422
1713 1863 422
1722 1738 422
1743 1861 422
1753 1760 422
1753 1770 422
1764 1772 422
1772 1792 422
1772 1798 422
1792 1798 422
1802 1821 422
1807 1880 422
1847 1857 422
1906 1917 422
1908 1920 422
1913 1922 422
1427 1563 423
1495 1668 423
1502 1520 423
1546 1548 423
1567 1574 423
1567 1685 423
1567 1727 423
1603 1906 423
1609 1617 423
1617 1641 423
1656 1675 423
1661 1682 423
1663 1698 423
1670 1696 423
1704 1877 423
1706 1708 423
1706 1861 423
1708 1743 423
1713 1863 423
1752 1767 423
1752 1768 423
1753 1774 423
1753 1783 423
1759 1775 423
1767 1768 423
1768 1778 423
1772 1792 423
1772 1798 423
1783 1789 423
1792 1798 423
1906 1907 423
1913 1922 423
1489 1563 424
1495 1668 424
1503 1528 424
1504 1653 424
1521 1819 424
1555 1574 424
1567 1574 424
1574 1685 424
1603 1643 424
1613 1628 424
1613 1906 424
1625 1628 424
1661 1682 424
1663 1698 424
1665 1920 424
1680 1908 424
1697 1912 424
1702 1889 424
1706 1708 424
1713 1863 424
1718 1855 424
1732 1889 424
1752 1764 424
1752 1767 424
1752 1768 424
1753 1774 424
1757 1787 424
1759 1764 424
1759 1775 424
1760 1796 424
1761 1789 424
1764 1768 424
1764 1798 424
1768 1778 424
1768 1796 424
1783 1789 424
1792 1798 424
1802 1803 424
1426 1578 425
1437 1563 425
1452 1495 425
1479 1516 425
1546 1548 425
1558 1574 425
1580 1685 425
1606 1649 425
1616 1648 425
1617 1641 425
1617 1916 425
1643 1913 425
1648 1649 425
1648 1913 425
1656 1675 425
1661 1682 425
1680 1908 425
1688 1697 425
1697 1765 425
1697 1908 425
1706 1861 425
1708 1858 425
1711 1796 425
1730 1815 425
1749 1863 425
1749 1883 425
1752 1764 425
1752 1767 425
1753 1787 425
1757 1796 425
1760 1796 425
1764 1767 425
1772 1798 425
1787 1796 425
1821 1847 425
1435 1578 426
1437 1563 426
1479 1516 426
1546 1548 426
1603 1613 426
1606 1648 426
1613 1628 426
1613 1648 426
1616 1648 426
1617 1641 426
1649 1922 426
1661 1682 426
1663 1698 426
1688 1697 426
1697 1765 426
1697 1912 426
1704 1877 426
1706 1851 426
1706 1861 426
1708 1743 426
1711 1774 426
1730 1815 426
1745 1908 426
1752 1770 426
1752 1789 426
1752 1798 426
1757 1783 426
1764 1792 426
1765 1908 426
1770 1789 426
1913 1922 426
1427 1471 427
1435 1578 427
1437 1563 427
1479 1516 427
1525 1548 427
1533 1653 427
1546 1548 427
1555 1685 427
1580 1685 427
1613 1628 427
1617 1641 427
1649 1906 427
1661 1682 427
1697 1765 427
1697 1912 427
1704 1890 427
1706 1851 427
1706 1861 427
1708 1743 427
1711 1774 427
1713 1863 427
1732 1889 427
1752 1770 427
1757 1783 427
1759 1761 427
1759 1774 427
1759 1789 427
1760 1796 427
1761 1774 427
1761 1775 427
1764 1792 427
1765 1908 427
1766 1796 427
1766 1798 427
1767 1772 427
1767 1792 427
1774 1775 427
1778 1789 427
1796 1798 427
1852 1922 427
1865 1880 427
1426 1429 428
1435 1578 428
1437 1563 428
1533 1653 428
1546 1548 428
1560 1580 428
1560 1685 428
1574 1707 428
1580 1685 428
1606 1613 428
1613 1628 428
1617 1641 428
1649 1906 428
1656 1670 428
1665 1920 428
1682 1687 428
1697 1765 428
1706 1851 428
1706 1861 428
1759 1761 428
1759 1775 428
1760 1768 428
1761 1775 428
1766 1798 428
1767 1775 428
1801 1838 428
1819 1836 428
1821 1847 428
1852 1922 428
1880 1895 428
1916 1922 428
1435 1578 429
1437 1563 429
1477 1502 429
1533 1653 429
1546 1548 429
1560 1580 429
1560 1685 429
1574 1707 429
1604 1922 429
1606 1906 429
1613 1628 429
1617 1641 429
1661 1682 429
1665 1920 429
1688 1697 429
1697 1912 429
1704 1877 429
1706 1861 429
1713 1863 429
1730 1815 429
1761 1783 429
1770 1772 429
1435 1578 430
1477 1502 430
1503 1528 430
1533 1653 430
1546 1548 430
1552 1580 430
1560 1580 430
1560 1685 430
1560 1731 430
1574 1700 430
1574 1707 430
1580 1685 430
1613 1907 430
1617 1641 430
1625 1628 430
1643 1648 430
1649 1906 430
1656 1675 430
1661 1682 430
1664 1688 430
1673 1682 430
1697 1908 430
1697 1912 430
1708 1743 430
1711 1759 430
1713 1863 430
1723 1820 430
1749 1863 430
1770 1772 430
1779 1920 430
1801 1838 430
1802 1803 430
1820 1838 430
1865 1880 430
1865 1895 430
1426 1824 431
1437 1563 431
1479 1495 431
1546 1548 431
1560 1731 431
1574 1700 431
1574 1707 431
1580 1685 431
1603 1922 431
1606 1906 431
1617 1641 431
1625 1628 431
1649 1906 431
1697 1912 431
1702 1854 431
1702 1889 431
1706 1861 431
1707 1727 431
1711 1759 431
1713 1863 431
1714 1719 431
1714 1780 431
1746 1780 431
1749 1863 431
1766 1772 431
1796 1798 431
1802 1803 431
1819 1880 431
1821 1847 431
1426 1437 432
1426 1443 432
1426 1824 432
1546 1548 432
1555 1685 432
1560 1572 432
1574 1700 432
1574 1707 432
1579 1707 432
1580 1685 432
1613 1628 432
1643 1648 432
1649 1906 432
1663 1698 432
1665 1920 432
1675 1696 432
1697 1912 432
1702 1854 432
1702 1889 432
1706 1861 432
1711 1759 432
1714 1838 432
1719 1780 432
1722 1795 432
1737 1822 432
1738 1795 432
1818 1895 432
1821 1847 432
1852 1916 432
1865 1880 432
1865 1895 432
1877 1890 432
1426 1437 433
1426 1443 433
1435 1578 433
1437 1563 433
1521 1892 433
1528 1653 433
1546 1548 433
1558 1574 433
1574 1579 433
1574 1700 433
1574 1707 433
1580 1685 433
1606 1906 433
1613 1628 433
1617 1641 433
1630 1892 433
1665 1920 433
1675 1908 433
1702 1889 433
1706 1861 433
1708 1743 433
1714 1723 433
1714 1838 433
1718 1887 433
1722 1746 433
1722 1763 433
1722 1795 433
1723 1741 433
1730 1815 433
1738 1800 433
1741 1780 433
1801 1822 433
1802 1803 433
1821 1866 433
1877 1890 433
1435 1578 434
1503 1528 434
1545 1837 434
1546 1548 434
1560 1572 434
1560 1727 434
1580 1685 434
1603 1922 434
1613 1616 434
1613 1906 434
1663 1698 434
1663 1745 434
1680 1697 434
1680 1745 434
1688 1697 434
1700 1707 434
1702 1889 434
1706 1861 434
1708 1743 434
1714 1795 434
1719 1748 434
1720 1801 434
1730 1815 434
1753 1761 434
1847 1857 434
1877 1890 434
1435 1578 435
1437 1563 435
1439 1585 435
1503 1528 435
1528 1653 435
1545 1837 435
1609 1917 435
1613 1628 435
1613 1907 435
1625 1649 435
1625 1902 435
1632 1835 435
1649 1906 435
1681 1697 435
1681 1912 435
1688 1697 435
1688 1745 435
1697 1745 435
1702 1889 435
1706 1851 435
1706 1861 435
1708 1743 435
1713 1863 435
1720 1843 435
1723 1809 435
1738 1780 435
1765 1908 435
1847 1857 435
1435 1578 436
1437 1563 436
1437 1824 436
1439 1585 436
1545 1837 436
1603 1922 436
1606 1906 436
1613 1628 436
1617 1641 436
1625 1852 436
1663 1665 436
1663 1698 436
1681 1697 436
1697 1912 436
1702 1889 436
1706 1861 436
1708 1743 436
1723 1809 436
1730 1815 436
1749 1863 436
1802 1821 436
1847 1857 436
1877 1890 436
1435 1578 437
1437 1563 437
1521 1819 437
1567 1707 437
1580 1685 437
1613 1628 437
1617 1641 437
1643 1648 437
1656 1675 437
1661 1682 437
1687 1920 437
1697 1908 437
1697 1912 437
1702 1889 437
1706 1861 437
1711 1759 437
1713 1863 437
1730 1815 437
1746 1795 437
1746 1838 437
1746 1909 437
1749 1863 437
1749 1883 437
1759 1787 437
1778 1789 437
1820 1838 437
1836 1880 437
1877 1890 437
1435 1578 438
1443 1824 438
1451 1668 438
1552 1555 438
1567 1707 438
1574 1727 438
1580 1685 438
1603 1613 438
1603 1643 438
1603 1922 438
1617 1641 438
1625 1628 438
1661 1682 438
1663 1698 438
1675 1696 438
1681 1697 438
1681 1912 438
1682 1695 438
1687 1920 438
1697 1908 438
1697 1912 438
1698 1745 438
1706 1851 438
1706 1861 438
1708 1743 438
1723 1809 438
1727 1731 438
1730 1815 438
1737 1738 438
1746 1909 438
1749 1863 438
1749 1883 438
1778 1789 438
1795 1838 438
1801 1843 438
1805 1819 438
1838 1909 438
1852 1916 438
1863 1883 438
1877 1890 438
1435 1578 439
1437 1563 439
1443 1824 439
1451 1668 439
1520 1668 439
1546 1548 439
1552 1555 439
1567 1685 439
1572 1580 439
1603 1922 439
1606 1906 439
1609 1917 439
1650 1718 439
1661 1682 439
1663 1698 439
1681 1912 439
1687 1920 439
1697 1912 439
1706 1851 439
1711 1772 439
1713 1855 439
1737 1738 439
1746 1838 439
1749 1863 439
1763 1838 439
1765 1908 439
1778 1789 439
1801 1843 439
1877 1890 439
1426 1429 440
1443 1824 440
1521 1802 440
1546 1548 440
1552 1555 440
1567 1574 440
1567 1707 440
1580 1685 440
1603 1643 440
1613 1628 440
1625 1628 440
1650 1718 440
1656 1670 440
1663 1665 440
1663 1698 440
1680 1697 440
1687 1920 440
1697 1912 440
1706 1851 440
1706 1861 440
1708 1743 440
1713 1855 440
1719 1748 440
1730 1815 440
1749 1855 440
1749 1863 440
1778 1789 440
1851 1861 440
1852 1911 440
1855 1863 440
1546 1548 441
1552 1555 441
1580 1685 441
1606 1616 441
1609 1917 441
1613 1628 441
1625 1628 441
1628 1643 441
1650 1919 441
1680 1697 441
1682 1687 441
1697 1765 441
1697 1912 441
1704 1855 441
1704 1887 441
1706 1743 441
1706 1861 441
1718 1898 441
1719 1748 441
1738 1780 441
1749 1863 441
1765 1908 441
1851 1861 441
1855 1863 441
1872 1898 441
1877 1883 441
1906 1916 441
1907 1911 441
1435 1578 442
1451 1520 442
1475 1578 442
1528 1546 442
1528 1548 442
1546 1548 442
1567 1574 442
1567 1707 442
1580 1685 442
1603 1906 442
1609 1917 442
1617 1641 442
1617 1907 442
1617 1917 442
1643 1648 442
1663 1665 442
1663 1745 442
1665 1920 442
1680 1688 442
1680 1697 442
1682 1687 442
1682 1920 442
1687 1920 442
1704 1863 442
1704 1898 442
1711 1759 442
1718 1898 442
1765 1908 442
1802 1821 442
1911 1919 442
1429 1465 443
1443 1475 443
1443 1824 443
1453 1516 443
1580 1685 443
1609 1616 443
1617 1641 443
1663 1920 443
1665 1920 443
1680 1697 443
1682 1687 443
1687 1920 443
1702 1883 443
1704 1858 443
1704 1863 443
1708 1718 443
1711 1759 443
1718 1861 443
1719 1748 443
1743 1883 443
1819 1865 443
1890 1906 443
1428 1475 444
1435 1578 444
1443 1824 444
1451 1520 444
1453 1516 444
1560 1574 444
1580 1685 444
1606 1906 444
1609 1917 444
1617 1641 444
1617 1906 444
1628 1643 444
1643 1907 444
1649 1902 444
1656 1670 444
1661 1665 444
1663 1698 444
1682 1687 444
1682 1695 444
1687 1920 444
1702 1883 444
1704 1718 444
1704 1887 444
1706 1858 444
1708 1887 444
1719 1748 444
1730 1815 444
1737 1738 444
1738 1909 444
1803 1835 444
1858 1887 444
1872 1898 444
1877 1883 444
1883 1890 444
1427 1429 445
1428 1475 445
1431 1434 445
1443 1475 445
1443 1824 445
1451 1520 445
1475 1489 445
1486 1585 445
1525 1528 445
1528 1548 445
1562 1567 445
1601 1630 445
1603 1641 445
1603 1922 445
1606 1906 445
1609 1917 445
1617 1906 445
1625 1911 445
1628 1643 445
1630 1836 445
1649 1902 445
1661 1682 445
1663 1698 445
1665 1920 445
1682 1687 445
1697 1745 445
1702 1872 445
1704 1861 445
1708 1916 445
1730 1815 445
1852 1883 445
1427 1429 446
1428 1489 446
1431 1434 446
1525 1528 446
1567 1574 446
1580 1685 446
1603 1641 446
1606 1906 446
1617 1906 446
1625 1911 446
1628 1643 446
1630 1836 446
1656 1670 446
1665 1920 446
1682 1687 446
1688 1745 446
1704 1861 446
1706 1851 446
1710 1743 446
1718 1858 446
1730 1815 446
1851 1852 446
1851 1916 446
1852 1890 446
1902 1906 446
1907 1922 446
1428 1475 447
1431 1434 447
1439 1585 447
1451 1520 447
1475 1824 447
1546 1548 447
1567 1574 447
1603 1641 447
1606 1906 447
1617 1641 447
1617 1906 447
1625 1911 447
1628 1643 447
1630 1836 447
1711 1759 447
1718 1749 447
1730 1815 447
1757 1789 447
1779 1920 447
1851 1855 447
1907 1922 447
1434 1443 448
1437 1563 448
1475 1578 448
1546 1548 448
1567 1574 448
1567 1707 448
1603 1641 448
1606 1906 448
1617 1906 448
1628 1643 448
1680 1745 448
1681 1912 448
1704 1861 448
1718 1749 448
1730 1815 448
1748 1809 448
1851 1855 448
1852 1890 448
1907 1922 448
1427 1429 449
1437 1563 449
1443 1489 449
1453 1516 449
1546 1548 449
1558 1567 449
1567 1574 449
1567 1707 449
1603 1641 449
1613 1650 449
1613 1902 449
1625 1911 449
1628 1643 449
1630 1836 449
1681 1745 449
1681 1912 449
1704 1861 449
1718 1749 449
1730 1815 449
1765 1908 449
1779 1920 449
1852 1890 449
1865 1880 449
1427 1429 450
1427 1465 450
1428 1443 450
1443 1489 450
1475 1489 450
1567 1574 450
1603 1641 450
1628 1643 450
1663 1698 450
1665 1745 450
1706 1889 450
1711 1787 450
1718 1858 450
1730 1815 450
1803 1821 450
1809 1833 450
1831 1865 450
1851 1852 450
1852 1890 450
1863 1883 450
1427 1429 451
1427 1437 451
1428 1443 451
1431 1489 451
1437 1563 451
1443 1489 451
1453 1516 451
1489 1824 451
1601 1630 451
1603 1641 451
1606 1906 451
1613 1913 451
1617 1906 451
1625 1911 451
1628 1643 451
1663 1684 451
1663 1779 451
1663 1920 451
1681 1912 451
1702 1718 451
1702 1877 451
1706 1889 451
1711 1759 451
1718 1858 451
1730 1815 451
1765 1908 451
1779 1920 451
1863 1883 451
1427 1437 452
1431 1443 452
1437 1563 452
1443 1489 452
1443 1824 452
1465 1486 452
1489 1824 452
1558 1567 452
1567 1574 452
1567 1707 452
1601 1630 452
1603 1641 452
1606 1906 452
1617 1641 452
1625 1911 452
1628 1643 452
1663 1684 452
1663 1698 452
1663 1779 452
1663 1920 452
1680 1688 452
1681 1912 452
1702 1877 452
1730 1815 452
1743 1883 452
1757 1789 452
1779 1920 452
1852 1890 452
1907 1922 452
1427 1437 453
1431 1443 453
1431 1489 453
1431 1824 453
1443 1489 453
1443 1824 453
1489 1824 453
1545 1837 453
1558 1567 453
1567 1574 453
1567 1707 453
1601 1630 453
1603 1641 453
1606 1906 453
1617 1641 453
1628 1643 453
1643 1650 453
1650 1922 453
1661 1695 453
1680 1688 453
1681 1912 453
1682 1687 453
1684 1920 453
1698 1745 453
1711 1759 453
1711 1787 453
1730 1815 453
1768 1798 453
1852 1890 453
1863 1883 453
1865 1880 453
1907 1919 453
1916 1919 453
1431 1443 454
1431 1489 454
1431 1824 454
1443 1489 454
1443 1824 454
1453 1516 454
1486 1585 454
1552 1555 454
1567 1574 454
1567 1707 454
1601 1630 454
1603 1641 454
1606 1906 454
1617 1641 454
1670 1675 454
1698 1745 454
1722 1833 454
1730 1815 454
1761 1783 454
1779 1920 454
1809 1833 454
1820 1833 454
1852 1890 454
1863 1883 454
1427 1437 455
1431 1824 455
1443 1824 455
1489 1824 455
1525 1546 455
1558 1567 455
1567 1574 455
1574 1707 455
1601 1630 455
1603 1641 455
1606 1906 455
1617 1641 455
1650 1907 455
1656 1670 455
1661 1695 455
1661 1920 455
1711 1759 455
1809 1833 455
1820 1833 455
1851 1855 455
1852 1890 455
1863 1883 455
1426 1429 456
1431 1475 456
1431 1489 456
1431 1824 456
1435 1578 456
1443 1824 456
1477 1502 456
1489 1824 456
1521 1857 456
1525 1548 456
1558 1567 456
1567 1574 456
1574 1707 456
1606 1906 456
1617 1641 456
1643 1650 456
1663 1779 456
1670 1675 456
1738 1780 456
1757 1789 456
1760 1764 456
1779 1920 456
1852 1890 456
1863 1883 456
1426 1429 457
1429 1439 457
1431 1489 457
1437 1563 457
1486 1585 457
1564 1570 457
1567 1574 457
1601 1630 457
1606 1906 457
1617 1641 457
1643 1650 457
1648 1650 457
1648 1907 457
1653 1815 457
1656 1675 457
1661 1687 457
1663 1684 457
1663 1779 457
1680 1688 457
1681 1912 457
1706 1889 457
1757 1789 457
1761 1789 457
1764 1774 457
1765 1908 457
1767 1787 457
1778 1789 457
1809 1833 457
1852 1890 457
1863 1883 457
1427 1437 458
1430 1431 458
1453 1516 458
1477 1502 458
1500 1528 458
1525 1528 458
1545 1837 458
1558 1567 458
1564 1570 458
1567 1574 458
1617 1641 458
1643 1650 458
1648 1650 458
1648 1907 458
1653 1815 458
1661 1687 458
1661 1695 458
1663 1698 458
1663 1779 458
1664 1745 458
1673 1695 458
1718 1749 458
1748 1809 458
1761 1789 458
1765 1908 458
1767 1787 458
1779 1920 458
1809 1833 458
1822 1859 458
1852 1890 458
1863 1883 458
1427 1437 459
1430 1431 459
1431 1437 459
1431 1578 459
1435 1578 459
1453 1516 459
1521 1805 459
1525 1548 459
1528 1815 459
1558 1567 459
1567 1574 459
1567 1707 459
1603 1641 459
1606 1906 459
1617 1641 459
1653 1815 459
1656 1670 459
1663 1665 459
1663 1698 459
1673 1695 459
1675 1696 459
1682 1920 459
1697 1912 459
1722 1833 459
1761 1789 459
1765 1908 459
1789 1792 459
1426 1592 460
1435 1471 460
1435 1578 460
1564 1570 460
1567 1574 460
1567 1707 460
1603 1641 460
1606 1906 460
1617 1641 460
1653 1815 460
1661 1682 460
1665 1779 460
1673 1695 460
1681 1745 460
1681 1912 460
1682 1920 460
1684 1779 460
1722 1833 460
1748 1809 460
1757 1789 460
1761 1789 460
1765 1908 460
1789 1792 460
1851 1852 460
1852 1890 460
1857 1865 460
1426 1592 461
1435 1471 461
1443 1475 461
1453 1516 461
1524 1815 461
1564 1570 461
1567 1574 461
1603 1617 461
1603 1641 461
1606 1906 461
1617 1641 461
1653 1815 461
1663 1688 461
1663 1779 461
1664 1688 461
1673 1695 461
1681 1912 461
1682 1687 461
1682 1920 461
1704 1861 461
1748 1809 461
1757 1778 461
1765 1908 461
1778 1789 461
1779 1920 461
1782 1795 461
1852 1890 461
1863 1883 461
1426 1430 462
1486 1585 462
1524 1815 462
1552 1555 462
1562 1567 462
1564 1570 462
1567 1574 462
1567 1707 462
1603 1641 462
1606 1906 462
1617 1641 462
1630 1836 462
1643 1650 462
1648 1907 462
1650 1922 462
1673 1695 462
1675 1696 462
1681 1745 462
1704 1861 462
1760 1766 462
1778 1789 462
1852 1890 462
1863 1883 462
1916 1922 462
1427 1429 463
1443 1475 463
1520 1668 463
1524 1815 463
1551 1560 463
1562 1567 463
1562 1574 463
1567 1574 463
1567 1707 463
1606 1906 463
1617 1641 463
1643 1650 463
1648 1907 463
1650 1907 463
1650 1922 463
1661 1779 463
1665 1745 463
1665 1920 463
1673 1695 463
1684 1779 463
1697 1745 463
1757 1761 463
1760 1766 463
1760 1796 463
1761 1783 463
1761 1789 463
1764 1774 463
1778 1789 463
1852 1890 463
1863 1883 463
1916 1919 463
1427 1429 464
1437 1563 464
1520 1668 464
1558 1567 464
1567 1574 464
1606 1906 464
1609 1917 464
1613 1902 464
1643 1650 464
1643 1907 464
1648 1907 464
1650 1922 464
1661 1695 464
1663 1665 464
1663 1698 464
1665 1779 464
1665 1920 464
1673 1695 464
1682 1687 464
1697 1765 464
1697 1912 464
1704 1861 464
1711 1759 464
1753 1789 464
1760 1796 464
1761 1783 464
1764 1774 464
1767 1787 464
1820 1833 464
1852 1890 464
1430 1824 465
1437 1563 465
1558 1567 465
1567 1574 465
1603 1617 465
1606 1906 465
1648 1907 465
1648 1922 465
1663 1698 465
1680 1765 465
1698 1745 465
1706 1889 465
1760 1764 465
1760 1766 465
1760 1796 465
1761 1789 465
1764 1774 465
1801 1822 465
1852 1890 465
1916 1919 465
1426 1435 466
1426 1471 466
1430 1824 466
1437 1563 466
1453 1516 466
1558 1567 466
1567 1574 466
1606 1906 466
1617 1641 466
1648 1907 466
1663 1665 466
1663 1698 466
1663 1745 466
1664 1688 466
1682 1687 466
1688 1697 466
1764 1770 466
1764 1774 466
1778 1789 466
1801 1822 466
1820 1833 466
1847 1857 466
1852 1890 466
1916 1919 466
1430 1824 467
1437 1563 467
1453 1516 467
1457 1522 467
1465 1486 467
1525 1528 467
1567 1574 467
1567 1707 467
1574 1707 467
1603 1617 467
1606 1906 467
1617 1641 467
1618 1705 467
1630 1836 467
1648 1907 467
1650 1922 467
1663 1665 467
1663 1779 467
1673 1695 467
1680 1697 467
1682 1687 467
1688 1697 467
1697 1698 467
1760 1766 467
1761 1783 467
1761 1789 467
1783 1789 467
1801 1822 467
1805 1819 467
1847 1857 467
1852 1890 467
1863 1883 467
1426 1430 468
1426 1824 468
1430 1824 468
1453 1516 468
1465 1486 468
1477 1502 468
1495 1668 468
1502 1520 468
1574 1707 468
1603 1617 468
1606 1906 468
1613 1902 468
1630 1836 468
1650 1907 468
1664 1688 468
1673 1695 468
1688 1697 468
1697 1698 468
1757 1789 468
1760 1766 468
1761 1783 468
1778 1789 468
1852 1890 468
1865 1880 468
1426 1430 469
1426 1824 469
1430 1824 469
1437 1563 469
1477 1502 469
1495 1668 469
1502 1520 469
1567 1574 469
1574 1707 469
1613 1902 469
1664 1688 469
1666 1695 469
1697 1698 469
1714 1795 469
1760 1766 469
1760 1796 469
1761 1783 469
1761 1789 469
1764 1774 469
1768 1798 469
1801 1822 469
1851 1852 469
1852 1890 469
1443 1475 470
1453 1516 470
1495 1668 470
1567 1707 470
1574 1707 470
1606 1906 470
1609 1917 470
1613 1902 470
1663 1665 470
1663 1745 470
1666 1695 470
1680 1688 470
1680 1745 470
1697 1698 470
1700 1707 470
1714 1795 470
1760 1766 470
1764 1770 470
1764 1774 470
1768 1798 470
1801 1822 470
1430 1824 471
1574 1707 471
1579 1700 471
1606 1906 471
1653 1815 471
1661 1682 471
1663 1779 471
1663 1920 471
1664 1675 471
1697 1698 471
1698 1745 471
1704 1861 471
1714 1795 471
1738 1909 471
1763 1833 471
1820 1833 471
1847 1857 471
1852 1890 471
1865 1880 471
1916 1919 471
1453 1511 472
1461 1501 472
1468 1522 472
1486 1585 472
1504 1525 472
1520 1668 472
1545 1815 472
1545 1837 472
1567 1574 472
1574 1707 472
1579 1700 472
1606 1906 472
1656 1765 472
1661 1695 472
1663 1698 472
1664 1675 472
1673 1695 472
1674 1765 472
1675 1680 472
1675 1688 472
1684 1745 472
1688 1697 472
1697 1698 472
1711 1792 472
1714 1795 472
1738 1909 472
1772 1774 472
1774 1775 472
1820 1833 472
1851 1852 472
1851 1890 472
1852 1890 472
1916 1919 472
1916 1922 472
1426 1430 473
1426 1578 473
1437 1563 473
1486 1585 473
1520 1668 473
1521 1807 473
1558 1567 473
1567 1707 473
1570 1580 473
1572 1709 473
1574 1707 473
1580 1685 473
1606 1906 473
1609 1917 473
1643 1650 473
1650 1907 473
1650 1922 473
1656 1765 473
1674 1765 473
1697 1698 473
1711 1792 473
1714 1795 473
1718 1749 473
1718 1858 473
1752 1764 473
1759 1764 473
1764 1792 473
1767 1774 473
1780 1909 473
1809 1833 473
1820 1833 473
1847 1857 473
1851 1852 473
1852 1890 473
1863 1883 473
1865 1880 473
1426 1578 474
1443 1475 474
1486 1585 474
1503 1533 474
1504 1525 474
1520 1668 474
1562 1567 474
1567 1574 474
1567 1731 474
1606 1906 474
1609 1917 474
1643 1650 474
1656 1765 474
1680 1697 474
1697 1698 474
1711 1787 474
1714 1795 474
1763 1833 474
1767 1774 474
1772 1787 474
1809 1833 474
1847 1857 474
1851 1855 474
1852 1890 474
1916 1919 474
1426 1578 475
1437 1563 475
1443 1475 475
1479 1495 475
1500 1815 475
1504 1705 475
1520 1668 475
1558 1567 475
1558 1731 475
1567 1727 475
1570 1580 475
1579 1700 475
1606 1906 475
1613 1902 475
1630 1836 475
1643 1650 475
1697 1698 475
1711 1787 475
1809 1833 475
1851 1852 475
1851 1855 475
1852 1890 475
1865 1880 475
1865 1895 475
1426 1578 476
1437 1563 476
1443 1475 476
1453 1461 476
1486 1585 476
1520 1668 476
1533 1653 476
1546 1815 476
1574 1707 476
1606 1906 476
1613 1902 476
1628 1643 476
1648 1907 476
1680 1688 476
1682 1687 476
1687 1920 476
1697 1698 476
1815 1837 476
1851 1855 476
1865 1880 476
1880 1895 476
1916 1919 476
1437 1439 477
1443 1489 477
1443 1563 477
1533 1837 477
1546 1837 477
1558 1567 477
1567 1574 477
1603 1641 477
1606 1906 477
1643 1648 477
1643 1650 477
1648 1907 477
1650 1907 477
1661 1682 477
1666 1695 477
1680 1688 477
1681 1765 477
1681 1912 477
1688 1912 477
1714 1795 477
1818 1895 477
1851 1852 477
1916 1919 477
1426 1430 478
1426 1578 478
1443 1489 478
1453 1461 478
1457 1522 478
1500 1837 478
1532 1533 478
1546 1549 478
1549 1653 478
1552 1555 478
1558 1567 478
1567 1574 478
1567 1727 478
1580 1685 478
1603 1604 478
1628 1643 478
1648 1907 478
1661 1695 478
1663 1920 478
1664 1688 478
1666 1695 478
1681 1745 478
1682 1687 478
1727 1731 478
1745 1912 478
1748 1809 478
1765 1908 478
1782 1859 478
1795 1822 478
1820 1833 478
1851 1852 478
1852 1890 478
1865 1895 478
1426 1578 479
1461 1501 479
1503 1528 479
1503 1653 479
1503 1730 479
1532 1549 479
1545 1837 479
1549 1815 479
1551 1560 479
1552 1555 479
1580 1685 479
1603 1641 479
1606 1906 479
1643 1650 479
1648 1907 479
1650 1907 479
1661 1682 479
1666 1695 479
1681 1912 479
1706 1889 479
1718 1749 479
1851 1890 479
1852 1890 479
1865 1880 479
1865 1895 479
1451 1520 480
1457 1522 480
1498 1522 480
1503 1653 480
1504 1705 480
1528 1532 480
1528 1653 480
1545 1837 480
1606 1906 480
1613 1913 480
1617 1641 480
1648 1907 480
1650 1907 480
1650 1922 480
1661 1695 480
1682 1687 480
1702 1718 480
1718 1749 480
1719 1809 480
1748 1809 480
1765 1908 480
1782 1859 480
1851 1852 480
1851 1855 480
1852 1890 480
1865 1895 480
1916 1919 480
1426 1430 481
1451 1520 481
1479 1511 481
1503 1528 481
1503 1618 481
1503 1653 481
1503 1815 481
1532 1533 481
1533 1618 481
1533 1653 481
1606 1906 481
1617 1641 481
1650 1922 481
1664 1688 481
1665 1920 481
1666 1695 481
1688 1745 481
1702 1877 481
1706 1883 481
1706 1889 481
1711 1787 481
1730 1815 481
1748 1809 481
1851 1855 481
1863 1883 481
1525 1549 482
1532 1549 482
1603 1641 482
1606 1906 482
1609 1616 482
1613 1913 482
1617 1641 482
1630 1836 482
1650 1922 482
1656 1674 482
1664 1688 482
1665 1745 482
1711 1787 482
1865 1895 482
1539 1815 483
1564 1574 483
1606 1906 483
1609 1616 483
1613 1902 483
1617 1641 483
1618 1653 483
1618 1815 483
1630 1836 483
1650 1922 483
1653 1815 483
1663 1665 483
1663 1745 483
1664 1688 483
1688 1697 483
1698 1745 483
1704 1861 483
1730 1815 483
1851 1855 483
1863 1883 483
1520 1668 484
1562 1707 484
1574 1707 484
1601 1630 484
1609 1616 484
1617 1641 484
1650 1907 484
1656 1674 484
1661 1695 484
1664 1688 484
1665 1779 484
1674 1765 484
1675 1696 484
1682 1687 484
1688 1745 484
1702 1718 484
1714 1822 484
1730 1815 484
1779 1920 484
1861 1898 484
1863 1883 484
1865 1895 484
1519 1538 485
1520 1668 485
1538 1653 485
1538 1797 485
1551 1560 485
1555 1558 485
1558 1567 485
1558 1731 485
1562 1707 485
1562 1709 485
1567 1727 485
1580 1685 485
1606 1906 485
1609 1616 485
1613 1902 485
1613 1913 485
1617 1641 485
1617 1906 485
1650 1907 485
1656 1674 485
1661 1682 485
1663 1745 485
1664 1688 485
1674 1765 485
1680 1765 485
1688 1697 485
1688 1745 485
1702 1718 485
1702 1858 485
1711 1787 485
1718 1749 485
1764 1792 485
1863 1883 485
1887 1890 485
1504 1519 486
1525 1653 486
1532 1546 486
1538 1797 486
1555 1558 486
1558 1567 486
1562 1727 486
1579 1685 486
1580 1685 486
1606 1906 486
1609 1917 486
1613 1913 486
1617 1641 486
1617 1906 486
1643 1650 486
1650 1907 486
1656 1675 486
1661 1682 486
1664 1688 486
1664 1745 486
1666 1695 486
1673 1695 486
1674 1745 486
1674 1765 486
1681 1765 486
1684 1779 486
1688 1697 486
1727 1731 486
1730 1815 486
1851 1852 486
1851 1855 486
1863 1883 486
1911 1917 486
1916 1919 486
1426 1439 487
1437 1563 487
1461 1516 487
1468 1522 487
1504 1545 487
1524 1815 487
1525 1549 487
1525 1653 487
1532 1538 487
1533 1545 487
1533 1815 487
1558 1567 487
1562 1727 487
1574 1707 487
1580 1685 487
1603 1641 487
1606 1906 487
1609 1917 487
1613 1913 487
1617 1641 487
1643 1650 487
1648 1907 487
1650 1922 487
1653 1815 487
1656 1675 487
1661 1682 487
1661 1695 487
1663 1665 487
1663 1698 487
1664 1688 487
1664 1745 487
1674 1765 487
1681 1912 487
1684 1779 487
1709 1727 487
1718 1749 487
1727 1731 487
1764 1792 487
1768 1798 487
1851 1855 487
1863 1883 487
1908 1912 487
1426 1439 488
1457 1522 488
1468 1522 488
1486 1585 488
1524 1815 488
1533 1545 488
1549 1815 488
1555 1580 488
1558 1567 488
1574 1707 488
1580 1685 488
1603 1641 488
1606 1906 488
1617 1641 488
1648 1907 488
1663 1665 488
1663 1745 488
1665 1745 488
1673 1682 488
1674 1765 488
1675 1912 488
1688 1696 488
1688 1697 488
1702 1718 488
1702 1749 488
1702 1877 488
1709 1727 488
1718 1749 488
1727 1731 488
1764 1792 488
1765 1908 488
1768 1798 488
1772 1775 488
1792 1798 488
1863 1883 488
1430 1824 489
1457 1522 489
1461 1516 489
1468 1522 489
1500 1815 489
1503 1528 489
1503 1532 489
1503 1549 489
1503 1653 489
1524 1533 489
1524 1545 489
1533 1545 489
1549 1653 489
1555 1558 489
1558 1567 489
1579 1707 489
1603 1641 489
1606 1906 489
1617 1641 489
1643 1648 489
1643 1650 489
1648 1907 489
1653 1815 489
1663 1665 489
1675 1908 489
1682 1687 489
1684 1745 489
1688 1698 489
1702 1718 489
1702 1877 489
1713 1739 489
1718 1749 489
1718 1858 489
1727 1731 489
1752 1764 489
1764 1796 489
1772 1775 489
1851 1855 489
1863 1883 489
1872 1877 489
1916 1919 489
1430 1824 490
1461 1516 490
1500 1503 490
1503 1549 490
1503 1653 490
1521 1880 490
1524 1815 490
1545 1815 490
1549 1653 490
1574 1700 490
1606 1906 490
1617 1641 490
1656 1675 490
1656 1908 490
1663 1665 490
1666 1695 490
1673 1695 490
1727 1731 490
1764 1796 490
1778 1798 490
1851 1855 490
1851 1890 490
1852 1890 490
1863 1883 490
1426 1824 491
1430 1824 491
1435 1578 491
1437 1563 491
1461 1516 491
1500 1503 491
1500 1815 491
1503 1524 491
1503 1815 491
1539 1815 491
1558 1567 491
1580 1685 491
1606 1906 491
1617 1641 491
1656 1908 491
1661 1697 491
1661 1912 491
1663 1665 491
1663 1779 491
1682 1695 491
1697 1912 491
1737 1780 491
1752 1796 491
1772 1775 491
1778 1798 491
1780 1843 491
1851 1855 491
1852 1890 491
1863 1883 491
1435 1578 492
1500 1503 492
1555 1558 492
1574 1700 492
1580 1685 492
1604 1922 492
1606 1906 492
1643 1650 492
1649 1916 492
1650 1907 492
1653 1815 492
1656 1908 492
1661 1682 492
1661 1912 492
1663 1665 492
1682 1697 492
1697 1698 492
1697 1912 492
1737 1780 492
1764 1796 492
1851 1855 492
1852 1890 492
1865 1895 492
1426 1430 493
1500 1503 493
1503 1524 493
1503 1533 493
1503 1815 493
1555 1731 493
1567 1727 493
1574 1700 493
1574 1707 493
1580 1685 493
1604 1922 493
1680 1745 493
1697 1698 493
1697 1912 493
1702 1718 493
1737 1780 493
1752 1764 493
1757 1778 493
1764 1796 493
1768 1798 493
1778 1798 493
1851 1855 493
1852 1890 493
1461 1516 494
1500 1503 494
1503 1524 494
1503 1533 494
1524 1815 494
1533 1815 494
1555 1685 494
1555 1712 494
1555 1731 494
1567 1574 494
1567 1727 494
1604 1922 494
1617 1641 494
1617 1906 494
1643 1650 494
1661 1682 494
1661 1695 494
1664 1688 494
1682 1687 494
1685 1712 494
1688 1912 494
1702 1718 494
1709 1731 494
1713 1858 494
1737 1780 494
1737 1909 494
1743 1883 494
1743 1887 494
1752 1764 494
1764 1792 494
1768 1798 494
1821 1866 494
1852 1890 494
1865 1880 494
1916 1922 494
1500 1503 495
1503 1524 495
1503 1533 495
1524 1533 495
1524 1653 495
1528 1548 495
1533 1653 495
1555 1685 495
1555 1709 495
1560 1731 495
1604 1922 495
1617 1906 495
1643 1650 495
1656 1674 495
1661 1663 495
1661 1697 495
1661 1698 495
1663 1698 495
1664 1675 495
1670 1675 495
1673 1695 495
1680 1908 495
1682 1687 495
1682 1688 495
1682 1695 495
1685 1709 495
1688 1696 495
1688 1697 495
1688 1912 495
1697 1698 495
1702 1877 495
1711 1767 495
1718 1749 495
1768 1798 495
1820 1833 495
1863 1883 495
1437 1563 496
1459 1511 496
1461 1516 496
1500 1503 496
1500 1533 496
1503 1524 496
1503 1533 496
1503 1545 496
1525 1528 496
1532 1815 496
1533 1545 496
1533 1653 496
1545 1653 496
1545 1837 496
1551 1707 496
1555 1709 496
1574 1700 496
1603 1641 496
1643 1650 496
1648 1907 496
1656 1674 496
1663 1698 496
1663 1745 496
1665 1745 496
1670 1675 496
1673 1695 496
1674 1675 496
1674 1908 496
1682 1687 496
1682 1695 496
1685 1709 496
1718 1749 496
1852 1890 496
1437 1563 497
1461 1516 497
1500 1503 497
1500 1533 497
1500 1545 497
1503 1533 497
1503 1538 497
1521 1630 497
1525 1528 497
1525 1548 497
1528 1548 497
1528 1815 497
1533 1653 497
1548 1815 497
1551 1685 497
1551 1707 497
1551 1709 497
1567 1727 497
1594 1707 497
1603 1641 497
1643 1650 497
1648 1907 497
1661 1682 497
1663 1698 497
1682 1687 497
1697 1912 497
1718 1858 497
1752 1764 497
1851 1852 497
1851 1890 497
1852 1890 497
1863 1883 497
1426 1437 498
1426 1465 498
1429 1431 498
1437 1585 498
1441 1471 498
1486 1585 498
1500 1548 498
1504 1815 498
1525 1528 498
1528 1548 498
1533 1538 498
1545 1815 498
1551 1707 498
1551 1709 498
1570 1685 498
1603 1641 498
1603 1649 498
1604 1922 498
1616 1911 498
1617 1641 498
1643 1650 498
1648 1907 498
1650 1907 498
1661 1673 498
1663 1698 498
1666 1695 498
1682 1687 498
1688 1912 498
1702 1877 498
1707 1709 498
1764 1792 498
1765 1908 498
1851 1855 498
1852 1890 498
1426 1437 499
1426 1465 499
1426 1585 499
1429 1431 499
1430 1431 499
1437 1486 499
1437 1563 499
1457 1522 499
1500 1524 499
1504 1528 499
1524 1797 499
1525 1528 499
1525 1548 499
1532 1533 499
1551 1707 499
1551 1709 499
1567 1727 499
1594 1707 499
1606 1906 499
1616 1911 499
1617 1641 499
1643 1648 499
1643 1650 499
1648 1907 499
1653 1705 499
1653 1815 499
1656 1675 499
1681 1912 499
1682 1687 499
1688 1697 499
1688 1912 499
1697 1912 499
1702 1877 499
1705 1815 499
1707 1709 499
1718 1749 499
1732 1854 499
1737 1780 499
1764 1792 499
1772 1787 499
1778 1792 499
1797 1815 499
1851 1852 499
1852 1890 499
1865 1895 499
1916 1919 499
1916 1922 499
1426 1585 500
1435 1578 500
1437 1486 500
1437 1563 500
1457 1522 500
1486 1585 500
1503 1528 500
1503 1730 500
1504 1528 500
1532 1533 500
1546 1815 500
1594 1707 500
1603 1641 500
1604 1922 500
1617 1906 500
1643 1648 500
1643 1650 500
1648 1907 500
1653 1705 500
1653 1797 500
1656 1765 500
1661 1682 500
1682 1687 500
1682 1695 500
1682 1697 500
1688 1697 500
1697 1912 500
1705 1797 500
1707 1709 500
1764 1792 500
1802 1803 500
1851 1852 500
1852 1890 500
1863 1883 500
1865 1895 500
1427 1465 501
1429 1439 501
1429 1475 501
1429 1482 501
1430 1824 501
1437 1563 501
1439 1486 501
1443 1486 501
1457 1522 501
1475 1482 501
1475 1592 501
1482 1585 501
1521 1866 501
1528 1548 501
1546 1705 501
1567 1707 501
1604 1922 501
1606 1906 501
1617 1641 501
1617 1906 501
1643 1650 501
1648 1907 501
1650 1907 501
1653 1705 501
1661 1687 501
1664 1688 501
1688 1695 501
1688 1696 501
1688 1697 501
1697 1912 501
1718 1749 501
1802 1803 501
1851 1852 501
1852 1890 501
1861 1897 501
1863 1883 501
1426 1428 502
1427 1465 502
1428 1578 502
1430 1824 502
1435 1489 502
1437 1563 502
1439 1486 502
1468 1502 502
1480 1489 502
1486 1585 502
1486 1592 502
1521 1866 502
1524 1549 502
1525 1528 502
1528 1548 502
1533 1549 502
1546 1548 502
1552 1567 502
1555 1558 502
1562 1707 502
1563 1585 502
1578 1585 502
1585 1592 502
1594 1709 502
1603 1641 502
1606 1906 502
1616 1911 502
1617 1641 502
1643 1650 502
1648 1650 502
1650 1922 502
1656 1675 502
1661 1682 502
1682 1695 502
1684 1745 502
1697 1912 502
1748 1795 502
1764 1792 502
1802 1803 502
1851 1852 502
1852 1890 502
1861 1897 502
1863 1883 502
1426 1482 503
1426 1578 503
1427 1465 503
1428 1482 503
1430 1824 503
1435 1471 503
1435 1482 503
1489 1585 503
1528 1548 503
1546 1548 503
1552 1567 503
1552 1709 503
1562 1707 503
1567 1579 503
1567 1709 503
1604 1922 503
1606 1906 503
1617 1641 503
1643 1650 503
1648 1907 503
1656 1675 503
1661 1682 503
1682 1697 503
1688 1912 503
1697 1912 503
1708 1897 503
1719 1843 503
1752 1764 503
1752 1796 503
1764 1796 503
1780 1909 503
1802 1803 503
1852 1890 503
1861 1897 503
1863 1883 503
1916 1919 503
1916 1922 503
1426 1435 504
1426 1824 504
1431 1434 504
1435 1578 504
1439 1480 504
1461 1516 504
1471 1482 504
1471 1592 504
1486 1585 504
1504 1524 504
1525 1815 504
1538 1815 504
1546 1548 504
1552 1567 504
1552 1709 504
1567 1709 504
1594 1685 504
1606 1906 504
1609 1917 504
1617 1641 504
1632 1802 504
1632 1835 504
1643 1650 504
1648 1907 504
1663 1698 504
1680 1688 504
1682 1687 504
1682 1697 504
1684 1745 504
1697 1912 504
1704 1861 504
1706 1889 504
1708 1897 504
1719 1843 504
1764 1796 504
1831 1865 504
1852 1890 504
1863 1883 504
1916 1919 504
1426 1824 505
1435 1578 505
1461 1516 505
1471 1592 505
1486 1585 505
1525 1815 505
1538 1815 505
1552 1567 505
1552 1709 505
1567 1709 505
1604 1922 505
1609 1917 505
1617 1641 505
1632 1835 505
1643 1650 505
1661 1682 505
1661 1695 505
1663 1665 505
1663 1698 505
1673 1695 505
1682 1687 505
1682 1695 505
1684 1745 505
1688 1912 505
1706 1889 505
1708 1897 505
1743 1883 505
1745 1765 505
1764 1792 505
1765 1908 505
1802 1803 505
1803 1835 505
1819 1836 505
1863 1883 505
1888 1892 505
1461 1516 506
1483 1511 506
1503 1730 506
1525 1815 506
1528 1548 506
1538 1653 506
1538 1815 506
1546 1548 506
1552 1709 506
1562 1707 506
1567 1594 506
1604 1922 506
1609 1917 506
1617 1641 506
1632 1835 506
1643 1650 506
1648 1907 506
1656 1675 506
1661 1684 506
1661 1695 506
1663 1698 506
1663 1745 506
1673 1695 506
1682 1687 506
1682 1695 506
1697 1912 506
1705 1797 506
1706 1889 506
1708 1897 506
1719 1843 506
1743 1863 506
1752 1764 506
1764 1792 506
1772 1787 506
1802 1803 506
1851 1852 506
1852 1890 506
1863 1883 506
1911 1913 506
1916 1919 506
1461 1516 507
1504 1705 507
1525 1538 507
1528 1538 507
1538 1653 507
1546 1548 507
1552 1709 507
1562 1707 507
1567 1707 507
1603 1617 507
1603 1641 507
1604 1922 507
1606 1906 507
1609 1917 507
1617 1641 507
1643 1650 507
1648 1907 507
1650 1907 507
1656 1675 507
1661 1682 507
1663 1665 507
1663 1698 507
1670 1696 507
1682 1695 507
1684 1697 507
1688 1912 507
1697 1912 507
1702 1877 507
1708 1897 507
1719 1843 507
1759 1767 507
1764 1772 507
1767 1775 507
1772 1774 507
1775 1787 507
1802 1803 507
1821 1866 507
1852 1890 507
1461 1516 508
1504 1545 508
1504 1705 508
1525 1546 508
1525 1548 508
1528 1797 508
1560 1685 508
1580 1685 508
1603 1617 508
1606 1906 508
1617 1641 508
1643 1650 508
1648 1907 508
1650 1907 508
1656 1765 508
1661 1682 508
1663 1665 508
1663 1698 508
1666 1696 508
1670 1675 508
1680 1697 508
1682 1687 508
1697 1912 508
1702 1877 508
1705 1837 508
1711 1759 508
1719 1859 508
1757 1768 508
1772 1774 508
1780 1909 508
1802 1803 508
1821 1866 508
1831 1865 508
1851 1855 508
1852 1890 508
1426 1429 509
1443 1475 509
1458 1461 509
1461 1516 509
1503 1730 509
1528 1546 509
1528 1653 509
1545 1705 509
1545 1837 509
1546 1548 509
1552 1555 509
1580 1685 509
1603 1641 509
1609 1917 509
1613 1913 509
1617 1641 509
1632 1835 509
1643 1650 509
1648 1650 509
1648 1907 509
1650 1907 509
1656 1675 509
1656 1765 509
1661 1673 509
1661 1682 509
1661 1695 509
1663 1698 509
1664 1688 509
1665 1920 509
1670 1675 509
1673 1687 509
1673 1695 509
1682 1687 509
1682 1695 509
1697 1912 509
1702 1718 509
1702 1877 509
1704 1861 509
1705 1837 509
1708 1732 509
1737 1909 509
1738 1909 509
1780 1843 509
1802 1803 509
1821 1866 509
1831 1865 509
1852 1890 509
1916 1919 509
1461 1516 510
1477 1502 510
1503 1730 510
1528 1653 510
1532 1538 510
1545 1837 510
1558 1700 510
1562 1707 510
1567 1707 510
1580 1685 510
1604 1650 510
1604 1922 510
1609 1911 510
1613 1913 510
1618 1815 510
1643 1650 510
1648 1650 510
1648 1907 510
1650 1907 510
1656 1765 510
1661 1682 510
1663 1698 510
1663 1745 510
1670 1675 510
1670 1696 510
1674 1765 510
1682 1687 510
1697 1912 510
1705 1837 510
1737 1780 510
1780 1843 510
1780 1909 510
1802 1803 510
1819 1836 510
1831 1865 510
1851 1852 510
1852 1890 510
1861 1897 510
1863 1883 510
1911 1917 510
1916 1919 510
1916 1922 510
1427 1465 511
1461 1516 511
1477 1502 511
1532 1538 511
1545 1837 511
1567 1707 511
1574 1707 511
1580 1685 511
1603 1650 511
1604 1650 511
1604 1922 511
1606 1906 511
1613 1902 511
1618 1815 511
1632 1835 511
1648 1907 511
1670 1675 511
1673 1695 511
1682 1687 511
1682 1695 511
1688 1697 511
1700 1709 511
1743 1883 511
1851 1852 511
1863 1883 511
1916 1919 511
1519 1533 512
1532 1538 512
1545 1837 512
1558 1700 512
1580 1685 512
1604 1922 512
1606 1613 512
1606 1902 512
1606 1906 512
1613 1902 512
1613 1913 512
1648 1907 512
1663 1698 512
1664 1688 512
1670 1696 512
1682 1687 512
1682 1695 512
1688 1745 512
1688 1912 512
1711 1759 512
1718 1749 512
1722 1833 512
1730 1815 512
1748 1833 512
1765 1908 512
1805 1819 512
1851 1852 512
1852 1890 512
1863 1883 512
1427 1437 513
1524 1533 513
1532 1538 513
1545 1837 513
1555 1685 513
1567 1707 513
1604 1922 513
1606 1902 513
1606 1906 513
1609 1917 513
1617 1906 513
1643 1648 513
1661 1682 513
1663 1665 513
1670 1675 513
1673 1695 513
1674 1765 513
1680 1745 513
1682 1695 513
1688 1912 513
1706 1889 513
1711 1759 513
1718 1858 513
1743 1883 513
1745 1908 513
1748 1833 513
1802 1803 513
1851 1852 513
1863 1883 513
1426 1429 514
1428 1824 514
1524 1533 514
1524 1705 514
1545 1837 514
1555 1685 514
1567 1574 514
1567 1707 514
1574 1707 514
1604 1922 514
1606 1902 514
1609 1616 514
1613 1902 514
1643 1650 514
1648 1650 514
1648 1907 514
1650 1922 514
1656 1675 514
1663 1698 514
1670 1674 514
1670 1696 514
1673 1695 514
1674 1745 514
1680 1908 514
1682 1695 514
1697 1912 514
1705 1837 514
1706 1889 514
1711 1759 514
1737 1780 514
1743 1883 514
1748 1833 514
1757 1768 514
1765 1908 514
1780 1843 514
1802 1803 514
1819 1836 514
1852 1890 514
1863 1883 514
1916 1922 514
1500 1705 515
1524 1533 515
1524 1705 515
1545 1837 515
1558 1700 515
1604 1922 515
1606 1902 515
1617 1641 515
1643 1650 515
1648 1650 515
1648 1907 515
1650 1922 515
1661 1682 515
1661 1684 515
1663 1698 515
1665 1920 515
1666 1745 515
1680 1908 515
1697 1912 515
1708 1897 515
1711 1759 515
1714 1719 515
1741 1822 515
1743 1863 515
1743 1883 515
1746 1748 515
1746 1763 515
1780 1801 515
1795 1833 515
1800 1843 515
1802 1803 515
1838 1909 515
1863 1883 515
1902 1906 515
1461 1516 516
1480 1563 516
1500 1705 516
1504 1548 516
1504 1837 516
1524 1533 516
1524 1705 516
1545 1837 516
1604 1922 516
1606 1613 516
1606 1902 516
1617 1641 516
1617 1906 516
1643 1650 516
1648 1907 516
1656 1674 516
1661 1682 516
1663 1745 516
1680 1908 516
1682 1695 516
1697 1912 516
1704 1861 516
1720 1738 516
1737 1822 516
1738 1741 516
1743 1883 516
1748 1820 516
1757 1768 516
1760 1766 516
1802 1803 516
1809 1833 516
1822 1843 516
1852 1890 516
1861 1897 516
1902 1906 516
1916 1922 516
1430 1824 517
1461 1516 517
1500 1705 517
1520 1668 517
1528 1548 517
1545 1837 517
1558 1735 517
1562 1567 517
1562 1707 517
1606 1906 517
1613 1913 517
1632 1835 517
1643 1650 517
1648 1907 517
1656 1674 517
1661 1682 517
1670 1675 517
1682 1695 517
1697 1698 517
1697 1912 517
1700 1709 517
1711 1787 517
1743 1863 517
1746 1801 517
1748 1809 517
1757 1768 517
1801 1833 517
1852 1890 517
1863 1883 517
1907 1919 517
1907 1922 517
1427 1437 518
1427 1465 518
1461 1516 518
1486 1585 518
1500 1538 518
1504 1705 518
1558 1580 518
1558 1709 518
1613 1913 518
1617 1641 518
1628 1643 518
1661 1682 518
1663 1665 518
1663 1698 518
1665 1779 518
1670 1675 518
1682 1687 518
1682 1695 518
1697 1912 518
1711 1787 518
1743 1863 518
1743 1883 518
1746 1801 518
1748 1782 518
1748 1809 518
1764 1775 518
1801 1833 518
1852 1890 518
1888 1892 518
1916 1919 518
1916 1922 518
1437 1563 519
1461 1516 519
1486 1585 519
1533 1545 519
1538 1546 519
1539 1837 519
1545 1837 519
1558 1580 519
1604 1922 519
1617 1641 519
1628 1643 519
1643 1650 519
1661 1682 519
1664 1688 519
1670 1675 519
1670 1696 519
1682 1687 519
1684 1745 519
1688 1697 519
1697 1698 519
1737 1909 519
1743 1863 519
1743 1883 519
1746 1801 519
1746 1822 519
1748 1809 519
1801 1822 519
1801 1833 519
1820 1833 519
1851 1852 519
1852 1890 519
1861 1897 519
1916 1919 519
1427 1465 520
1461 1516 520
1503 1524 520
1504 1705 520
1533 1545 520
1551 1552 520
1555 1558 520
1603 1641 520
1617 1641 520
1625 1919 520
1643 1650 520
1661 1682 520
1670 1696 520
1682 1687 520
1697 1912 520
1706 1889 520
1711 1787 520
1719 1809 520
1743 1863 520
1743 1883 520
1852 1890 520
1863 1883 520
1916 1919 520
1461 1516 521
1533 1538 521
1545 1837 521
1555 1685 521
1603 1641 521
1604 1922 521
1606 1906 521
1617 1641 521
1618 1815 521
1628 1643 521
1632 1835 521
1643 1650 521
1648 1650 521
1648 1907 521
1650 1907 521
1656 1675 521
1661 1682 521
1661 1697 521
1680 1745 521
1680 1908 521
1682 1687 521
1697 1912 521
1711 1787 521
1719 1909 521
1743 1883 521
1764 1774 521
1820 1833 521
1861 1897 521
1863 1883 521
1911 1913 521
1461 1516 522
1500 1546 522
1528 1548 522
1528 1705 522
1533 1538 522
1548 1705 522
1580 1685 522
1604 1922 522
1606 1906 522
1613 1902 522
1628 1643 522
1643 1648 522
1643 1650 522
1648 1907 522
1650 1907 522
1661 1682 522
1661 1695 522
1663 1665 522
1663 1698 522
1666 1695 522
1682 1695 522
1682 1697 522
1684 1912 522
1688 1697 522
1702 1718 522
1711 1759 522
1711 1787 522
1718 1858 522
1719 1909 522
1730 1815 522
1746 1809 522
1795 1809 522
1820 1833 522
1852 1890 522
1863 1883 522
1911 1913 522
1916 1919 522
1451 1520 523
1461 1516 523
1503 1730 523
1528 1705 523
1538 1546 523
1580 1685 523
1609 1917 523
1628 1643 523
1656 1674 523
1661 1682 523
1665 1745 523
1673 1695 523
1680 1908 523
1697 1912 523
1704 1861 523
1711 1759 523
1718 1858 523
1719 1909 523
1746 1795 523
1760 1766 523
1760 1768 523
1795 1809 523
1852 1890 523
1863 1883 523
1916 1922 523
1451 1520 524
1461 1516 524
1503 1532 524
1503 1546 524
1503 1730 524
1538 1546 524
1545 1837 524
1551 1580 524
1552 1580 524
1555 1685 524
1580 1685 524
1580 1709 524
1606 1906 524
1609 1917 524
1618 1815 524
1650 1907 524
1656 1765 524
1663 1745 524
1682 1695 524
1697 1912 524
1711 1759 524
1714 1795 524
1718 1858 524
1743 1863 524
1852 1890 524
1861 1897 524
1907 1917 524
1916 1919 524
1916 1922 524
1461 1516 525
1503 1533 525
1503 1546 525
1533 1546 525
1545 1837 525
1551 1572 525
1558 1579 525
1572 1685 525
1579 1685 525
1580 1709 525
1606 1906 525
1650 1907 525
1656 1765 525
1663 1698 525
1663 1745 525
1697 1912 525
1711 1759 525
1737 1909 525
1743 1863 525
1764 1774 525
1765 1912 525
1800 1838 525
1852 1890 525
1861 1897 525
1911 1913 525
1916 1919 525
1461 1516 526
1503 1533 526
1503 1546 526
1503 1837 526
1548 1837 526
1572 1685 526
1580 1709 526
1606 1902 526
1606 1906 526
1628 1643 526
1656 1765 526
1661 1682 526
1661 1697 526
1663 1665 526
1674 1765 526
1680 1912 526
1682 1697 526
1697 1912 526
1711 1759 526
1719 1909 526
1720 1909 526
1730 1815 526
1737 1909 526
1802 1803 526
1802 1835 526
1457 1522 527
1504 1548 527
1521 1630 527
1555 1685 527
1572 1685 527
1580 1709 527
1606 1906 527
1613 1902 527
1625 1916 527
1656 1765 527
1661 1682 527
1661 1695 527
1664 1688 527
1680 1688 527
1682 1695 527
1688 1697 527
1688 1912 527
1697 1912 527
1711 1759 527
1719 1909 527
1720 1909 527
1730 1815 527
1743 1863 527
1760 1796 527
1764 1775 527
1802 1803 527
1803 1835 527
1852 1890 527
1863 1883 527
1916 1919 527
1427 1465 528
1451 1520 528
1500 1548 528
1500 1837 528
1502 1520 528
1504 1705 528
1532 1549 528
1533 1837 528
1548 1837 528
1572 1685 528
1606 1906 528
1613 1902 528
1617 1641 528
1628 1643 528
1650 1922 528
1656 1765 528
1661 1682 528
1661 1695 528
1682 1695 528
1697 1912 528
1711 1759 528
1711 1767 528
1713 1739 528
1730 1815 528
1759 1764 528
1768 1798 528
1852 1890 528
1916 1922 528
1475 1824 529
1500 1548 529
1500 1837 529
1532 1533 529
1538 1837 529
1548 1837 529
1560 1685 529
1574 1707 529
1580 1709 529
1606 1906 529
1613 1902 529
1617 1641 529
1625 1916 529
1625 1919 529
1628 1643 529
1643 1650 529
1648 1907 529
1661 1682 529
1661 1695 529
1663 1665 529
1663 1698 529
1663 1745 529
1670 1696 529
1682 1695 529
1688 1745 529
1697 1912 529
1708 1897 529
1711 1759 529
1713 1739 529
1730 1815 529
1764 1774 529
1768 1798 529
1851 1852 529
1851 1890 529
1852 1890 529
1888 1892 529
1495 1516 530
1500 1538 530
1500 1548 530
1533 1837 530
1538 1837 530
1567 1707 530
1606 1906 530
1613 1902 530
1661 1682 530
1663 1684 530
1663 1698 530
1670 1675 530
1680 1697 530
1682 1695 530
1697 1912 530
1706 1889 530
1711 1759 530
1713 1739 530
1718 1858 530
1730 1815 530
1737 1909 530
1743 1883 530
1851 1852 530
1852 1890 530
1916 1919 530
1451 1520 531
1468 1520 531
1500 1548 531
1538 1837 531
1552 1555 531
1555 1558 531
1606 1906 531
1643 1648 531
1661 1682 531
1681 1765 531
1681 1912 531
1688 1697 531
1697 1912 531
1704 1713 531
1711 1759 531
1723 1809 531
1730 1815 531
1852 1890 531
1451 1520 532
1500 1548 532
1533 1539 532
1533 1797 532
1538 1837 532
1555 1685 532
1606 1906 532
1625 1916 532
1643 1650 532
1650 1907 532
1656 1674 532
1656 1675 532
1661 1682 532
1663 1698 532
1670 1696 532
1673 1695 532
1674 1675 532
1674 1765 532
1680 1908 532
1697 1912 532
1704 1861 532
1706 1889 532
1711 1759 532
1713 1739 532
1718 1858 532
1720 1909 532
1723 1809 532
1727 1731 532
1760 1796 532
1797 1837 532
1802 1803 532
1820 1833 532
1916 1919 532
1451 1520 533
1475 1824 533
1500 1548 533
1500 1653 533
1533 1538 533
1539 1548 533
1548 1837 533
1606 1906 533
1613 1902 533
1643 1650 533
1650 1907 533
1661 1682 533
1663 1698 533
1670 1696 533
1674 1675 533
1674 1908 533
1681 1765 533
1682 1695 533
1704 1861 533
1706 1889 533
1711 1759 533
1711 1764 533
1711 1767 533
1713 1739 533
1718 1858 533
1723 1809 533
1768 1798 533
1795 1833 533
1820 1833 533
1851 1855 533
1500 1533 534
1500 1538 534
1500 1653 534
1500 1837 534
1533 1546 534
1533 1837 534
1538 1653 534
1538 1837 534
1555 1685 534
1580 1707 534
1617 1641 534
1661 1682 534
1663 1698 534
1663 1745 534
1664 1688 534
1674 1765 534
1681 1765 534
1702 1877 534
1704 1861 534
1706 1889 534
1711 1759 534
1711 1764 534
1718 1858 534
1719 1909 534
1723 1809 534
1727 1731 534
1730 1815 534
1737 1909 534
1768 1796 534
1768 1798 534
1831 1865 534
1863 1883 534
1916 1922 534
1437 1563 535
1451 1520 535
1533 1837 535
1538 1539 535
1538 1837 535
1567 1707 535
1617 1641 535
1653 1837 535
1656 1674 535
1656 1675 535
1661 1682 535
1664 1688 535
1680 1681 535
1681 1765 535
1702 1718 535
1706 1889 535
1711 1787 535
1714 1795 535
1718 1858 535
1723 1809 535
1737 1909 535
1743 1863 535
1743 1883 535
1759 1787 535
1802 1803 535
1820 1833 535
1821 1857 535
1851 1855 535
1863 1883 535
1907 1922 535
1504 1797 536
1533 1546 536
1545 1546 536
1567 1707 536
1603 1641 536
1617 1641 536
1653 1837 536
1656 1675 536
1661 1682 536
1664 1688 536
1681 1765 536
1706 1889 536
1711 1759 536
1718 1858 536
1719 1909 536
1723 1809 536
1727 1731 536
1743 1883 536
1759 1787 536
1760 1766 536
1768 1798 536
1802 1803 536
1820 1833 536
1821 1847 536
1851 1852 536
1852 1890 536
1863 1883 536
1907 1922 536
1461 1516 537
1486 1585 537
1533 1546 537
1533 1653 537
1545 1546 537
1546 1837 537
1552 1555 537
1552 1685 537
1564 1570 537
1567 1707 537
1580 1594 537
1580 1709 537
1594 1709 537
1603 1641 537
1606 1906 537
1609 1917 537
1617 1641 537
1653 1837 537
1656 1675 537
1656 1908 537
1681 1765 537
1697 1698 537
1706 1889 537
1711 1759 537
1718 1858 537
1723 1809 537
1760 1766 537
1847 1857 537
1902 1906 537
1907 1922 537
1545 1546 538
1548 1837 538
1552 1555 538
1552 1685 538
1564 1570 538
1580 1594 538
1594 1709 538
1603 1604 538
1603 1641 538
1609 1917 538
1617 1641 538
1632 1835 538
1643 1648 538
1656 1675 538
1656 1908 538
1661 1682 538
1670 1675 538
1681 1765 538
1711 1759 538
1713 1739 538
1718 1858 538
1723 1809 538
1760 1796 538
1764 1774 538
1802 1803 538
1820 1833 538
1863 1883 538
1907 1922 538
1545 1546 539
1552 1555 539
1552 1685 539
1555 1580 539
1564 1570 539
1603 1617 539
1603 1641 539
1606 1906 539
1613 1913 539
1617 1641 539
1617 1906 539
1632 1803 539
1643 1648 539
1648 1907 539
1656 1675 539
1656 1765 539
1663 1665 539
1663 1684 539
1670 1675 539
1670 1696 539
1673 1682 539
1680 1681 539
1711 1759 539
1713 1739 539
1718 1858 539
1723 1809 539
1737 1909 539
1760 1766 539
1760 1796 539
1764 1774 539
1831 1865 539
1863 1883 539
1545 1653 540
1546 1815 540
1552 1555 540
1552 1685 540
1564 1570 540
1603 1604 540
1603 1641 540
1606 1906 540
1613 1913 540
1617 1641 540
1628 1907 540
1656 1675 540
1673 1682 540
1682 1695 540
1697 1745 540
1706 1889 540
1711 1759 540
1713 1739 540
1718 1749 540
1718 1858 540
1737 1909 540
1743 1863 540
1743 1883 540
1760 1766 540
1797 1837 540
1863 1883 540
1872 1877 540
1532 1533 541
1539 1815 541
1552 1555 541
1552 1685 541
1564 1570 541
1567 1707 541
1606 1906 541
1609 1917 541
1613 1913 541
1632 1835 541
1656 1675 541
1664 1688 541
1711 1759 541
1713 1739 541
1718 1858 541
1720 1909 541
1737 1909 541
1743 1863 541
1743 1883 541
1760 1766 541
1768 1796 541
1863 1883 541
1916 1919 541
1504 1525 542
1533 1797 542
1539 1548 542
1552 1555 542
1552 1685 542
1567 1707 542
1606 1906 542
1617 1641 542
1628 1643 542
1632 1835 542
1653 1815 542
1656 1675 542
1663 1779 542
1664 1688 542
1681 1908 542
1682 1697 542
1698 1745 542
1711 1759 542
1711 1767 542
1713 1739 542
1718 1858 542
1737 1909 542
1743 1863 542
1764 1774 542
1851 1855 542
1852 1890 542
1863 1883 542
1916 1919 542
1528 1546 543
1532 1533 543
1532 1549 543
1533 1539 543
1548 1815 543
1552 1555 543
1567 1707 543
1580 1685 543
1606 1906 543
1613 1649 543
1628 1643 543
1649 1902 543
1649 1916 543
1653 1815 543
1656 1675 543
1673 1682 543
1688 1697 543
1697 1698 543
1704 1861 543
1706 1889 543
1708 1897 543
1711 1767 543
1718 1858 543
1727 1731 543
1760 1796 543
1764 1774 543
1768 1796 543
1852 1890 543
1863 1883 543
1872 1877 543
1503 1815 544
1528 1815 544
1532 1549 544
1532 1797 544
1533 1539 544
1533 1548 544
1533 1653 544
1552 1555 544
1567 1707 544
1606 1906 544
1613 1649 544
1613 1902 544
1632 1835 544
1656 1675 544
1663 1698 544
1663 1745 544
1680 1697 544
1681 1765 544
1688 1697 544
1704 1861 544
1711 1759 544
1711 1767 544
1718 1858 544
1727 1731 544
1730 1815 544
1852 1890 544
1863 1883 544
1486 1585 545
1503 1730 545
1528 1533 545
1528 1815 545
1533 1797 545
1552 1555 545
1552 1685 545
1567 1707 545
1603 1604 545
1603 1641 545
1606 1906 545
1613 1913 545
1617 1641 545
1632 1835 545
1656 1675 545
1656 1908 545
1661 1682 545
1663 1665 545
1666 1695 545
1670 1696 545
1682 1684 545
1684 1745 545
1684 1779 545
1702 1749 545
1711 1759 545
1713 1739 545
1719 1909 545
1765 1908 545
1768 1796 545
1779 1920 545
1863 1883 545
1872 1877 545
1461 1516 546
1501 1668 546
1539 1548 546
1552 1555 546
1567 1574 546
1567 1707 546
1603 1604 546
1613 1649 546
1617 1906 546
1632 1835 546
1649 1916 546
1656 1675 546
1656 1908 546
1661 1695 546
1663 1665 546
1663 1698 546
1664 1745 546
1665 1779 546
1666 1695 546
1682 1684 546
1684 1779 546
1688 1697 546
1745 1908 546
1760 1796 546
1765 1908 546
1802 1803 546
1803 1847 546
1851 1890 546
1852 1887 546
1863 1883 546
1461 1516 547
1539 1548 547
1552 1555 547
1574 1707 547
1606 1906 547
1613 1649 547
1632 1835 547
1649 1902 547
1649 1916 547
1656 1674 547
1656 1675 547
1663 1698 547
1670 1696 547
1673 1682 547
1673 1695 547
1681 1765 547
1682 1684 547
1688 1697 547
1711 1759 547
1718 1858 547
1743 1883 547
1760 1796 547
1863 1883 547
1887 1898 547
1461 1516 548
1533 1539 548
1533 1548 548
1539 1546 548
1539 1548 548
1545 1837 548
1546 1548 548
1552 1555 548
1552 1685 548
1560 1594 548
1574 1707 548
1606 1906 548
1613 1625 548
1613 1916 548
1617 1641 548
1632 1835 548
1649 1902 548
1656 1675 548
1663 1665 548
1664 1745 548
1666 1745 548
1670 1675 548
1673 1682 548
1680 1681 548
1681 1765 548
1681 1912 548
1708 1897 548
1711 1759 548
1711 1767 548
1713 1739 548
1737 1909 548
1760 1796 548
1764 1775 548
1852 1887 548
1863 1883 548
1430 1482 549
1451 1520 549
1461 1516 549
1533 1539 549
1533 1548 549
1533 1653 549
1533 1837 549
1539 1548 549
1539 1837 549
1548 1653 549
1552 1555 549
1552 1685 549
1567 1707 549
1574 1707 549
1603 1641 549
1606 1906 549
1613 1649 549
1628 1643 549
1649 1916 549
1650 1906 549
1656 1675 549
1666 1745 549
1674 1745 549
1674 1765 549
1675 1745 549
1681 1765 549
1681 1908 549
1682 1684 549
1688 1697 549
1697 1745 549
1702 1852 549
1711 1759 549
1713 1739 549
1764 1775 549
1765 1908 549
1768 1796 549
1768 1798 549
1852 1890 549
1907 1922 549
1461 1516 550
1533 1548 550
1533 1653 550
1533 1837 550
1539 1548 550
1539 1653 550
1548 1653 550
1552 1685 550
1564 1572 550
1603 1604 550
1603 1641 550
1606 1906 550
1613 1649 550
1613 1902 550
1613 1916 550
1649 1650 550
1656 1675 550
1663 1698 550
1664 1688 550
1681 1765 550
1681 1908 550
1688 1697 550
1711 1759 550
1711 1767 550
1713 1739 550
1737 1909 550
1743 1863 550
1765 1908 550
1768 1796 550
1768 1798 550
1802 1803 550
1815 1837 550
1852 1890 550
1863 1883 550
1451 1520 551
1461 1516 551
1533 1539 551
1539 1548 551
1552 1555 551
1552 1685 551
1603 1641 551
1606 1906 551
1613 1649 551
1617 1641 551
1649 1916 551
1656 1674 551
1656 1675 551
1663 1665 551
1665 1745 551
1681 1765 551
1688 1697 551
1711 1759 551
1713 1739 551
1722 1833 551
1737 1909 551
1743 1883 551
1852 1890 551
1863 1883 551
1451 1520 552
1461 1516 552
1500 1548 552
1500 1815 552
1500 1837 552
1503 1730 552
1533 1815 552
1539 1548 552
1539 1653 552
1539 1815 552
1548 1653 552
1548 1815 552
1552 1555 552
1603 1617 552
1603 1641 552
1606 1906 552
1617 1641 552
1625 1649 552
1628 1643 552
1656 1675 552
1661 1666 552
1663 1745 552
1666 1696 552
1670 1675 552
1681 1765 552
1704 1861 552
1706 1889 552
1711 1759 552
1719 1838 552
1743 1883 552
1764 1774 552
1775 1787 552
1802 1803 552
1852 1890 552
1863 1883 552
1907 1922 552
1437 1563 553
1461 1516 553
1500 1549 553
1500 1653 553
1500 1837 553
1503 1730 553
1548 1549 553
1549 1653 553
1580 1594 553
1594 1712 553
1603 1617 553
1603 1641 553
1606 1906 553
1613 1902 553
1617 1641 553
1649 1916 553
1656 1675 553
1663 1745 553
1681 1765 553
1706 1889 553
1708 1897 553
1711 1764 553
1718 1749 553
1718 1858 553
1719 1748 553
1760 1796 553
1766 1772 553
1768 1796 553
1802 1803 553
1822 1859 553
1838 1909 553
1852 1890 553
1863 1883 553
1500 1539 554
1500 1653 554
1500 1837 554
1503 1730 554
1551 1712 554
1558 1685 554
1564 1580 554
1567 1707 554
1572 1580 554
1603 1641 554
1606 1906 554
1613 1902 554
1617 1641 554
1653 1837 554
1656 1675 554
1663 1698 554
1663 1745 554
1681 1765 554
1688 1695 554
1688 1697 554
1706 1889 554
1711 1759 554
1722 1833 554
1737 1738 554
1738 1780 554
1766 1772 554
1768 1796 554
1768 1798 554
1775 1787 554
1802 1803 554
1863 1883 554
1457 1522 555
1461 1477 555
1461 1516 555
1477 1516 555
1519 1546 555
1532 1533 555
1539 1837 555
1551 1594 555
1555 1579 555
1572 1580 555
1579 1685 555
1594 1712 555
1603 1641 555
1606 1906 555
1609 1616 555
1613 1902 555
1656 1675 555
1673 1682 555
1681 1765 555
1688 1697 555
1708 1897 555
1711 1759 555
1718 1858 555
1764 1770 555
1764 1774 555
1801 1822 555
1851 1855 555
1852 1890 555
1863 1883 555
1437 1563 556
1451 1520 556
1461 1516 556
1551 1700 556
1572 1580 556
1579 1685 556
1603 1641 556
1606 1906 556
1609 1616 556
1613 1649 556
1613 1902 556
1663 1665 556
1681 1765 556
1681 1912 556
1688 1695 556
1688 1697 556
1697 1745 556
1711 1759 556
1738 1780 556
1738 1909 556
1764 1774 556
1768 1798 556
1820 1833 556
1851 1855 556
1852 1890 556
1863 1883 556
1437 1563 557
1451 1520 557
1461 1516 557
1555 1579 557
1572 1580 557
1579 1685 557
1579 1700 557
1606 1906 557
1613 1649 557
1613 1902 557
1649 1916 557
1656 1675 557
1661 1666 557
1663 1698 557
1665 1779 557
1682 1684 557
1684 1779 557
1685 1700 557
1688 1697 557
1697 1745 557
1702 1877 557
1704 1861 557
1706 1889 557
1711 1759 557
1743 1887 557
1764 1774 557
1768 1798 557
1779 1920 557
1852 1890 557
1863 1883 557
1426 1429 558
1427 1465 558
1437 1563 558
1452 1468 558
1461 1516 558
1465 1563 558
1486 1585 558
1502 1520 558
1555 1574 558
1555 1579 558
1558 1574 558
1572 1580 558
1572 1685 558
1603 1604 558
1603 1617 558
1603 1641 558
1606 1906 558
1613 1649 558
1617 1641 558
1649 1902 558
1656 1675 558
1656 1696 558
1661 1695 558
1663 1665 558
1663 1698 558
1681 1765 558
1700 1707 558
1702 1718 558
1702 1749 558
1702 1877 558
1714 1795 558
1768 1796 558
1796 1798 558
1802 1803 558
1802 1847 558
1819 1836 558
1851 1890 558
1852 1890 558
1863 1883 558
1426 1429 559
1427 1431 559
1427 1465 559
1431 1465 559
1437 1563 559
1459 1483 559
1461 1516 559
1486 1585 559
1525 1797 559
1548 1797 559
1555 1685 559
1555 1700 559
1558 1685 559
1603 1604 559
1603 1641 559
1606 1906 559
1613 1913 559
1617 1641 559
1628 1643 559
1648 1907 559
1656 1696 559
1666 1695 559
1681 1765 559
1688 1697 559
1702 1877 559
1706 1889 559
1711 1759 559
1711 1767 559
1714 1795 559
1718 1749 559
1718 1858 559
1743 1863 559
1746 1809 559
1761 1783 559
1764 1774 559
1767 1787 559
1783 1789 559
1796 1798 559
1802 1803 559
1852 1890 559
1426 1429 560
1426 1465 560
1427 1429 560
1435 1578 560
1437 1563 560
1453 1498 560
1461 1516 560
1504 1797 560
1558 1574 560
1558 1685 560
1564 1580 560
1574 1685 560
1609 1643 560
1625 1649 560
1643 1650 560
1649 1916 560
1663 1665 560
1663 1745 560
1665 1745 560
1670 1696 560
1681 1912 560
1682 1695 560
1684 1745 560
1698 1745 560
1700 1731 560
1711 1759 560
1714 1795 560
1727 1731 560
1764 1774 560
1778 1792 560
1782 1809 560
1783 1789 560
1789 1792 560
1802 1803 560
1851 1852 560
1852 1890 560
1863 1883 560
1426 1429 561
1427 1429 561
1428 1482 561
1429 1465 561
1431 1434 561
1439 1480 561
1457 1468 561
1461 1516 561
1498 1522 561
1555 1579 561
1572 1580 561
1574 1707 561
1609 1643 561
1628 1650 561
1649 1916 561
1656 1675 561
1663 1745 561
1665 1745 561
1680 1688 561
1682 1687 561
1700 1731 561
1702 1877 561
1711 1759 561
1714 1795 561
1719 1859 561
1768 1798 561
1778 1792 561
1802 1803 561
1851 1852 561
1851 1890 561
1863 1883 561
1906 1916 561
1426 1429 562
1426 1431 562
1427 1465 562
1429 1465 562
1461 1516 562
1564 1580 562
1567 1700 562
1570 1712 562
1603 1906 562
1606 1718 562
1606 1749 562
1665 1920 562
1666 1695 562
1674 1745 562
1682 1687 562
1704 1861 562
1708 1739 562
1710 1863 562
1711 1759 562
1713 1861 562
1714 1795 562
1718 1749 562
1718 1858 562
1722 1833 562
1723 1809 562
1727 1731 562
1743 1883 562
1743 1890 562
1749 1906 562
1749 1916 562
1765 1908 562
1772 1775 562
1802 1831 562
1821 1866 562
1851 1852 562
1851 1855 562
1851 1883 562
1851 1890 562
1852 1883 562
1852 1890 562
1902 1916 562
1426 1428 563
1427 1429 563
1427 1431 563
1427 1465 563
1429 1431 563
1439 1578 563
1452 1468 563
1457 1516 563
1461 1516 563
1471 1578 563
1498 1522 563
1502 1520 563
1504 1546 563
1525 1730 563
1558 1727 563
1562 1727 563
1564 1570 563
1570 1712 563
1572 1580 563
1574 1727 563
1603 1906 563
1628 1902 563
1663 1698 563
1665 1920 563
1666 1696 563
1680 1688 563
1682 1687 563
1688 1697 563
1702 1877 563
1704 1713 563
1706 1861 563
1712 1735 563
1713 1863 563
1713 1889 563
1714 1795 563
1718 1749 563
1723 1809 563
1727 1731 563
1765 1908 563
1778 1792 563
1822 1859 563
1851 1852 563
1851 1855 563
1851 1883 563
1852 1883 563
1852 1890 563
1907 1911 563
1426 1428 564
1426 1437 564
1426 1563 564
1426 1585 564
1427 1465 564
1428 1585 564
1429 1437 564
1429 1563 564
1431 1578 564
1437 1475 564
1437 1563 564
1439 1563 564
1451 1501 564
1452 1468 564
1458 1502 564
1461 1516 564
1471 1578 564
1495 1516 564
1500 1730 564
1525 1528 564
1555 1558 564
1562 1700 564
1604 1883 564
1613 1906 564
1617 1916 564
1628 1902 564
1628 1906 564
1641 1855 564
1649 1851 564
1649 1906 564
1650 1739 564
1650 1890 564
1653 1730 564
1661 1688 564
1663 1698 564
1663 1745 564
1664 1688 564
1665 1920 564
1674 1765 564
1681 1745 564
1682 1687 564
1688 1697 564
1702 1706 564
1702 1889 564
1706 1708 564
1706 1861 564
1708 1861 564
1708 1887 564
1713 1863 564
1718 1889 564
1719 1843 564
1722 1833 564
1749 1889 564
1768 1796 564
1768 1798 564
1847 1857 564
1851 1855 564
1852 1883 564
1858 1911 564
1883 1911 564
1883 1916 564
1426 1428 565
1426 1482 565
1426 1585 565
1428 1482 565
1428 1585 565
1431 1578 565
1434 1439 565
1434 1443 565
1434 1471 565
1437 1563 565
1452 1520 565
1498 1522 565
1500 1546 565
1528 1533 565
1528 1545 565
1533 1797 565
1552 1712 565
1567 1707 565
1567 1727 565
1572 1580 565
1572 1685 565
1606 1902 565
1613 1628 565
1613 1907 565
1630 1836 565
1632 1847 565
1649 1851 565
1649 1906 565
1653 1797 565
1661 1664 565
1666 1745 565
1666 1920 565
1675 1688 565
1682 1687 565
1688 1745 565
1695 1745 565
1704 1713 565
1704 1890 565
1706 1708 565
1706 1861 565
1708 1718 565
1708 1743 565
1718 1890 565
1731 1735 565
1745 1920 565
1768 1798 565
1801 1822 565
1821 1857 565
1902 1906 565
1426 1482 566
1427 1465 566
1428 1471 566
1429 1431 566
1429 1471 566
1431 1480 566
1434 1482 566
1437 1563 566
1451 1501 566
1452 1468 566
1452 1520 566
1453 1457 566
1453 1522 566
1457 1459 566
1458 1461 566
1458 1477 566
1479 1516 566
1482 1585 566
1495 1516 566
1500 1503 566
1500 1528 566
1503 1815 566
1504 1528 566
1504 1705 566
1532 1533 566
1545 1705 566
1552 1712 566
1555 1579 566
1558 1580 566
1558 1685 566
1558 1727 566
1560 1731 566
1572 1685 566
1574 1707 566
1580 1685 566
1606 1616 566
1606 1906 566
1613 1628 566
1613 1906 566
1617 1641 566
1628 1907 566
1630 1836 566
1649 1906 566
1653 1797 566
1661 1688 566
1663 1665 566
1663 1698 566
1663 1745 566
1665 1666 566
1665 1684 566
1665 1697 566
1666 1673 566
1682 1687 566
1695 1765 566
1697 1698 566
1698 1745 566
1704 1877 566
1706 1861 566
1708 1718 566
1708 1743 566
1732 1889 566
1743 1851 566
1745 1765 566
1749 1863 566
1749 1883 566
1757 1778 566
1801 1822 566
1854 1889 566
1877 1890 566
1426 1482 567
1426 1585 567
1428 1471 567
1437 1563 567
1439 1480 567
1451 1457 567
1451 1459 567
1451 1501 567
1452 1520 567
1453 1457 567
1458 1459 567
1458 1461 567
1458 1477 567
1459 1501 567
1461 1477 567
1471 1578 567
1479 1516 567
1482 1585 567
1500 1528 567
1503 1815 567
1504 1705 567
1511 1668 567
1525 1837 567
1533 1538 567
1545 1837 567
1552 1712 567
1555 1579 567
1558 1567 567
1560 1731 567
1572 1580 567
1574 1707 567
1606 1906 567
1625 1628 567
1661 1688 567
1663 1675 567
1670 1674 567
1680 1912 567
1682 1687 567
1695 1920 567
1697 1765 567
1702 1704 567
1705 1837 567
1708 1851 567
1708 1858 567
1711 1759 567
1743 1887 567
1745 1765 567
1768 1798 567
1802 1821 567
1863 1889 567
1877 1890 567
1889 1890 567
1426 1443 568
1426 1585 568
1428 1431 568
1428 1471 568
1431 1437 568
1437 1563 568
1437 1585 568
1439 1480 568
1439 1482 568
1439 1585 568
1451 1457 568
1451 1501 568
1451 1502 568
1453 1457 568
1453 1502 568
1457 1501 568
1457 1502 568
1471 1578 568
1482 1585 568
1495 1516 568
1501 1502 568
1503 1730 568
1503 1815 568
1516 1522 568
1521 1807 568
1524 1545 568
1524 1705 568
1524 1730 568
1528 1538 568
1532 1538 568
1533 1730 568
1538 1539 568
1545 1705 568
1558 1727 568
1567 1727 568
1574 1707 568
1580 1685 568
1606 1906 568
1625 1628 568
1632 1847 568
1650 1702 568
1650 1749 568
1661 1665 568
1661 1688 568
1664 1745 568
1665 1666 568
1665 1688 568
1666 1673 568
1666 1675 568
1673 1688 568
1681 1684 568
1681 1765 568
1682 1687 568
1684 1745 568
1684 1765 568
1688 1745 568
1695 1920 568
1698 1745 568
1698 1912 568
1702 1749 568
1704 1743 568
1708 1851 568
1708 1898 568
1711 1787 568
1723 1838 568
1730 1815 568
1749 1890 568
1760 1766 568
1765 1920 568
1768 1796 568
1801 1822 568
1802 1821 568
1847 1857 568
1877 1890 568
1427 1465 569
1428 1429 569
1428 1471 569
1429 1578 569
1429 1585 569
1431 1437 569
1439 1480 569
1439 1482 569
1439 1563 569
1439 1585 569
1451 1501 569
1452 1459 569
1452 1461 569
1453 1457 569
1453 1502 569
1457 1502 569
1459 1520 569
1479 1511 569
1480 1563 569
1495 1516 569
1503 1533 569
1503 1538 569
1504 1837 569
1511 1516 569
1511 1522 569
1516 1522 569
1521 1802 569
1524 1545 569
1524 1705 569
1538 1653 569
1545 1705 569
1574 1707 569
1606 1906 569
1625 1902 569
1650 1704 569
1661 1673 569
1661 1696 569
1663 1920 569
1673 1688 569
1673 1745 569
1674 1920 569
1682 1687 569
1684 1697 569
1687 1696 569
1687 1912 569
1688 1745 569
1688 1912 569
1695 1920 569
1700 1735 569
1702 1704 569
1702 1749 569
1702 1898 569
1704 1749 569
1723 1822 569
1737 1843 569
1795 1801 569
1802 1821 569
1802 1835 569
1802 1847 569
1807 1857 569
1821 1835 569
1851 1858 569
1427 1465 570
1428 1471 570
1428 1578 570
1429 1431 570
1429 1437 570
1429 1563 570
1431 1563 570
1437 1563 570
1451 1452 570
1451 1477 570
1451 1501 570
1452 1461 570
1452 1477 570
1452 1495 570
1453 1502 570
1457 1502 570
1457 1520 570
1458 1520 570
1461 1668 570
1468 1516 570
1471 1578 570
1477 1495 570
1500 1503 570
1500 1528 570
1503 1528 570
1503 1538 570
1503 1815 570
1504 1533 570
1504 1705 570
1524 1538 570
1567 1727 570
1574 1707 570
1661 1684 570
1663 1674 570
1665 1666 570
1665 1697 570
1665 1920 570
1673 1674 570
1673 1688 570
1674 1688 570
1674 1745 570
1675 1684 570
1682 1687 570
1688 1695 570
1688 1745 570
1695 1920 570
1697 1765 570
1697 1920 570
1704 1889 570
1705 1837 570
1711 1759 570
1757 1778 570
1802 1821 570
1802 1835 570
1802 1847 570
1821 1847 570
1847 1857 570
1847 1866 570
1861 1889 570
1861 1890 570
1889 1890 570
1426 1585 571
1427 1465 571
1428 1471 571
1428 1578 571
1429 1431 571
1431 1563 571
1437 1563 571
1451 1452 571
1451 1461 571
1451 1501 571
1452 1477 571
1453 1457 571
1453 1502 571
1458 1520 571
1459 1468 571
1459 1516 571
1461 1477 571
1461 1501 571
1468 1516 571
1471 1578 571
1477 1495 571
1477 1668 571
1479 1502 571
1479 1511 571
1479 1522 571
1479 1668 571
1482 1585 571
1495 1668 571
1500 1538 571
1502 1516 571
1511 1522 571
1533 1538 571
1533 1815 571
1538 1705 571
1555 1579 571
1555 1712 571
1574 1707 571
1613 1628 571
1625 1628 571
1643 1852 571
1661 1675 571
1661 1697 571
1665 1666 571
1665 1920 571
1666 1684 571
1666 1696 571
1666 1697 571
1673 1688 571
1673 1745 571
1674 1688 571
1674 1745 571
1675 1684 571
1682 1687 571
1688 1697 571
1688 1745 571
1695 1696 571
1695 1920 571
1696 1697 571
1700 1707 571
1704 1851 571
1704 1889 571
1705 1815 571
1802 1821 571
1802 1835 571
1802 1847 571
1802 1857 571
1821 1835 571
1821 1847 571
1847 1857 571
1857 1866 571
1861 1889 571
1889 1890 571
1427 1465 572
1429 1431 572
1451 1452 572
1451 1461 572
1451 1501 572
1452 1453 572
1452 1477 572
1457 1477 572
1458 1516 572
1459 1479 572
1459 1483 572
1468 1498 572
1500 1503 572
1500 1705 572
1503 1533 572
1511 1522 572
1521 1821 572
1521 1847 572
1528 1730 572
1528 1797 572
1533 1539 572
1533 1705 572
1567 1574 572
1574 1707 572
1580 1685 572
1613 1907 572
1625 1628 572
1665 1666 572
1665 1920 572
1666 1920 572
1674 1745 572
1682 1687 572
1684 1695 572
1684 1765 572
1684 1920 572
1688 1912 572
1695 1920 572
1700 1707 572
1705 1815 572
1705 1837 572
1711 1759 572
1730 1797 572
1757 1768 572
1757 1778 572
1759 1767 572
1802 1821 572
1802 1847 572
1802 1857 572
1815 1837 572
1821 1835 572
1821 1847 572
1847 1866 572
1857 1866 572
1428 1429 573
1452 1457 573
1452 1477 573
1453 1457 573
1458 1516 573
1458 1520 573
1461 1501 573
1468 1520 573
1468 1668 573
1479 1483 573
1479 1516 573
1495 1511 573
1495 1520 573
1498 1668 573
1500 1797 573
1500 1837 573
1503 1815 573
1511 1522 573
1511 1668 573
1520 1522 573
1521 1857 573
1528 1533 573
1528 1730 573
1533 1730 573
1539 1705 573
1567 1574 573
1574 1707 573
1574 1727 573
1613 1907 573
1625 1628 573
1628 1907 573
1643 1852 573
1666 1696 573
1666 1920 573
1673 1674 573
1673 1675 573
1674 1697 573
1674 1745 573
1675 1698 573
1682 1687 573
1684 1695 573
1684 1920 573
1688 1912 573
1695 1920 573
1711 1759 573
1727 1731 573
1730 1797 573
1730 1837 573
1759 1767 573
1802 1821 573
1802 1847 573
1802 1857 573
1821 1847 573
1821 1866 573
1847 1857 573
1857 1866 573
1427 1465 574
1452 1477 574
1457 1477 574
1458 1516 574
1468 1498 574
1477 1479 574
1477 1674 574
1495 1520 574
1495 1668 574
1498 1522 574
1498 1668 574
1500 1705 574
1500 1730 574
1503 1528 574
1503 1533 574
1503 1815 574
1511 1522 574
1520 1668 574
1528 1815 574
1533 1815 574
1558 1567 574
1567 1727 574
1574 1707 574
1574 1727 574
1580 1685 574
1613 1628 574
1625 1902 574
1665 1666 574
1665 1696 574
1666 1696 574
1666 1920 574
1673 1675 574
1673 1697 574
1682 1687 574
1684 1765 574
1684 1920 574
1688 1765 574
1695 1920 574
1705 1837 574
1711 1759 574
1727 1731 574
1759 1767 574
1772 1775 574
1802 1821 574
1802 1835 574
1821 1835 574
1847 1857 574
1852 1902 574
1857 1866 574
1427 1465 575
1431 1437 575
1431 1563 575
1437 1563 575
1439 1480 575
1452 1477 575
1453 1457 575
1458 1459 575
1458 1516 575
1459 1516 575
1468 1498 575
1468 1520 575
1479 1483 575
1495 1498 575
1495 1511 575
1498 1520 575
1500 1837 575
1501 1668 575
1503 1528 575
1503 1533 575
1504 1532 575
1504 1549 575
1511 1522 575
1528 1533 575
1533 1837 575
1555 1685 575
1558 1567 575
1574 1707 575
1574 1727 575
1613 1648 575
1653 1705 575
1665 1666 575
1665 1696 575
1673 1675 575
1673 1697 575
1674 1697 575
1674 1745 575
1682 1687 575
1684 1695 575
1688 1765 575
1695 1920 575
1697 1745 575
1705 1797 575
1705 1837 575
1707 1727 575
1757 1778 575
1767 1787 575
1768 1798 575
1772 1775 575
1428 1471 576
1429 1431 576
1429 1471 576
1431 1471 576
1434 1443 576
1437 1563 576
1439 1471 576
1439 1480 576
1439 1578 576
1451 1477 576
1452 1477 576
1458 1459 576
1458 1516 576
1459 1516 576
1468 1498 576
1468 1520 576
1482 1585 576
1495 1522 576
1498 1520 576
1500 1539 576
1500 1837 576
1503 1528 576
1503 1533 576
1503 1815 576
1511 1522 576
1528 1533 576
1528 1815 576
1532 1730 576
1533 1815 576
1552 1712 576
1558 1572 576
1560 1567 576
1567 1574 576
1574 1707 576
1579 1700 576
1628 1852 576
1628 1906 576
1653 1705 576
1661 1666 576
1661 1675 576
1661 1698 576
1665 1666 576
1666 1675 576
1673 1674 576
1674 1745 576
1675 1698 576
1682 1687 576
1695 1920 576
1697 1745 576
1705 1837 576
1711 1759 576
1759 1764 576
1765 1920 576
1767 1787 576
1768 1796 576
1770 1792 576
1774 1775 576
1778 1792 576
1783 1789 576
1802 1821 576
1802 1847 576
1821 1835 576
1821 1847 576
1852 1902 576
1427 1465 577
1428 1439 577
1428 1471 577
1428 1480 577
1429 1431 577
1429 1437 577
1429 1563 577
1431 1563 577
1437 1563 577
1439 1480 577
1452 1477 577
1452 1668 577
1458 1479 577
1458 1495 577
1458 1516 577
1459 1516 577
1468 1520 577
1468 1668 577
1471 1578 577
1471 1585 577
1498 1520 577
1500 1837 577
1503 1528 577
1503 1533 577
1503 1815 577
1511 1522 577
1528 1815 577
1539 1837 577
1552 1712 577
1558 1709 577
1560 1572 577
1560 1712 577
1574 1707 577
1613 1648 577
1613 1649 577
1628 1911 577
1628 1916 577
1665 1666 577
1665 1695 577
1673 1675 577
1674 1697 577
1674 1745 577
1682 1687 577
1684 1688 577
1684 1765 577
1688 1695 577
1688 1765 577
1688 1920 577
1695 1697 577
1695 1920 577
1700 1712 577
1752 1761 577
1765 1920 577
1766 1767 577
1767 1796 577
1768 1774 577
1768 1792 577
1783 1787 577
1787 1796 577
1802 1821 577
1802 1847 577
1821 1835 577
1821 1857 577
1821 1866 577
1847 1857 577
1857 1866 577
1911 1916 577
1427 1465 578
1428 1471 578
1428 1480 578
1429 1431 578
1429 1437 578
1429 1563 578
1431 1437 578
1434 1443 578
1437 1489 578
1437 1563 578
1439 1480 578
1443 1482 578
1458 1459 578
1458 1498 578
1458 1516 578
1468 1520 578
1471 1578 578
1471 1585 578
1498 1511 578
1498 1520 578
1500 1837 578
1503 1533 578
1503 1653 578
1503 1815 578
1511 1520 578
1521 1802 578
1521 1821 578
1521 1835 578
1521 1847 578
1574 1707 578
1613 1649 578
1628 1902 578
1628 1916 578
1665 1666 578
1666 1696 578
1666 1920 578
1673 1674 578
1673 1675 578
1673 1696 578
1682 1687 578
1695 1920 578
1764 1792 578
1783 1796 578
1802 1821 578
1802 1835 578
1802 1847 578
1835 1847 578
1911 1916 578
1426 1471 579
1426 1578 579
1427 1465 579
1428 1480 579
1428 1578 579
1429 1431 579
1429 1437 579
1429 1489 579
1431 1437 579
1431 1439 579
1434 1443 579
1434 1471 579
1437 1439 579
1437 1563 579
1439 1480 579
1471 1578 579
1482 1585 579
1489 1563 579
1500 1539 579
1500 1705 579
1500 1837 579
1503 1653 579
1503 1815 579
1528 1815 579
1532 1549 579
1574 1707 579
1606 1616 579
1613 1649 579
1628 1902 579
1628 1911 579
1650 1704 579
1650 1851 579
1661 1665 579
1665 1695 579
1665 1696 579
1673 1674 579
1673 1675 579
1673 1697 579
1674 1697 579
1674 1745 579
1675 1698 579
1682 1687 579
1684 1688 579
1704 1851 579
1708 1855 579
1711 1774 579
1711 1789 579
1713 1863 579
1730 1797 579
1752 1757 579
1752 1759 579
1752 1775 579
1752 1787 579
1757 1760 579
1757 1778 579
1757 1787 579
1759 1775 579
1764 1768 579
1764 1770 579
1764 1792 579
1764 1796 579
1768 1792 579
1768 1796 579
1772 1798 579
1787 1789 579
1802 1821 579
1802 1835 579
1802 1847 579
1821 1835 579
1835 1847 579
1847 1857 579
1857 1866 579
1861 1889 579
1889 1890 579
1902 1911 579
1426 1428 580
1426 1578 580
1427 1465 580
1428 1439 580
1428 1578 580
1429 1431 580
1429 1439 580
1429 1480 580
1429 1489 580
1431 1437 580
1431 1439 580
1431 1563 580
1437 1489 580
1437 1563 580
1439 1480 580
1452 1477 580
1453 1457 580
1459 1516 580
1461 1501 580
1489 1563 580
1495 1498 580
1495 1520 580
1498 1520 580
1500 1533 580
1500 1705 580
1500 1730 580
1500 1837 580
1503 1653 580
1511 1522 580
1519 1730 580
1528 1815 580
1574 1707 580
1579 1712 580
1606 1616 580
1628 1902 580
1628 1911 580
1650 1749 580
1650 1851 580
1665 1666 580
1674 1697 580
1682 1687 580
1688 1695 580
1688 1765 580
1695 1920 580
1697 1698 580
1702 1749 580
1704 1743 580
1704 1851 580
1708 1855 580
1709 1712 580
1711 1783 580
1743 1749 580
1752 1775 580
1752 1787 580
1757 1760 580
1761 1774 580
1761 1778 580
1765 1912 580
1766 1767 580
1766 1783 580
1767 1783 580
1775 1787 580
1802 1821 580
1802 1835 580
1821 1835 580
1821 1847 580
1835 1847 580
1857 1866 580
1861 1889 580
1911 1916 580
1426 1471 581
1426 1578 581
1427 1465 581
1429 1431 581
1429 1437 581
1429 1489 581
1434 1585 581
1437 1489 581
1437 1563 581
1443 1498 581
1451 1452 581
1452 1453 581
1452 1477 581
1459 1483 581
1461 1501 581
1461 1522 581
1461 1668 581
1471 1578 581
1471 1585 581
1477 1668 581
1482 1585 581
1489 1563 581
1500 1533 581
1501 1668 581
1511 1522 581
1528 1815 581
1533 1705 581
1533 1797 581
1533 1837 581
1574 1707 581
1606 1616 581
1628 1902 581
1650 1749 581
1666 1696 581
1675 1698 581
1682 1687 581
1684 1765 581
1688 1765 581
1704 1743 581
1708 1855 581
1711 1778 581
1711 1789 581
1720 1909 581
1730 1798 581
1732 1861 581
1743 1851 581
1752 1759 581
1752 1768 581
1757 1760 581
1759 1770 581
1759 1775 581
1760 1789 581
1765 1912 581
1766 1767 581
1767 1783 581
1768 1798 581
1772 1798 581
1775 1787 581
1778 1787 581
1778 1789 581
1780 1833 581
1802 1821 581
1802 1835 581
1802 1857 581
1821 1835 581
1851 1889 581
1857 1866 581
1861 1889 581
1911 1916 581
1426 1578 582
1427 1465 582
1429 1431 582
1429 1489 582
1431 1480 582
1437 1489 582
1437 1563 582
1451 1477 582
1451 1501 582
1471 1578 582
1498 1522 582
1500 1533 582
1500 1705 582
1503 1653 582
1503 1815 582
1528 1815 582
1533 1539 582
1549 1730 582
1549 1772 582
1574 1707 582
1606 1616 582
1628 1902 582
1628 1911 582
1650 1855 582
1653 1815 582
1674 1697 582
1682 1687 582
1684 1688 582
1695 1920 582
1702 1704 582
1702 1743 582
1704 1743 582
1705 1797 582
1708 1855 582
1711 1760 582
1711 1778 582
1711 1789 582
1720 1795 582
1722 1795 582
1723 1822 582
1730 1798 582
1746 1795 582
1746 1909 582
1752 1759 582
1752 1787 582
1753 1768 582
1757 1760 582
1759 1775 582
1759 1787 582
1761 1789 582
1764 1768 582
1764 1775 582
1764 1796 582
1766 1767 582
1767 1783 582
1768 1772 582
1768 1796 582
1770 1792 582
1772 1798 582
1775 1796 582
1780 1833 582
1792 1796 582
1802 1821 582
1802 1835 582
1802 1847 582
1821 1835 582
1821 1847 582
1835 1847 582
1861 1889 582
1902 1911 582
1911 1916 582
1427 1465 583
1428 1439 583
1428 1480 583
1429 1431 583
1429 1439 583
1429 1489 583
1431 1439 583
1431 1489 583
1437 1489 583
1437 1563 583
1439 1480 583
1451 1452 583
1451 1477 583
1451 1501 583
1452 1477 583
1459 1522 583
1471 1578 583
1471 1585 583
1489 1563 583
1498 1520 583
1498 1522 583
1500 1533 583
1503 1533 583
1503 1815 583
1533 1653 583
1533 1815 583
1539 1653 583
1574 1707 583
1606 1616 583
1665 1674 583
1682 1687 583
1702 1704 583
1702 1743 583
1702 1749 583
1704 1743 583
1704 1851 583
1705 1797 583
1705 1837 583
1708 1855 583
1711 1789 583
1714 1723 583
1714 1822 583
1720 1722 583
1720 1909 583
1723 1822 583
1743 1749 583
1743 1851 583
1757 1760 583
1757 1787 583
1759 1764 583
1759 1775 583
1764 1775 583
1767 1783 583
1768 1772 583
1768 1792 583
1768 1798 583
1770 1792 583
1780 1833 583
1821 1835 583
1857 1866 583
1861 1889 583
1861 1890 583
1885 1895 583
1889 1890 583
1911 1916 583
1427 1465 584
1428 1480 584
1429 1431 584
1431 1480 584
1431 1489 584
1434 1585 584
1437 1489 584
1437 1563 584
1452 1477 584
1471 1482 584
1471 1578 584
1471 1585 584
1482 1585 584
1489 1563 584
1498 1520 584
1498 1522 584
1500 1705 584
1520 1522 584
1528 1815 584
1533 1539 584
1574 1707 584
1585 1802 584
1606 1616 584
1628 1902 584
1628 1911 584
1665 1674 584
1665 1697 584
1674 1745 584
1682 1687 584
1702 1743 584
1702 1749 584
1704 1851 584
1705 1837 584
1708 1855 584
1713 1863 584
1714 1822 584
1720 1722 584
1720 1746 584
1720 1795 584
1720 1909 584
1722 1723 584
1722 1746 584
1722 1795 584
1723 1822 584
1730 1772 584
1732 1890 584
1743 1749 584
1743 1851 584
1746 1909 584
1749 1851 584
1759 1775 584
1766 1767 584
1767 1774 584
1767 1783 584
1780 1822 584
1780 1833 584
1795 1822 584
1802 1821 584
1802 1835 584
1802 1847 584
1821 1835 584
1821 1847 584
1821 1857 584
1857 1866 584
1861 1889 584
1861 1890 584
1889 1890 584
1911 1916 584
1426 1428 585
1427 1465 585
1428 1480 585
1434 1443 585
1434 1578 585
1434 1585 585
1437 1439 585
1437 1489 585
1437 1563 585
1439 1480 585
1452 1477 585
1453 1457 585
1471 1482 585
1471 1578 585
1471 1585 585
1489 1563 585
1498 1520 585
1521 1857 585
1574 1707 585
1578 1585 585
1628 1902 585
1650 1889 585
1682 1687 585
1695 1920 585
1702 1749 585
1704 1851 585
1708 1855 585
1711 1778 585
1711 1789 585
1722 1723 585
1722 1746 585
1722 1795 585
1723 1746 585
1723 1795 585
1732 1890 585
1743 1749 585
1743 1851 585
1746 1795 585
1752 1759 585
1759 1775 585
1766 1767 585
1766 1783 585
1767 1783 585
1768 1796 585
1772 1798 585
1780 1838 585
1821 1835 585
1821 1847 585
1833 1838 585
1835 1847 585
1857 1866 585
1861 1889 585
1866 1885 585
1889 1890 585
1426 1428 586
1426 1563 586
1428 1439 586
1429 1431 586
1429 1439 586
1431 1439 586
1431 1489 586
1434 1443 586
1437 1489 586
1437 1563 586
1439 1480 586
1452 1477 586
1453 1457 586
1453 1502 586
1457 1502 586
1471 1578 586
1471 1585 586
1489 1563 586
1493 1532 586
1493 1833 586
1498 1520 586
1500 1539 586
1500 1705 586
1500 1837 586
1503 1539 586
1528 1815 586
1533 1653 586
1533 1815 586
1533 1821 586
1549 1730 586
1574 1707 586
1578 1585 586
1606 1616 586
1650 1732 586
1650 1861 586
1650 1889 586
1653 1705 586
1665 1674 586
1665 1698 586
1673 1697 586
1674 1697 586
1682 1687 586
1684 1920 586
1688 1920 586
1695 1920 586
1702 1704 586
1702 1743 586
1702 1749 586
1704 1851 586
1705 1847 586
1708 1855 586
1713 1863 586
1714 1780 586
1714 1822 586
1720 1722 586
1720 1909 586
1722 1909 586
1723 1795 586
1723 1822 586
1732 1889 586
1732 1890 586
1743 1749 586
1766 1767 586
1780 1822 586
1780 1833 586
1780 1838 586
1795 1822 586
1821 1835 586
1821 1847 586
1833 1838 586
1857 1866 586
1861 1889 586
1889 1890 586
1426 1428 587
1428 1471 587
1429 1431 587
1429 1439 587
1431 1439 587
1431 1489 587
1437 1563 587
1439 1480 587
1439 1489 587
1452 1477 587
1452 1502 587
1453 1457 587
1453 1477 587
1457 1502 587
1471 1480 587
1471 1585 587
1482 1578 587
1482 1585 587
1489 1563 587
1498 1502 587
1498 1520 587
1500 1653 587
1500 1837 587
1503 1528 587
1503 1815 587
1528 1815 587
1533 1866 587
1549 1653 587
1549 1730 587
1551 1560 587
1560 1572 587
1578 1585 587
1650 1732 587
1650 1861 587
1653 1730 587
1653 1837 587
1673 1674 587
1673 1697 587
1674 1697 587
1675 1697 587
1684 1688 587
1695 1765 587
1695 1920 587
1697 1698 587
1702 1743 587
1702 1749 587
1708 1855 587
1714 1723 587
1714 1822 587
1720 1746 587
1722 1723 587
1722 1780 587
1723 1822 587
1743 1749 587
1745 1765 587
1746 1909 587
1752 1775 587
1752 1787 587
1759 1775 587
1764 1768 587
1764 1792 587
1768 1798 587
1780 1822 587
1780 1833 587
1795 1822 587
1821 1835 587
1857 1866 587
1861 1889 587
1866 1885 587
1427 1465 588
1428 1429 588
1429 1431 588
1429 1439 588
1431 1439 588
1437 1489 588
1439 1480 588
1471 1578 588
1477 1520 588
1482 1585 588
1493 1501 588
1493 1502 588
1493 1668 588
1498 1520 588
1500 1837 588
1501 1502 588
1503 1528 588
1503 1539 588
1503 1815 588
1521 1653 588
1521 1885 588
1528 1539 588
1528 1815 588
1533 1857 588
1533 1866 588
1539 1895 588
1551 1558 588
1551 1700 588
1558 1567 588
1558 1709 588
1560 1567 588
1560 1572 588
1560 1720 588
1567 1579 588
1578 1585 588
1628 1902 588
1665 1697 588
1666 1920 588
1673 1674 588
1674 1675 588
1674 1697 588
1675 1697 588
1675 1920 588
1688 1695 588
1688 1745 588
1695 1745 588
1695 1765 588
1695 1920 588
1702 1743 588
1702 1749 588
1704 1789 588
1704 1851 588
1708 1855 588
1711 1789 588
1714 1723 588
1714 1822 588
1722 1795 588
1723 1795 588
1723 1822 588
1743 1749 588
1745 1765 588
1746 1909 588
1749 1855 588
1752 1759 588
1752 1920 588
1759 1775 588
1759 1787 588
1761 1767 588
1772 1798 588
1775 1798 588
1780 1833 588
1783 1798 588
1789 1861 588
1795 1822 588
1835 1847 588
1847 1857 588
1857 1866 588
1861 1889 588
1861 1890 588
1866 1885 588
1427 1465 589
1428 1439 589
1429 1457 589
1437 1563 589
1453 1493 589
1459 1522 589
1471 1578 589
1477 1522 589
1498 1520 589
1500 1528 589
1500 1837 589
1501 1502 589
1503 1653 589
1503 1815 589
1521 1847 589
1551 1560 589
1551 1579 589
1552 1709 589
1560 1567 589
1560 1572 589
1560 1700 589
1567 1579 589
1628 1902 589
1650 1890 589
1653 1730 589
1665 1673 589
1665 1764 589
1665 1768 589
1673 1697 589
1674 1765 589
1675 1698 589
1688 1765 589
1700 1833 589
1702 1704 589
1708 1761 589
1708 1855 589
1711 1761 589
1711 1789 589
1714 1723 589
1714 1795 589
1714 1822 589
1720 1838 589
1720 1909 589
1723 1795 589
1723 1822 589
1732 1890 589
1743 1855 589
1745 1765 589
1745 1920 589
1760 1774 589
1760 1775 589
1764 1792 589
1766 1789 589
1770 1792 589
1772 1798 589
1774 1789 589
1780 1833 589
1795 1822 589
1822 1833 589
1838 1909 589
1427 1465 590
1429 1457 590
1431 1835 590
1434 1847 590
1437 1563 590
1437 1889 590
1439 1578 590
1439 1585 590
1452 1477 590
1457 1851 590
1459 1522 590
1471 1578 590
1480 1578 590
1498 1520 590
1500 1532 590
1500 1837 590
1501 1502 590
1501 1861 590
1502 1861 590
1503 1815 590
1519 1866 590
1528 1533 590
1532 1821 590
1532 1866 590
1533 1730 590
1533 1889 590
1539 1549 590
1551 1552 590
1551 1567 590
1551 1579 590
1551 1815 590
1560 1567 590
1560 1572 590
1563 1889 590
1567 1579 590
1578 1847 590
1604 1902 590
1613 1648 590
1665 1697 590
1673 1697 590
1673 1698 590
1675 1697 590
1675 1745 590
1675 1775 590
1695 1920 590
1697 1698 590
1700 1822 590
1702 1749 590
1704 1708 590
1704 1890 590
1708 1851 590
1708 1855 590
1711 1767 590
1714 1723 590
1714 1822 590
1720 1795 590
1720 1838 590
1720 1909 590
1722 1795 590
1723 1795 590
1723 1822 590
1730 1802 590
1730 1895 590
1743 1855 590
1749 1847 590
1752 1759 590
1753 1760 590
1757 1760 590
1759 1774 590
1759 1775 590
1759 1796 590
1760 1774 590
1764 1772 590
1770 1787 590
1780 1833 590
1783 1787 590
1787 1789 590
1797 1802 590
1835 1890 590
1838 1909 590
1851 1855 590
1857 1885 590
1861 1889 590
1427 1465 591
1429 1431 591
1431 1835 591
1437 1502 591
1437 1563 591
1439 1847 591
1452 1477 591
1457 1489 591
1459 1522 591
1471 1585 591
1498 1520 591
1500 1705 591
1500 1837 591
1500 1866 591
1501 1502 591
1502 1563 591
1503 1802 591
1503 1815 591
1528 1539 591
1528 1866 591
1532 1653 591
1533 1821 591
1533 1857 591
1539 1653 591
1551 1567 591
1551 1579 591
1560 1572 591
1560 1700 591
1578 1585 591
1578 1847 591
1604 1902 591
1665 1698 591
1665 1745 591
1673 1745 591
1673 1775 591
1674 1745 591
1698 1745 591
1700 1822 591
1702 1743 591
1702 1749 591
1704 1732 591
1708 1895 591
1708 1911 591
1711 1765 591
1714 1723 591
1714 1822 591
1720 1838 591
1720 1909 591
1722 1795 591
1723 1822 591
1743 1749 591
1759 1775 591
1760 1774 591
1763 1780 591
1764 1792 591
1764 1798 591
1765 1912 591
1766 1767 591
1766 1774 591
1768 1770 591
1772 1792 591
1772 1798 591
1780 1833 591
1787 1796 591
1797 1802 591
1802 1837 591
1821 1851 591
1821 1857 591
1822 1833 591
1861 1889 591
1866 1889 591
1885 1895 591
1427 1465 592
1431 1501 592
1431 1835 592
1431 1895 592
1437 1563 592
1439 1480 592
1439 1482 592
1443 1459 592
1452 1471 592
1452 1477 592
1452 1578 592
1453 1457 592
1459 1522 592
1471 1477 592
1477 1578 592
1480 1482 592
1498 1520 592
1500 1700 592
1500 1797 592
1501 1502 592
1501 1895 592
1503 1815 592
1519 1533 592
1521 1802 592
1528 1700 592
1528 1866 592
1533 1653 592
1533 1885 592
1551 1833 592
1558 1567 592
1560 1572 592
1613 1708 592
1653 1730 592
1665 1768 592
1673 1761 592
1675 1745 592
1695 1745 592
1695 1768 592
1697 1711 592
1698 1745 592
1702 1749 592
1705 1797 592
1705 1837 592
1708 1851 592
1708 1855 592
1708 1911 592
1711 1761 592
1714 1723 592
1714 1822 592
1722 1763 592
1722 1780 592
1722 1795 592
1723 1822 592
1743 1749 592
1759 1760 592
1759 1775 592
1760 1774 592
1760 1789 592
1764 1789 592
1764 1792 592
1766 1767 592
1775 1789 592
1775 1796 592
1780 1833 592
1789 1798 592
1797 1866 592
1802 1837 592
1821 1857 592
1835 1895 592
1838 1909 592
1851 1855 592
1855 1911 592
1427 1465 593
1429 1521 593
1429 1653 593
1431 1835 593
1439 1480 593
1439 1585 593
1452 1471 593
1452 1477 593
1452 1578 593
1453 1457 593
1459 1522 593
1471 1477 593
1471 1578 593
1477 1578 593
1480 1482 593
1489 1532 593
1500 1528 593
1503 1539 593
1503 1815 593
1519 1885 593
1521 1802 593
1528 1837 593
1532 1653 593
1532 1700 593
1532 1916 593
1533 1885 593
1539 1815 593
1558 1567 593
1560 1572 593
1560 1700 593
1560 1835 593
1579 1625 593
1579 1902 593
1613 1708 593
1613 1866 593
1625 1902 593
1648 1866 593
1665 1666 593
1665 1768 593
1665 1920 593
1666 1752 593
1666 1787 593
1673 1697 593
1673 1761 593
1673 1767 593
1674 1759 593
1674 1770 593
1675 1768 593
1695 1920 593
1697 1761 593
1697 1767 593
1702 1749 593
1705 1797 593
1705 1815 593
1711 1775 593
1711 1798 593
1714 1723 593
1714 1822 593
1720 1795 593
1720 1822 593
1720 1833 593
1720 1838 593
1723 1822 593
1752 1787 593
1759 1775 593
1759 1796 593
1760 1775 593
1761 1766 593
1775 1796 593
1780 1833 593
1796 1798 593
1821 1857 593
1851 1855 593
1855 1911 593
1855 1916 593
1861 1889 593
1911 1916 593
1426 1443 594
1427 1465 594
1428 1498 594
1429 1489 594
1431 1835 594
1439 1489 594
1439 1749 594
1452 1471 594
1452 1482 594
1452 1578 594
1453 1457 594
1459 1522 594
1482 1578 594
1493 1802 594
1503 1539 594
1519 1533 594
1528 1705 594
1532 1533 594
1532 1885 594
1533 1885 594
1549 1551 594
1552 1909 594
1558 1567 594
1560 1572 594
1560 1700 594
1560 1889 594
1579 1625 594
1579 1902 594
1625 1902 594
1648 1855 594
1665 1743 594
1666 1743 594
1675 1752 594
1695 1920 594
1702 1749 594
1705 1797 594
1708 1895 594
1708 1916 594
1714 1720 594
1714 1723 594
1714 1763 594
1714 1822 594
1720 1822 594
1720 1909 594
1722 1795 594
1723 1822 594
1730 1835 594
1759 1760 594
1760 1761 594
1760 1796 594
1763 1822 594
1765 1768 594
1833 1909 594
1847 1866 594
1851 1911 594
1851 1916 594
1855 1895 594
1855 1916 594
1857 1895 594
1861 1889 594
1426 1443 595
1426 1493 595
1427 1465 595
1428 1477 595
1428 1585 595
1429 1489 595
1431 1835 595
1431 1916 595
1434 1766 595
1452 1477 595
1452 1578 595
1459 1522 595
1477 1578 595
1482 1578 595
1498 1520 595
1498 1585 595
1503 1539 595
1520 1585 595
1532 1533 595
1532 1885 595
1533 1885 595
1549 1551 595
1552 1838 595
1552 1909 595
1558 1567 595
1560 1572 595
1560 1700 595
1567 1847 595
1579 1625 595
1579 1902 595
1613 1710 595
1613 1851 595
1613 1855 595
1613 1911 595
1625 1902 595
1665 1666 595
1665 1743 595
1665 1775 595
1674 1745 595
1675 1684 595
1675 1912 595
1695 1920 595
1697 1761 595
1702 1749 595
1705 1797 595
1708 1766 595
1708 1835 595
1708 1855 595
1708 1916 595
1711 1743 595
1714 1822 595
1720 1763 595
1722 1795 595
1745 1768 595
1759 1760 595
1764 1912 595
1768 1775 595
1774 1798 595
1780 1838 595
1821 1895 595
1822 1838 595
1838 1909 595
1847 1866 595
1851 1855 595
1855 1916 595
1857 1895 595
1861 1889 595
1426 1443 596
1427 1465 596
1428 1802 596
1429 1489 596
1429 1775 596
1431 1835 596
1439 1477 596
1439 1533 596
1452 1477 596
1453 1704 596
1457 1732 596
1459 1522 596
1477 1482 596
1477 1578 596
1489 1666 596
1498 1578 596
1500 1503 596
1500 1837 596
1501 1502 596
1503 1539 596
1503 1815 596
1520 1585 596
1532 1885 596
1533 1885 596
1539 1815 596
1549 1551 596
1558 1567 596
1560 1572 596
1579 1902 596
1665 1764 596
1666 1767 596
1673 1775 596
1675 1688 596
1675 1697 596
1684 1745 596
1684 1768 596
1702 1749 596
1708 1851 596
1708 1855 596
1708 1916 596
1714 1822 596
1714 1909 596
1722 1746 596
1722 1833 596
1722 1838 596
1745 1768 596
1746 1795 596
1746 1909 596
1753 1774 596
1753 1798 596
1759 1760 596
1759 1796 596
1760 1778 596
1761 1775 596
1764 1912 596
1766 1889 596
1795 1909 596
1821 1857 596
1837 1895 596
1838 1909 596
1847 1890 596
1851 1855 596
1855 1916 596
1857 1895 596
1861 1889 596
1426 1443 597
1427 1465 597
1428 1452 597
1428 1749 597
1428 1802 597
1429 1489 597
1431 1457 597
1431 1835 597
1452 1482 597
1452 1578 597
1457 1835 597
1459 1522 597
1482 1578 597
1493 1502 597
1500 1653 597
1500 1760 597
1500 1837 597
1503 1539 597
1503 1815 597
1519 1743 597
1520 1585 597
1532 1767 597
1532 1822 597
1532 1885 597
1533 1743 597
1539 1815 597
1549 1551 597
1558 1567 597
1560 1572 597
1560 1700 597
1560 1911 597
1572 1700 597
1579 1902 597
1613 1700 597
1628 1710 597
1666 1767 597
1674 1711 597
1675 1757 597
1684 1745 597
1688 1772 597
1695 1920 597
1696 1711 597
1704 1732 597
1705 1851 597
1708 1835 597
1708 1916 597
1711 1912 597
1720 1763 597
1722 1795 597
1722 1909 597
1730 1837 597
1745 1768 597
1749 1802 597
1759 1796 597
1766 1861 597
1774 1778 597
1780 1833 597
1821 1857 597
1838 1909 597
1855 1911 597
1857 1895 597
1427 1465 598
1428 1585 598
1429 1489 598
1429 1723 598
1431 1453 598
1431 1457 598
1434 1753 598
1434 1768 598
1452 1578 598
1453 1457 598
1453 1835 598
1457 1835 598
1459 1522 598
1480 1493 598
1498 1585 598
1500 1749 598
1500 1775 598
1503 1539 598
1503 1815 598
1503 1821 598
1519 1743 598
1520 1585 598
1532 1533 598
1533 1885 598
1539 1821 598
1539 1857 598
1549 1551 598
1558 1567 598
1558 1847 598
1558 1866 598
1560 1572 598
1560 1665 598
1567 1866 598
1572 1698 598
1579 1625 598
1579 1889 598
1625 1889 598
1648 1861 598
1665 1764 598
1674 1711 598
1675 1697 598
1695 1752 598
1696 1711 598
1700 1855 598
1702 1792 598
1702 1861 598
1705 1851 598
1708 1916 598
1722 1746 598
1746 1838 598
1753 1778 598
1757 1802 598
1759 1778 598
1761 1775 598
1780 1833 598
1815 1821 598
1815 1857 598
1821 1857 598
1838 1909 598
1847 1866 598
1861 1889 598
1889 1902 598
1428 1437 599
1428 1520 599
1428 1563 599
1428 1585 599
1429 1489 599
1431 1453 599
1431 1457 599
1431 1835 599
1437 1563 599
1437 1697 599
1439 1673 599
1439 1759 599
1452 1471 599
1453 1835 599
1457 1835 599
1459 1522 599
1471 1477 599
1471 1482 599
1471 1578 599
1477 1482 599
1477 1498 599
1480 1493 599
1482 1578 599
1482 1585 599
1489 1723 599
1498 1585 599
1500 1775 599
1500 1837 599
1503 1653 599
1503 1815 599
1503 1895 599
1520 1585 599
1532 1533 599
1532 1885 599
1533 1749 599
1539 1815 599
1539 1857 599
1539 1895 599
1549 1551 599
1558 1567 599
1558 1847 599
1560 1572 599
1560 1912 599
1579 1730 599
1613 1861 599
1648 1861 599
1648 1889 599
1665 1764 599
1665 1912 599
1666 1743 599
1673 1761 599
1675 1684 599
1684 1697 599
1700 1766 599
1702 1749 599
1708 1855 599
1708 1890 599
1722 1746 599
1722 1795 599
1730 1798 599
1745 1768 599
1749 1861 599
1753 1796 599
1757 1920 599
1764 1912 599
1774 1796 599
1780 1833 599
1802 1837 599
1815 1895 599
1821 1857 599
1821 1895 599
1838 1909 599
1861 1889 599
1866 1890 599
1428 1477 600
1428 1498 600
1428 1520 600
1428 1585 600
1429 1489 600
1437 1563 600
1437 1822 600
1452 1471 600
1452 1477 600
1452 1482 600
1452 1578 600
1457 1563 600
1457 1835 600
1459 1522 600
1471 1482 600
1477 1482 600
1477 1578 600
1480 1493 600
1482 1578 600
1493 1502 600
1498 1520 600
1498 1585 600
1500 1802 600
1500 1837 600
1503 1895 600
1520 1585 600
1532 1533 600
1532 1885 600
1539 1895 600
1549 1551 600
1552 1700 600
1558 1567 600
1558 1847 600
1560 1572 600
1560 1743 600
1567 1847 600
1648 1889 600
1665 1912 600
1673 1761 600
1673 1822 600
1675 1684 600
1675 1792 600
1684 1711 600
1688 1765 600
1695 1752 600
1697 1711 600
1702 1749 600
1708 1866 600
1714 1767 600
1722 1763 600
1722 1795 600
1746 1795 600
1749 1861 600
1749 1889 600
1752 1765 600
1761 1802 600
1761 1822 600
1763 1795 600
1775 1802 600
1802 1837 600
1815 1895 600
1821 1857 600
1838 1909 600
1847 1866 600
1861 1889 600
1866 1916 600
1426 1471 601
1428 1520 601
1429 1489 601
1429 1711 601
1431 1533 601
1431 1835 601
1437 1453 601
1437 1457 601
1437 1563 601
1439 1477 601
1452 1477 601
1452 1578 601
1453 1457 601
1457 1563 601
1459 1522 601
1471 1482 601
1477 1482 601
1477 1578 601
1480 1493 601
1489 1711 601
1493 1502 601
1493 1730 601
1498 1585 601
1503 1539 601
1532 1533 601
1532 1885 601
1533 1885 601
1539 1857 601
1539 1895 601
1549 1757 601
1551 1802 601
1552 1700 601
1552 1780 601
1558 1567 601
1558 1847 601
1560 1572 601
1567 1847 601
1579 1684 601
1579 1902 601
1625 1730 601
1628 1700 601
1653 1821 601
1665 1912 601
1666 1745 601
1666 1768 601
1673 1711 601
1684 1764 601
1684 1912 601
1688 1695 601
1688 1765 601
1695 1697 601
1714 1723 601
1714 1822 601
1722 1780 601
1722 1795 601
1723 1822 601
1746 1795 601
1752 1787 601
1757 1920 601
1764 1912 601
1792 1912 601
1821 1857 601
1821 1895 601
1838 1909 601
1857 1895 601
1426 1471 602
1428 1520 602
1428 1775 602
1428 1837 602
1429 1489 602
1439 1477 602
1452 1477 602
1452 1578 602
1471 1711 602
1477 1578 602
1480 1493 602
1480 1502 602
1493 1502 602
1503 1539 602
1503 1857 602
1532 1533 602
1532 1885 602
1533 1855 602
1539 1857 602
1549 1780 602
1551 1890 602
1552 1700 602
1558 1567 602
1558 1847 602
1560 1572 602
1613 1723 602
1625 1628 602
1628 1710 602
1648 1702 602
1648 1749 602
1648 1861 602
1648 1889 602
1665 1764 602
1666 1745 602
1668 1916 602
1673 1761 602
1673 1767 602
1695 1752 602
1702 1749 602
1702 1861 602
1702 1889 602
1705 1866 602
1708 1855 602
1714 1822 602
1720 1763 602
1722 1795 602
1723 1838 602
1745 1764 602
1745 1768 602
1749 1861 602
1749 1889 602
1757 1920 602
1761 1775 602
1775 1837 602
1802 1837 602
1821 1895 602
1838 1909 602
1857 1895 602
1861 1889 602
1428 1520 603
1429 1489 603
1429 1665 603
1429 1764 603
1452 1459 603
1452 1477 603
1457 1653 603
1459 1477 603
1471 1578 603
1477 1522 603
1477 1578 603
1480 1502 603
1482 1578 603
1493 1502 603
1503 1821 603
1503 1857 603
1520 1802 603
1520 1837 603
1532 1885 603
1551 1838 603
1551 1909 603
1552 1700 603
1558 1567 603
1560 1572 603
1563 1653 603
1567 1847 603
1625 1628 603
1648 1861 603
1648 1889 603
1665 1674 603
1665 1764 603
1665 1792 603
1666 1745 603
1666 1768 603
1673 1761 603
1688 1787 603
1698 1792 603
1698 1912 603
1700 1709 603
1702 1749 603
1702 1889 603
1711 1847 603
1714 1822 603
1720 1763 603
1749 1861 603
1749 1889 603
1752 1772 603
1757 1920 603
1767 1802 603
1772 1787 603
1821 1857 603
1821 1895 603
1835 1911 603
1838 1909 603
1857 1895 603
1861 1889 603
1426 1452 604
1426 1482 604
1426 1578 604
1428 1500 604
1429 1489 604
1429 1761 604
1443 1493 604
1452 1482 604
1452 1578 604
1459 1522 604
1480 1502 604
1498 1585 604
1498 1802 604
1502 1890 604
1532 1708 604
1532 1885 604
1549 1551 604
1551 1909 604
1552 1700 604
1552 1720 604
1560 1572 604
1560 1920 604
1567 1847 604
1613 1890 604
1625 1628 604
1625 1710 604
1628 1710 604
1648 1861 604
1648 1889 604
1666 1745 604
1666 1768 604
1673 1761 604
1700 1720 604
1702 1749 604
1705 1866 604
1708 1855 604
1708 1911 604
1745 1768 604
1752 1772 604
1757 1920 604
1760 1796 604
1767 1775 604
1772 1787 604
1775 1802 604
1821 1895 604
1838 1909 604
1847 1855 604
1861 1889 604
1428 1761 605
1429 1489 605
1431 1453 605
1431 1708 605
1437 1563 605
1453 1457 605
1453 1714 605
1459 1522 605
1477 1482 605
1480 1502 605
1498 1585 605
1500 1520 605
1500 1775 605
1502 1890 605
1503 1539 605
1503 1551 605
1503 1653 605
1503 1815 605
1520 1579 605
1532 1885 605
1539 1653 605
1539 1815 605
1549 1551 605
1551 1835 605
1552 1700 605
1552 1720 605
1560 1572 605
1648 1861 605
1648 1889 605
1665 1792 605
1673 1802 605
1675 1684 605
1697 1698 605
1702 1749 605
1705 1866 605
1711 1765 605
1714 1764 605
1714 1916 605
1757 1920 605
1764 1912 605
1764 1916 605
1766 1902 605
1772 1787 605
1775 1837 605
1821 1857 605
1833 1837 605
1835 1889 605
1838 1909 605
1847 1855 605
1855 1911 605
1857 1895 605
1861 1889 605
1911 1916 605
1426 1471 606
1426 1578 606
1429 1489 606
1431 1453 606
1431 1795 606
1434 1532 606
1434 1533 606
1434 1714 606
1434 1885 606
1437 1563 606
1437 1912 606
1452 1471 606
1452 1578 606
1459 1522 606
1489 1722 606
1498 1775 606
1500 1761 606
1500 1847 606
1502 1890 606
1520 1775 606
1532 1533 606
1532 1795 606
1532 1885 606
1533 1885 606
1552 1700 606
1552 1720 606
1560 1572 606
1567 1797 606
1604 1749 606
1613 1902 606
1648 1889 606
1673 1761 606
1673 1767 606
1673 1802 606
1674 1696 606
1688 1920 606
1700 1720 606
1702 1749 606
1705 1711 606
1705 1797 606
1705 1866 606
1708 1749 606
1711 1765 606
1711 1866 606
1714 1795 606
1722 1889 606
1753 1911 606
1757 1920 606
1766 1795 606
1797 1866 606
1821 1857 606
1821 1895 606
1838 1909 606
1857 1895 606
1861 1889 606
1426 1452 607
1426 1471 607
1426 1578 607
1428 1500 607
1428 1847 607
1429 1489 607
1431 1453 607
1431 1673 607
1431 1761 607
1434 1533 607
1434 1885 607
1437 1563 607
1439 1797 607
1443 1493 607
1452 1471 607
1452 1578 607
1453 1457 607
1471 1578 607
1477 1493 607
1503 1653 607
1503 1815 607
1520 1775 607
1520 1847 607
1533 1885 607
1549 1551 607
1552 1722 607
1552 1749 607
1567 1797 607
1604 1749 607
1613 1902 607
1628 1720 607
1648 1861 607
1648 1889 607
1653 1815 607
1665 1757 607
1673 1775 607
1673 1837 607
1673 1847 607
1674 1696 607
1688 1695 607
1688 1757 607
1688 1787 607
1695 1752 607
1695 1772 607
1695 1787 607
1697 1698 607
1700 1720 607
1702 1749 607
1705 1711 607
1708 1855 607
1708 1916 607
1711 1765 607
1711 1866 607
1722 1723 607
1722 1890 607
1752 1772 607
1752 1787 607
1757 1920 607
1761 1837 607
1764 1912 607
1765 1797 607
1765 1866 607
1861 1889 607
1426 1452 608
1426 1471 608
1426 1578 608
1426 1695 608
1429 1489 608
1431 1453 608
1434 1532 608
1434 1885 608
1437 1563 608
1439 1797 608
1452 1471 608
1452 1578 608
1453 1457 608
1459 1522 608
1471 1578 608
1489 1700 608
1493 1704 608
1501 1502 608
1503 1539 608
1503 1653 608
1503 1815 608
1520 1847 608
1532 1885 608
1549 1551 608
1551 1749 608
1648 1861 608
1648 1889 608
1648 1890 608
1653 1815 608
1665 1757 608
1665 1764 608
1665 1920 608
1673 1837 608
1674 1696 608
1674 1766 608
1674 1855 608
1675 1684 608
1675 1767 608
1695 1752 608
1695 1912 608
1697 1698 608
1697 1911 608
1700 1720 608
1702 1749 608
1708 1911 608
1708 1916 608
1711 1765 608
1714 1822 608
1757 1792 608
1763 1822 608
1764 1772 608
1764 1912 608
1767 1780 608
1775 1802 608
1792 1912 608
1802 1837 608
1821 1857 608
1837 1847 608
1855 1916 608
1861 1889 608
1861 1890 608
1889 1890 608
1426 1578 609
1428 1847 609
1429 1489 609
1429 1708 609
1431 1453 609
1431 1477 609
1434 1532 609
1434 1885 609
1437 1563 609
1439 1797 609
1443 1493 609
1480 1861 609
1480 1890 609
1500 1802 609
1501 1502 609
1503 1539 609
1503 1653 609
1503 1815 609
1519 1743 609
1532 1885 609
1533 1743 609
1539 1815 609
1549 1551 609
1549 1708 609
1551 1855 609
1613 1902 609
1648 1889 609
1648 1890 609
1665 1766 609
1674 1855 609
1684 1780 609
1695 1920 609
1700 1720 609
1702 1749 609
1711 1765 609
1714 1822 609
1757 1920 609
1764 1912 609
1766 1772 609
1772 1787 609
1792 1912 609
1821 1857 609
1837 1847 609
1855 1911 609
1855 1916 609
1861 1889 609
1861 1890 609
1889 1890 609
1428 1761 610
1428 1802 610
1429 1489 610
1431 1453 610
1431 1457 610
1434 1532 610
1434 1885 610
1437 1563 610
1439 1705 610
1443 1493 610
1453 1457 610
1459 1522 610
1480 1502 610
1500 1761 610
1503 1653 610
1533 1743 610
1539 1815 610
1549 1551 610
1549 1696 610
1551 1674 610
1551 1890 610
1552 1720 610
1648 1861 610
1665 1766 610
1665 1772 610
1666 1745 610
1666 1768 610
1666 1916 610
1673 1761 610
1674 1889 610
1674 1890 610
1688 1752 610
1695 1743 610
1695 1920 610
1697 1698 610
1697 1749 610
1700 1720 610
1702 1749 610
1711 1765 610
1714 1792 610
1714 1909 610
1732 1768 610
1745 1916 610
1764 1792 610
1764 1912 610
1765 1902 610
1768 1916 610
1772 1787 610
1780 1833 610
1802 1847 610
1821 1822 610
1821 1857 610
1822 1857 610
1837 1847 610
1838 1909 610
1861 1889 610
1861 1890 610
1429 1489 611
1431 1453 611
1434 1532 611
1434 1885 611
1437 1453 611
1437 1563 611
1439 1705 611
1459 1522 611
1480 1502 611
1501 1502 611
1503 1653 611
1532 1885 611
1533 1743 611
1533 1912 611
1539 1815 611
1549 1551 611
1551 1674 611
1551 1704 611
1551 1890 611
1552 1700 611
1558 1567 611
1567 1765 611
1578 1761 611
1625 1821 611
1665 1772 611
1665 1787 611
1674 1890 611
1695 1838 611
1695 1909 611
1696 1890 611
1697 1768 611
1700 1720 611
1700 1745 611
1702 1704 611
1702 1749 611
1704 1768 611
1704 1911 611
1711 1765 611
1714 1723 611
1714 1763 611
1714 1822 611
1723 1822 611
1743 1764 611
1745 1749 611
1745 1911 611
1752 1857 611
1761 1767 611
1761 1775 611
1761 1802 611
1766 1787 611
1768 1911 611
1772 1787 611
1775 1802 611
1792 1912 611
1802 1847 611
1837 1847 611
1838 1909 611
1855 1916 611
1426 1578 612
1429 1489 612
1434 1532 612
1434 1885 612
1437 1457 612
1437 1563 612
1443 1493 612
1452 1477 612
1452 1708 612
1471 1684 612
1480 1502 612
1489 1551 612
1503 1653 612
1503 1815 612
1520 1563 612
1528 1851 612
1532 1885 612
1533 1743 612
1539 1815 612
1549 1551 612
1551 1700 612
1551 1822 612
1552 1700 612
1563 1802 612
1579 1765 612
1613 1752 612
1613 1902 612
1665 1766 612
1665 1772 612
1665 1787 612
1674 1696 612
1674 1890 612
1695 1895 612
1697 1698 612
1700 1711 612
1702 1704 612
1702 1749 612
1704 1749 612
1704 1911 612
1711 1765 612
1714 1723 612
1714 1763 612
1714 1822 612
1723 1763 612
1723 1822 612
1749 1911 612
1763 1822 612
1766 1787 612
1837 1847 612
1855 1911 612
1855 1916 612
1857 1895 612
1911 1916 612
1426 1471 613
1426 1482 613
1428 1500 613
1429 1489 613
1431 1453 613
1434 1532 613
1443 1493 613
1459 1522 613
1471 1482 613
1480 1502 613
1498 1585 613
1498 1723 613
1498 1822 613
1500 1802 613
1503 1653 613
1503 1815 613
1539 1815 613
1549 1551 613
1549 1578 613
1551 1578 613
1552 1700 613
1563 1675 613
1563 1780 613
1578 1665 613
1579 1628 613
1579 1851 613
1613 1902 613
1628 1851 613
1648 1889 613
1653 1815 613
1673 1861 613
1674 1696 613
1674 1890 613
1688 1730 613
1696 1890 613
1697 1698 613
1702 1704 613
1702 1708 613
1702 1732 613
1704 1732 613
1714 1822 613
1723 1763 613
1723 1822 613
1730 1920 613
1749 1855 613
1761 1837 613
1763 1822 613
1766 1772 613
1787 1895 613
1792 1912 613
1802 1837 613
1802 1847 613
1821 1857 613
1838 1909 613
1861 1889 613
1426 1471 614
1428 1477 614
1428 1673 614
1428 1761 614
1429 1489 614
1429 1695 614
1434 1532 614
1434 1889 614
1437 1453 614
1437 1457 614
1439 1866 614
1443 1533 614
1459 1522 614
1471 1477 614
1471 1482 614
1477 1482 614
1480 1502 614
1482 1520 614
1498 1552 614
1498 1585 614
1498 1837 614
1503 1539 614
1503 1815 614
1519 1743 614
1520 1522 614
1533 1764 614
1533 1885 614
1539 1815 614
1549 1551 614
1552 1585 614
1552 1700 614
1558 1567 614
1579 1851 614
1613 1911 614
1665 1766 614
1673 1761 614
1673 1802 614
1674 1696 614
1674 1890 614
1695 1752 614
1702 1704 614
1702 1749 614
1704 1732 614
1704 1749 614
1704 1855 614
1714 1763 614
1714 1822 614
1723 1763 614
1723 1822 614
1730 1890 614
1732 1855 614
1757 1920 614
1761 1775 614
1761 1802 614
1763 1822 614
1767 1775 614
1802 1847 614
1837 1916 614
1838 1909 614
1426 1471 615
1426 1477 615
1428 1708 615
1428 1775 615
1429 1489 615
1429 1695 615
1431 1563 615
1434 1532 615
1434 1730 615
1434 1861 615
1437 1684 615
1437 1757 615
1437 1920 615
1439 1705 615
1439 1866 615
1443 1493 615
1453 1457 615
1453 1757 615
1459 1522 615
1471 1477 615
1471 1821 615
1480 1502 615
1489 1752 615
1498 1552 615
1498 1585 615
1501 1502 615
1502 1695 615
1503 1815 615
1520 1847 615
1533 1885 615
1549 1551 615
1552 1700 615
1558 1567 615
1579 1851 615
1604 1613 615
1613 1702 615
1613 1911 615
1625 1704 615
1628 1851 615
1648 1889 615
1665 1766 615
1665 1792 615
1666 1697 615
1674 1696 615
1695 1752 615
1697 1698 615
1702 1720 615
1702 1749 615
1704 1732 615
1714 1723 615
1714 1822 615
1723 1763 615
1723 1822 615
1743 1885 615
1749 1902 615
1749 1911 615
1766 1772 615
1802 1847 615
1821 1857 615
1838 1909 615
1857 1909 615
1861 1889 615
1902 1911 615
1426 1477 616
1428 1437 616
1428 1563 616
1429 1489 616
1431 1453 616
1431 1457 616
1434 1498 616
1434 1532 616
1437 1520 616
1437 1563 616
1437 1847 616
1439 1866 616
1443 1493 616
1459 1522 616
1480 1501 616
1493 1743 616
1500 1802 616
1501 1502 616
1503 1539 616
1503 1815 616
1520 1563 616
1520 1920 616
1533 1743 616
1533 1885 616
1552 1700 616
1558 1567 616
1604 1613 616
1613 1665 616
1613 1902 616
1613 1911 616
1625 1708 616
1648 1861 616
1648 1889 616
1665 1766 616
1666 1697 616
1674 1696 616
1674 1700 616
1695 1752 616
1696 1700 616
1697 1698 616
1702 1720 616
1702 1749 616
1704 1732 616
1704 1890 616
1708 1714 616
1708 1766 616
1708 1857 616
1723 1822 616
1732 1890 616
1743 1885 616
1757 1833 616
1763 1822 616
1764 1912 616
1772 1792 616
1802 1847 616
1821 1857 616
1861 1889 616
1895 1909 616
1902 1911 616
1426 1471 617
1426 1477 617
1428 1437 617
1428 1563 617
1429 1489 617
1429 1895 617
1431 1453 617
1431 1457 617
1434 1532 617
1434 1885 617
1437 1563 617
1437 1802 617
1439 1866 617
1443 1493 617
1457 1482 617
1459 1522 617
1471 1477 617
1489 1743 617
1493 1730 617
1498 1549 617
1498 1585 617
1501 1895 617
1502 1761 617
1503 1815 617
1519 1533 617
1520 1802 617
1520 1847 617
1532 1822 617
1532 1837 617
1532 1885 617
1539 1653 617
1549 1551 617
1552 1674 617
1552 1700 617
1558 1567 617
1560 1572 617
1560 1673 617
1579 1851 617
1613 1902 617
1613 1911 617
1613 1916 617
1625 1708 617
1625 1911 617
1653 1815 617
1674 1700 617
1675 1684 617
1675 1696 617
1675 1723 617
1684 1696 617
1684 1890 617
1695 1757 617
1695 1890 617
1697 1780 617
1697 1837 617
1698 1780 617
1700 1855 617
1702 1749 617
1704 1732 617
1704 1743 617
1704 1889 617
1714 1723 617
1714 1822 617
1714 1889 617
1723 1822 617
1732 1889 617
1743 1855 617
1757 1821 617
1761 1909 617
1764 1912 617
1766 1787 617
1766 1792 617
1775 1821 617
1821 1895 617
1861 1889 617
1902 1911 617
1426 1471 618
1426 1477 618
1428 1802 618
1429 1489 618
1431 1437 618
1431 1453 618
1431 1563 618
1434 1519 618
1434 1533 618
1434 1885 618
1437 1453 618
1437 1723 618
1439 1797 618
1443 1493 618
1459 1522 618
1471 1477 618
1480 1700 618
1498 1572 618
1498 1585 618
1500 1802 618
1501 1502 618
1501 1838 618
1503 1815 618
1533 1885 618
1549 1551 618
1552 1700 618
1558 1567 618
1560 1572 618
1579 1851 618
1625 1673 618
1648 1765 618
1666 1697 618
1673 1792 618
1674 1700 618
1675 1696 618
1684 1695 618
1696 1761 618
1696 1890 618
1698 1780 618
1704 1743 618
1708 1714 618
1714 1822 618
1722 1795 618
1732 1743 618
1752 1890 618
1752 1916 618
1761 1912 618
1764 1912 618
1780 1833 618
1780 1912 618
1802 1847 618
1821 1857 618
1821 1895 618
1857 1895 618
1890 1916 618
1426 1471 619
1429 1489 619
1431 1453 619
1434 1533 619
1434 1885 619
1439 1767 619
1439 1797 619
1443 1493 619
1443 1795 619
1459 1522 619
1471 1477 619
1489 1857 619
1493 1502 619
1493 1722 619
1501 1502 619
1503 1815 619
1533 1885 619
1539 1815 619
1549 1551 619
1552 1700 619
1558 1567 619
1560 1572 619
1560 1916 619
1572 1761 619
1579 1851 619
1613 1787 619
1666 1714 619
1673 1772 619
1673 1775 619
1673 1787 619
1673 1911 619
1674 1761 619
1697 1698 619
1698 1714 619
1698 1761 619
1704 1743 619
1704 1855 619
1714 1780 619
1722 1795 619
1723 1764 619
1743 1855 619
1772 1902 619
1775 1890 619
1775 1911 619
1787 1911 619
1802 1847 619
1821 1857 619
1821 1895 619
1838 1909 619
1857 1895 619
1426 1471 620
1428 1847 620
1429 1489 620
1429 1857 620
1431 1522 620
1431 1916 620
1434 1533 620
1434 1885 620
1437 1563 620
1443 1493 620
1453 1457 620
1457 1563 620
1457 1780 620
1459 1522 620
1480 1552 620
1489 1821 620
1498 1585 620
1503 1815 620
1532 1837 620
1533 1885 620
1552 1700 620
1558 1730 620
1572 1666 620
1579 1851 620
1648 1889 620
1674 1696 620
1684 1695 620
1684 1889 620
1695 1920 620
1697 1761 620
1698 1761 620
1702 1704 620
1702 1765 620
1708 1855 620
1711 1765 620
1711 1909 620
1714 1792 620
1722 1795 620
1732 1780 620
1802 1847 620
1821 1857 620
1821 1895 620
1833 1916 620
1838 1855 620
1857 1895 620
1861 1889 620
1890 1911 620
1426 1471 621
1428 1847 621
1429 1489 621
1431 1522 621
1431 1780 621
1434 1533 621
1434 1885 621
1443 1493 621
1489 1821 621
1489 1857 621
1503 1539 621
1503 1815 621
1520 1847 621
1532 1822 621
1533 1885 621
1552 1700 621
1558 1567 621
1572 1909 621
1613 1704 621
1625 1890 621
1648 1675 621
1653 1815 621
1665 1711 621
1673 1792 621
1674 1688 621
1688 1696 621
1697 1761 621
1697 1763 621
1698 1723 621
1698 1761 621
1704 1890 621
1711 1772 621
1722 1795 621
1723 1763 621
1761 1912 621
1763 1822 621
1765 1912 621
1772 1890 621
1772 1902 621
1780 1833 621
1821 1857 621
1821 1895 621
1822 1838 621
1857 1895 621
1426 1578 622
1429 1489 622
1431 1453 622
1434 1533 622
1434 1885 622
1437 1453 622
1437 1457 622
1493 1520 622
1493 1847 622
1501 1502 622
1503 1539 622
1503 1746 622
1520 1802 622
1520 1847 622
1532 1851 622
1552 1700 622
1552 1780 622
1558 1567 622
1579 1851 622
1613 1704 622
1613 1787 622
1665 1890 622
1673 1684 622
1673 1792 622
1684 1890 622
1700 1720 622
1704 1787 622
1722 1795 622
1730 1795 622
1752 1757 622
1780 1833 622
1780 1838 622
1821 1857 622
1821 1895 622
1838 1909 622
1857 1895 622
1426 1471 623
1428 1500 623
1429 1489 623
1429 1855 623
1429 1916 623
1431 1457 623
1431 1563 623
1437 1563 623
1452 1471 623
1452 1578 623
1471 1578 623
1489 1916 623
1493 1520 623
1493 1802 623
1500 1802 623
1501 1502 623
1520 1847 623
1533 1885 623
1549 1551 623
1552 1700 623
1552 1730 623
1558 1567 623
1579 1851 623
1613 1822 623
1625 1704 623
1648 1708 623
1675 1708 623
1675 1761 623
1695 1902 623
1695 1920 623
1708 1889 623
1720 1833 623
1722 1795 623
1722 1855 623
1745 1753 623
1745 1768 623
1752 1757 623
1752 1787 623
1763 1838 623
1764 1772 623
1764 1775 623
1764 1792 623
1795 1855 623
1802 1847 623
1821 1857 623
1821 1895 623
1822 1911 623
1838 1909 623
1429 1708 624
1431 1437 624
1431 1457 624
1437 1453 624
1443 1493 624
1443 1520 624
1452 1471 624
1452 1578 624
1453 1457 624
1471 1578 624
1489 1708 624
1489 1821 624
1493 1520 624
1501 1502 624
1503 1766 624
1552 1700 624
1552 1720 624
1558 1567 624
1625 1704 624
1653 1815 624
1697 1838 624
1700 1720 624
1702 1743 624
1702 1749 624
1710 1780 624
1720 1833 624
1722 1795 624
1722 1855 624
1743 1749 624
1743 1889 624
1745 1768 624
1752 1757 624
1753 1768 624
1757 1766 624
1821 1857 624
1821 1895 624
1833 1909 624
1857 1895 624
1861 1889 624
1861 1902 624
1889 1909 624
1909 1916 624
1429 1489 625
1431 1453 625
1434 1489 625
1434 1708 625
1437 1563 625
1459 1522 625
1489 1708 625
1493 1802 625
1501 1502 625
1522 1730 625
1539 1895 625
1549 1551 625
1552 1700 625
1552 1720 625
1560 1572 625
1560 1613 625
1572 1613 625
1613 1704 625
1625 1704 625
1628 1889 625
1628 1902 625
1665 1764 625
1675 1714 625
1700 1720 625
1702 1749 625
1722 1795 625
1732 1780 625
1745 1768 625
1757 1764 625
1764 1792 625
1780 1909 625
1795 1855 625
1802 1837 625
1802 1847 625
1833 1855 625
1857 1895 625
1889 1916 625
1902 1920 625
1429 1431 626
1429 1457 626
1429 1489 626
1431 1453 626
1431 1489 626
1437 1453 626
1443 1493 626
1443 1500 626
1457 1489 626
1459 1522 626
1498 1578 626
1500 1802 626
1500 1837 626
1501 1502 626
1539 1895 626
1549 1551 626
1552 1700 626
1552 1720 626
1558 1567 626
1560 1625 626
1665 1752 626
1665 1764 626
1665 1787 626
1665 1792 626
1675 1695 626
1695 1697 626
1696 1697 626
1697 1912 626
1700 1720 626
1704 1723 626
1722 1730 626
1722 1795 626
1732 1780 626
1752 1787 626
1757 1761 626
1757 1765 626
1757 1912 626
1763 1838 626
1764 1765 626
1764 1787 626
1802 1847 626
1838 1909 626
1857 1895 626
1429 1457 627
1429 1489 627
1431 1437 627
1431 1453 627
1437 1780 627
1437 1833 627
1453 1533 627
1457 1489 627
1459 1522 627
1471 1482 627
1471 1585 627
1500 1847 627
1501 1502 627
1503 1539 627
1532 1579 627
1532 1851 627
1539 1815 627
1552 1700 627
1552 1708 627
1558 1567 627
1560 1572 627
1579 1730 627
1579 1851 627
1613 1625 627
1625 1666 627
1628 1916 627
1665 1674 627
1665 1752 627
1665 1761 627
1665 1775 627
1666 1911 627
1674 1688 627
1674 1761 627
1696 1697 627
1696 1761 627
1697 1912 627
1698 1775 627
1722 1795 627
1763 1838 627
1780 1833 627
1797 1866 627
1802 1837 627
1802 1847 627
1821 1857 627
1821 1895 627
1857 1895 627
1428 1802 628
1437 1563 628
1437 1710 628
1437 1763 628
1439 1705 628
1452 1471 628
1452 1482 628
1459 1522 628
1471 1482 628
1471 1585 628
1493 1501 628
1501 1502 628
1503 1539 628
1503 1815 628
1528 1851 628
1532 1579 628
1532 1851 628
1539 1815 628
1558 1567 628
1558 1802 628
1579 1851 628
1613 1675 628
1628 1855 628
1648 1902 628
1665 1698 628
1666 1757 628
1675 1684 628
1675 1766 628
1684 1766 628
1697 1912 628
1698 1761 628
1700 1815 628
1704 1855 628
1705 1866 628
1732 1780 628
1764 1775 628
1764 1792 628
1765 1792 628
1797 1866 628
1821 1857 628
1821 1895 628
1838 1909 628
1857 1895 628
1426 1471 629
1426 1477 629
1428 1500 629
1434 1480 629
1437 1563 629
1439 1705 629
1452 1471 629
1452 1477 629
1459 1522 629
1498 1585 629
1503 1563 629
1503 1815 629
1532 1851 629
1539 1815 629
1539 1895 629
1549 1700 629
1549 1730 629
1549 1763 629
1552 1700 629
1552 1730 629
1552 1838 629
1560 1822 629
1567 1866 629
1579 1851 629
1604 1702 629
1604 1711 629
1604 1743 629
1625 1697 629
1628 1714 629
1628 1890 629
1648 1666 629
1648 1766 629
1648 1889 629
1666 1697 629
1674 1889 629
1684 1766 629
1688 1775 629
1695 1757 629
1695 1920 629
1697 1912 629
1700 1730 629
1702 1743 629
1704 1743 629
1705 1866 629
1708 1711 629
1708 1855 629
1708 1902 629
1720 1822 629
1730 1838 629
1732 1889 629
1732 1912 629
1743 1749 629
1749 1916 629
1757 1855 629
1757 1920 629
1764 1765 629
1764 1792 629
1765 1912 629
1766 1861 629
1772 1775 629
1775 1792 629
1780 1833 629
1797 1847 629
1821 1895 629
1822 1838 629
1857 1895 629
1911 1912 629
1426 1452 630
1426 1471 630
1426 1477 630
1426 1578 630
1434 1539 630
1434 1833 630
1439 1866 630
1443 1493 630
1443 1885 630
1452 1471 630
1452 1477 630
1452 1578 630
1459 1522 630
1471 1477 630
1471 1578 630
1477 1578 630
1482 1498 630
1498 1585 630
1498 1780 630
1501 1502 630
1503 1815 630
1539 1780 630
1539 1821 630
1539 1833 630
1549 1730 630
1552 1700 630
1560 1572 630
1572 1763 630
1604 1702 630
1604 1743 630
1604 1749 630
1666 1697 630
1673 1761 630
1675 1696 630
1675 1911 630
1684 1766 630
1697 1704 630
1697 1912 630
1702 1749 630
1705 1866 630
1708 1855 630
1708 1902 630
1708 1916 630
1722 1795 630
1743 1749 630
1763 1815 630
1765 1772 630
1780 1815 630
1780 1833 630
1797 1802 630
1797 1847 630
1821 1857 630
1821 1895 630
1833 1857 630
1838 1909 630
1855 1916 630
1857 1895 630
1861 1889 630
1861 1911 630
1861 1912 630
1902 1916 630
1426 1471 631
1426 1578 631
1428 1585 631
1434 1885 631
1439 1705 631
1439 1866 631
1459 1522 631
1498 1585 631
1503 1528 631
1533 1549 631
1549 1730 631
1552 1560 631
1552 1572 631
1552 1700 631
1560 1572 631
1560 1763 631
1572 1700 631
1585 1802 631
1604 1743 631
1604 1749 631
1628 1851 631
1648 1889 631
1666 1695 631
1666 1766 631
1666 1920 631
1673 1674 631
1673 1675 631
1675 1912 631
1695 1757 631
1695 1909 631
1695 1920 631
1697 1704 631
1700 1730 631
1702 1743 631
1702 1749 631
1708 1855 631
1708 1902 631
1708 1916 631
1711 1714 631
1711 1723 631
1714 1722 631
1714 1723 631
1714 1822 631
1722 1795 631
1722 1822 631
1723 1822 631
1743 1749 631
1749 1916 631
1757 1766 631
1757 1889 631
1757 1920 631
1761 1772 631
1764 1765 631
1780 1833 631
1787 1911 631
1797 1802 631
1821 1866 631
1821 1895 631
1838 1909 631
1426 1520 632
1428 1585 632
1429 1489 632
1437 1563 632
1443 1493 632
1453 1457 632
1457 1763 632
1459 1522 632
1477 1503 632
1482 1498 632
1500 1802 632
1503 1815 632
1528 1866 632
1539 1847 632
1549 1579 632
1549 1700 632
1549 1847 632
1552 1560 632
1563 1815 632
1579 1700 632
1585 1857 632
1604 1702 632
1604 1743 632
1604 1749 632
1666 1766 632
1675 1696 632
1695 1920 632
1698 1911 632
1702 1743 632
1702 1749 632
1708 1916 632
1714 1723 632
1722 1767 632
1722 1795 632
1722 1822 632
1730 1763 632
1743 1749 632
1743 1822 632
1749 1822 632
1757 1766 632
1757 1920 632
1761 1911 632
1764 1765 632
1766 1889 632
1780 1833 632
1797 1802 632
1821 1857 632
1821 1895 632
1822 1890 632
1838 1909 632
1857 1895 632
1426 1471 633
1426 1502 633
1428 1520 633
1429 1489 633
1431 1457 633
1437 1563 633
1453 1457 633
1453 1459 633
1459 1522 633
1477 1498 633
1498 1585 633
1503 1549 633
1503 1560 633
1503 1730 633
1503 1780 633
1528 1532 633
1528 1866 633
1532 1866 633
1549 1730 633
1551 1558 633
1551 1567 633
1551 1763 633
1552 1700 633
1552 1780 633
1558 1866 633
1567 1763 633
1578 1857 633
1604 1720 633
1613 1648 633
1628 1851 633
1648 1889 633
1648 1912 633
1673 1792 633
1688 1889 633
1695 1714 633
1695 1757 633
1695 1920 633
1702 1743 633
1702 1749 633
1708 1767 633
1710 1851 633
1722 1795 633
1743 1749 633
1757 1920 633
1766 1912 633
1802 1847 633
1821 1857 633
1821 1895 633
1838 1909 633
1857 1895 633
1861 1889 633
1426 1498 634
1429 1489 634
1431 1489 634
1437 1563 634
1437 1585 634
1439 1705 634
1439 1866 634
1443 1493 634
1452 1522 634
1452 1578 634
1459 1477 634
1459 1522 634
1459 1578 634
1482 1498 634
1520 1551 634
1520 1558 634
1520 1567 634
1549 1730 634
1551 1558 634
1551 1763 634
1552 1700 634
1558 1567 634
1558 1763 634
1567 1763 634
1604 1720 634
1604 1838 634
1604 1909 634
1625 1861 634
1628 1851 634
1648 1861 634
1648 1889 634
1665 1704 634
1673 1792 634
1675 1704 634
1675 1912 634
1688 1889 634
1695 1920 634
1702 1743 634
1702 1749 634
1705 1866 634
1708 1916 634
1708 1920 634
1720 1838 634
1720 1909 634
1722 1795 634
1743 1749 634
1743 1757 634
1749 1795 634
1757 1822 634
1757 1920 634
1767 1916 634
1767 1920 634
1780 1833 634
1797 1802 634
1797 1837 634
1802 1837 634
1802 1847 634
1821 1857 634
1821 1895 634
1838 1851 634
1838 1909 634
1851 1909 634
1857 1895 634
1861 1889 634
1426 1520 635
1429 1489 635
1431 1457 635
1437 1453 635
1437 1563 635
1439 1866 635
1443 1493 635
1452 1459 635
1453 1457 635
1453 1489 635
1459 1477 635
1477 1578 635
1480 1501 635
1489 1730 635
1503 1539 635
1503 1549 635
1503 1815 635
1551 1558 635
1551 1567 635
1552 1700 635
1558 1567 635
1558 1705 635
1558 1763 635
1567 1705 635
1567 1763 635
1604 1702 635
1604 1711 635
1604 1722 635
1625 1861 635
1628 1710 635
1628 1720 635
1628 1795 635
1648 1861 635
1648 1889 635
1665 1698 635
1665 1912 635
1666 1695 635
1666 1767 635
1688 1696 635
1695 1920 635
1697 1752 635
1702 1711 635
1702 1743 635
1711 1909 635
1714 1723 635
1714 1743 635
1714 1822 635
1720 1851 635
1722 1795 635
1722 1909 635
1723 1749 635
1743 1749 635
1743 1757 635
1745 1768 635
1749 1757 635
1752 1787 635
1757 1822 635
1765 1889 635
1802 1837 635
1802 1847 635
1821 1857 635
1821 1895 635
1838 1890 635
1838 1909 635
1857 1895 635
1861 1889 635
1426 1585 636
1429 1489 636
1434 1533 636
1434 1885 636
1437 1563 636
1439 1866 636
1443 1493 636
1452 1482 636
1452 1522 636
1453 1457 636
1471 1477 636
1477 1522 636
1477 1578 636
1480 1501 636
1498 1520 636
1503 1549 636
1503 1730 636
1503 1815 636
1503 1857 636
1539 1815 636
1539 1821 636
1551 1558 636
1551 1567 636
1551 1705 636
1551 1763 636
1552 1700 636
1558 1567 636
1558 1705 636
1558 1763 636
1567 1705 636
1567 1763 636
1613 1757 636
1625 1861 636
1628 1710 636
1648 1861 636
1648 1889 636
1665 1704 636
1665 1912 636
1684 1752 636
1688 1911 636
1695 1714 636
1695 1920 636
1696 1911 636
1697 1752 636
1697 1766 636
1697 1787 636
1702 1711 636
1702 1743 636
1702 1749 636
1705 1763 636
1720 1851 636
1722 1909 636
1743 1749 636
1745 1768 636
1752 1787 636
1757 1920 636
1765 1889 636
1766 1787 636
1767 1920 636
1797 1802 636
1802 1837 636
1802 1847 636
1821 1857 636
1821 1895 636
1838 1902 636
1838 1909 636
1855 1916 636
1857 1895 636
1890 1902 636
1902 1909 636
1428 1520 637
1429 1489 637
1434 1533 637
1434 1885 637
1437 1563 637
1437 1780 637
1439 1560 637
1439 1705 637
1439 1866 637
1443 1493 637
1453 1457 637
1459 1578 637
1480 1482 637
1480 1501 637
1498 1551 637
1503 1539 637
1503 1815 637
1522 1700 637
1533 1885 637
1551 1585 637
1558 1567 637
1560 1572 637
1604 1743 637
1613 1666 637
1613 1767 637
1625 1861 637
1648 1861 637
1648 1889 637
1665 1704 637
1666 1767 637
1666 1855 637
1684 1752 637
1695 1855 637
1696 1761 637
1696 1911 637
1697 1787 637
1705 1866 637
1708 1714 637
1720 1851 637
1722 1795 637
1745 1753 637
1761 1911 637
1765 1889 637
1767 1855 637
1797 1802 637
1821 1857 637
1821 1895 637
1837 1847 637
1838 1851 637
1838 1909 637
1857 1895 637
1861 1889 637
1861 1911 637
1426 1563 638
1428 1520 638
1429 1437 638
1429 1489 638
1431 1453 638
1434 1885 638
1437 1563 638
1439 1866 638
1443 1452 638
1443 1493 638
1452 1471 638
1453 1457 638
1480 1501 638
1482 1700 638
1498 1520 638
1498 1763 638
1503 1533 638
1503 1815 638
1519 1885 638
1539 1815 638
1539 1821 638
1539 1895 638
1549 1730 638
1551 1558 638
1551 1705 638
1552 1700 638
1558 1705 638
1560 1572 638
1613 1698 638
1613 1767 638
1613 1855 638
1625 1861 638
1648 1861 638
1648 1889 638
1665 1704 638
1665 1912 638
1666 1767 638
1666 1855 638
1695 1855 638
1695 1916 638
1696 1761 638
1696 1911 638
1697 1766 638
1702 1711 638
1708 1723 638
1708 1822 638
1708 1916 638
1714 1822 638
1714 1855 638
1720 1851 638
1730 1763 638
1761 1911 638
1766 1787 638
1780 1833 638
1802 1837 638
1821 1857 638
1821 1895 638
1838 1909 638
1857 1895 638
1861 1889 638
1426 1563 639
1429 1489 639
1431 1453 639
1434 1519 639
1434 1885 639
1437 1563 639
1437 1780 639
1439 1579 639
1443 1493 639
1453 1457 639
1480 1501 639
1498 1520 639
1503 1533 639
1503 1815 639
1519 1885 639
1520 1763 639
1532 1579 639
1533 1815 639
1539 1815 639
1539 1821 639
1539 1857 639
1539 1895 639
1549 1730 639
1551 1558 639
1551 1567 639
1551 1705 639
1551 1763 639
1558 1705 639
1558 1730 639
1613 1698 639
1613 1767 639
1613 1855 639
1625 1648 639
1625 1861 639
1625 1889 639
1625 1911 639
1648 1861 639
1648 1889 639
1665 1704 639
1665 1912 639
1666 1772 639
1674 1723 639
1684 1697 639
1688 1708 639
1695 1757 639
1695 1920 639
1696 1761 639
1697 1766 639
1697 1787 639
1698 1767 639
1698 1855 639
1702 1743 639
1708 1916 639
1714 1822 639
1720 1851 639
1746 1753 639
1752 1766 639
1757 1920 639
1766 1787 639
1780 1833 639
1797 1802 639
1821 1857 639
1821 1895 639
1838 1909 639
1851 1902 639
1851 1909 639
1857 1895 639
1861 1889 639
1861 1911 639
1902 1909 639
1428 1498 640
1429 1489 640
1431 1453 640
1434 1519 640
1434 1885 640
1437 1563 640
1443 1493 640
1452 1471 640
1459 1477 640
1471 1477 640
1480 1501 640
1503 1533 640
1533 1815 640
1551 1558 640
1551 1567 640
1551 1705 640
1551 1763 640
1552 1700 640
1558 1567 640
1558 1705 640
1558 1763 640
1567 1705 640
1567 1763 640
1604 1711 640
1625 1648 640
1625 1861 640
1648 1861 640
1665 1704 640
1666 1757 640
1666 1765 640
1688 1708 640
1696 1761 640
1697 1766 640
1698 1767 640
1702 1890 640
1705 1763 640
1708 1714 640
1722 1795 640
1722 1838 640
1732 1766 640
1752 1766 640
1757 1765 640
1766 1787 640
1797 1847 640
1821 1857 640
1821 1895 640
1838 1909 640
1857 1895 640
1428 1498 641
1429 1489 641
1431 1453 641
1431 1457 641
1431 1482 641
1434 1519 641
1434 1885 641
1437 1498 641
1437 1563 641
1443 1493 641
1453 1457 641
1453 1482 641
1457 1482 641
1480 1501 641
1498 1520 641
1519 1885 641
1533 1539 641
1533 1815 641
1549 1730 641
1551 1558 641
1551 1567 641
1551 1705 641
1551 1763 641
1552 1700 641
1558 1705 641
1558 1763 641
1560 1866 641
1567 1705 641
1567 1763 641
1604 1890 641
1625 1861 641
1625 1911 641
1648 1861 641
1648 1889 641
1665 1704 641
1666 1765 641
1688 1775 641
1695 1920 641
1696 1761 641
1697 1752 641
1697 1766 641
1698 1838 641
1698 1916 641
1700 1730 641
1702 1743 641
1702 1749 641
1702 1890 641
1705 1866 641
1722 1772 641
1732 1787 641
1743 1749 641
1743 1890 641
1743 1909 641
1749 1890 641
1752 1766 641
1765 1920 641
1766 1787 641
1802 1847 641
1821 1857 641
1821 1895 641
1838 1916 641
1857 1895 641
1861 1889 641
1861 1911 641
1889 1920 641
1426 1585 642
1428 1498 642
1429 1489 642
1429 1730 642
1431 1453 642
1431 1457 642
1434 1519 642
1434 1533 642
1434 1539 642
1437 1501 642
1437 1563 642
1439 1705 642
1439 1866 642
1443 1493 642
1453 1457 642
1453 1482 642
1457 1482 642
1459 1480 642
1498 1520 642
1501 1563 642
1503 1815 642
1519 1885 642
1532 1705 642
1532 1866 642
1533 1539 642
1539 1815 642
1549 1730 642
1552 1700 642
1558 1567 642
1558 1780 642
1567 1780 642
1579 1705 642
1579 1866 642
1613 1698 642
1613 1767 642
1613 1838 642
1613 1855 642
1625 1861 642
1628 1704 642
1628 1720 642
1648 1861 642
1648 1889 642
1665 1704 642
1666 1757 642
1666 1765 642
1666 1890 642
1666 1920 642
1675 1704 642
1675 1912 642
1684 1752 642
1688 1708 642
1696 1761 642
1698 1767 642
1698 1838 642
1698 1855 642
1702 1711 642
1702 1889 642
1705 1866 642
1708 1822 642
1720 1851 642
1730 1780 642
1743 1749 642
1743 1792 642
1752 1766 642
1766 1787 642
1772 1795 642
1780 1833 642
1797 1847 642
1802 1837 642
1821 1857 642
1821 1895 642
1838 1855 642
1857 1895 642
1861 1889 642
1890 1920 642
1426 1498 643
1426 1520 643
1426 1585 643
1429 1480 643
1429 1489 643
1431 1453 643
1431 1457 643
1431 1459 643
1431 1522 643
1434 1533 643
1439 1705 643
1439 1866 643
1443 1493 643
1452 1482 643
1452 1522 643
1457 1477 643
1459 1578 643
1480 1730 643
1480 1780 643
1498 1520 643
1498 1585 643
1503 1815 643
1532 1705 643
1532 1866 643
1549 1730 643
1551 1567 643
1551 1763 643
1552 1700 643
1579 1705 643
1579 1763 643
1625 1861 643
1625 1911 643
1628 1720 643
1628 1772 643
1648 1861 643
1648 1889 643
1665 1675 643
1665 1704 643
1666 1765 643
1675 1704 643
1688 1708 643
1695 1765 643
1695 1890 643
1695 1920 643
1696 1761 643
1696 1911 643
1698 1838 643
1698 1916 643
1702 1749 643
1705 1866 643
1708 1714 643
1711 1749 643
1711 1764 643
1720 1909 643
1730 1815 643
1732 1787 643
1743 1792 643
1761 1911 643
1765 1920 643
1766 1787 643
1767 1838 643
1797 1847 643
1802 1847 643
1821 1857 643
1821 1895 643
1838 1916 643
1857 1895 643
1861 1889 643
1861 1911 643
1426 1520 644
1429 1437 644
1429 1480 644
1429 1489 644
1431 1453 644
1434 1539 644
1434 1885 644
1437 1480 644
1437 1503 644
1439 1532 644
1443 1493 644
1459 1578 644
1480 1489 644
1501 1533 644
1503 1533 644
1503 1815 644
1549 1730 644
1551 1558 644
1551 1567 644
1551 1763 644
1552 1700 644
1558 1567 644
1558 1705 644
1567 1705 644
1585 1866 644
1604 1764 644
1613 1698 644
1613 1855 644
1613 1916 644
1648 1889 644
1665 1675 644
1665 1912 644
1666 1695 644
1666 1720 644
1674 1792 644
1688 1708 644
1695 1890 644
1695 1920 644
1696 1761 644
1696 1851 644
1697 1752 644
1698 1767 644
1702 1743 644
1720 1743 644
1723 1792 644
1732 1787 644
1757 1889 644
1761 1911 644
1797 1802 644
1802 1837 644
1802 1847 644
1821 1857 644
1821 1895 644
1837 1847 644
1851 1861 644
1851 1911 644
1857 1895 644
1861 1889 644
1428 1821 645
1429 1480 645
1431 1835 645
1434 1539 645
1434 1885 645
1437 1503 645
1437 1533 645
1437 1563 645
1437 1815 645
1452 1471 645
1452 1578 645
1459 1471 645
1459 1477 645
1471 1522 645
1471 1578 645
1498 1520 645
1500 1837 645
1503 1533 645
1503 1563 645
1503 1815 645
1532 1579 645
1533 1563 645
1533 1815 645
1549 1730 645
1552 1700 645
1552 1780 645
1563 1815 645
1578 1885 645
1579 1763 645
1604 1749 645
1604 1764 645
1613 1698 645
1613 1767 645
1613 1916 645
1625 1851 645
1625 1861 645
1628 1722 645
1628 1909 645
1648 1861 645
1648 1889 645
1665 1675 645
1665 1912 645
1666 1765 645
1666 1920 645
1673 1674 645
1673 1720 645
1674 1792 645
1688 1708 645
1695 1890 645
1696 1761 645
1696 1911 645
1697 1766 645
1698 1767 645
1705 1866 645
1708 1822 645
1720 1838 645
1720 1916 645
1743 1792 645
1761 1851 645
1761 1911 645
1767 1916 645
1802 1847 645
1821 1857 645
1851 1911 645
1857 1895 645
1861 1889 645
1890 1920 645
1429 1489 646
1431 1453 646
1434 1532 646
1437 1539 646
1437 1563 646
1439 1558 646
1439 1705 646
1439 1866 646
1443 1493 646
1452 1471 646
1459 1477 646
1459 1578 646
1471 1578 646
1500 1837 646
1501 1502 646
1503 1533 646
1503 1539 646
1503 1563 646
1503 1815 646
1528 1797 646
1528 1837 646
1532 1885 646
1533 1539 646
1533 1815 646
1539 1815 646
1551 1567 646
1552 1700 646
1558 1567 646
1558 1705 646
1558 1866 646
1567 1866 646
1604 1702 646
1604 1711 646
1604 1764 646
1613 1767 646
1613 1855 646
1625 1696 646
1625 1851 646
1625 1861 646
1628 1722 646
1628 1772 646
1648 1851 646
1648 1861 646
1648 1889 646
1665 1675 646
1665 1912 646
1666 1695 646
1666 1765 646
1666 1920 646
1673 1674 646
1688 1708 646
1688 1714 646
1695 1890 646
1695 1920 646
1696 1761 646
1696 1911 646
1697 1766 646
1702 1749 646
1702 1764 646
1705 1866 646
1708 1822 646
1722 1772 646
1723 1792 646
1743 1792 646
1752 1766 646
1767 1916 646
1772 1795 646
1797 1837 646
1821 1857 646
1838 1916 646
1851 1861 646
1851 1889 646
1857 1895 646
1861 1889 646
1890 1920 646
1426 1563 647
1428 1498 647
1428 1585 647
1429 1489 647
1431 1453 647
1431 1457 647
1434 1532 647
1434 1885 647
1437 1563 647
1439 1567 647
1439 1857 647
1443 1493 647
1453 1457 647
1459 1477 647
1501 1502 647
1503 1533 647
1503 1815 647
1519 1533 647
1528 1802 647
1532 1885 647
1533 1539 647
1533 1815 647
1551 1567 647
1551 1866 647
1552 1700 647
1558 1567 647
1567 1866 647
1604 1702 647
1604 1711 647
1604 1749 647
1613 1698 647
1613 1767 647
1613 1838 647
1613 1855 647
1625 1861 647
1625 1911 647
1628 1772 647
1648 1861 647
1648 1889 647
1665 1675 647
1665 1704 647
1665 1912 647
1666 1695 647
1673 1674 647
1675 1912 647
1688 1708 647
1688 1714 647
1688 1822 647
1695 1890 647
1695 1920 647
1696 1761 647
1696 1911 647
1697 1752 647
1697 1766 647
1697 1787 647
1698 1767 647
1698 1838 647
1698 1916 647
1700 1885 647
1708 1822 647
1711 1764 647
1720 1761 647
1723 1792 647
1743 1792 647
1749 1764 647
1752 1766 647
1761 1911 647
1767 1855 647
1767 1916 647
1772 1902 647
1772 1909 647
1797 1802 647
1797 1837 647
1802 1837 647
1821 1857 647
1821 1895 647
1851 1889 647
1851 1911 647
1857 1895 647
1861 1889 647
1426 1585 648
1429 1489 648
1431 1453 648
1431 1457 648
1434 1532 648
1434 1885 648
1437 1563 648
1437 1821 648
1437 1857 648
1437 1895 648
1443 1493 648
1453 1457 648
1532 1885 648
1551 1866 648
1552 1700 648
1563 1821 648
1563 1857 648
1563 1895 648
1604 1764 648
1613 1698 648
1613 1767 648
1613 1855 648
1613 1916 648
1625 1911 648
1628 1772 648
1648 1851 648
1648 1889 648
1666 1920 648
1673 1674 648
1674 1792 648
1675 1704 648
1675 1912 648
1688 1708 648
1688 1714 648
1688 1822 648
1695 1920 648
1696 1761 648
1696 1911 648
1698 1767 648
1698 1855 648
1702 1749 648
1708 1822 648
1710 1743 648
1720 1761 648
1723 1792 648
1743 1792 648
1749 1764 648
1767 1855 648
1767 1916 648
1797 1847 648
1802 1847 648
1821 1857 648
1821 1895 648
1851 1889 648
1857 1895 648
1890 1920 648
1426 1585 649
1428 1520 649
1429 1489 649
1434 1532 649
1434 1533 649
1434 1815 649
1434 1885 649
1437 1563 649
1437 1857 649
1437 1895 649
1443 1493 649
1459 1578 649
1471 1482 649
1482 1533 649
1482 1578 649
1489 1780 649
1500 1797 649
1500 1837 649
1500 1847 649
1501 1502 649
1528 1837 649
1532 1885 649
1533 1700 649
1533 1815 649
1563 1821 649
1563 1857 649
1563 1895 649
1604 1764 649
1613 1767 649
1613 1855 649
1613 1916 649
1625 1911 649
1628 1772 649
1648 1889 649
1665 1675 649
1665 1704 649
1665 1912 649
1666 1695 649
1666 1920 649
1675 1912 649
1684 1697 649
1688 1708 649
1688 1714 649
1688 1822 649
1695 1765 649
1695 1890 649
1696 1911 649
1700 1815 649
1702 1749 649
1708 1822 649
1710 1792 649
1714 1822 649
1723 1792 649
1743 1792 649
1749 1764 649
1757 1920 649
1767 1855 649
1767 1916 649
1797 1847 649
1802 1837 649
1821 1857 649
1837 1847 649
1890 1920 649
1426 1520 650
1426 1585 650
1428 1498 650
1428 1520 650
1428 1585 650
1429 1489 650
1429 1730 650
1434 1533 650
1434 1552 650
1434 1885 650
1437 1563 650
1443 1493 650
1452 1477 650
1457 1857 650
1459 1578 650
1498 1585 650
1528 1802 650
1528 1837 650
1532 1533 650
1533 1885 650
1551 1558 650
1563 1833 650
1567 1866 650
1604 1749 650
1613 1698 650
1613 1767 650
1613 1855 650
1625 1851 650
1625 1861 650
1625 1911 650
1628 1772 650
1648 1861 650
1665 1912 650
1666 1695 650
1666 1765 650
1666 1890 650
1666 1920 650
1673 1674 650
1674 1792 650
1675 1912 650
1684 1697 650
1688 1708 650
1688 1714 650
1695 1890 650
1696 1889 650
1696 1911 650
1697 1732 650
1698 1767 650
1698 1916 650
1702 1749 650
1710 1792 650
1714 1822 650
1720 1761 650
1720 1851 650
1720 1889 650
1743 1792 650
1761 1861 650
1765 1920 650
1766 1787 650
1767 1916 650
1772 1902 650
1797 1802 650
1797 1837 650
1802 1837 650
1821 1857 650
1821 1895 650
1838 1916 650
1857 1895 650
1861 1889 650
1890 1920 650
1428 1498 651
1428 1585 651
1429 1489 651
1434 1815 651
1437 1503 651
1437 1563 651
1437 1815 651
1443 1493 651
1471 1477 651
1500 1528 651
1503 1563 651
1532 1533 651
1558 1866 651
1563 1815 651
1613 1698 651
1613 1767 651
1613 1838 651
1613 1916 651
1625 1851 651
1625 1861 651
1625 1911 651
1628 1708 651
1628 1772 651
1648 1861 651
1665 1912 651
1666 1695 651
1666 1765 651
1666 1890 651
1673 1674 651
1674 1743 651
1675 1912 651
1684 1697 651
1695 1765 651
1696 1761 651
1696 1911 651
1698 1767 651
1698 1916 651
1700 1780 651
1714 1822 651
1743 1792 651
1761 1851 651
1765 1920 651
1767 1916 651
1772 1795 651
1772 1902 651
1797 1802 651
1797 1837 651
1802 1837 651
1802 1847 651
1821 1895 651
1833 1895 651
1838 1909 651
1838 1916 651
1851 1911 651
1857 1895 651
1861 1889 651
1861 1911 651
1890 1920 651
1429 1489 652
1429 1533 652
1434 1532 652
1437 1503 652
1437 1539 652
1437 1563 652
1437 1815 652
1443 1452 652
1443 1493 652
1452 1477 652
1457 1502 652
1459 1489 652
1459 1700 652
1477 1857 652
1503 1563 652
1519 1533 652
1528 1802 652
1539 1563 652
1549 1730 652
1563 1815 652
1579 1763 652
1648 1861 652
1665 1912 652
1666 1695 652
1666 1765 652
1674 1723 652
1674 1792 652
1688 1708 652
1688 1714 652
1695 1765 652
1695 1890 652
1696 1911 652
1698 1767 652
1698 1916 652
1700 1857 652
1700 1895 652
1708 1822 652
1714 1822 652
1723 1792 652
1757 1765 652
1757 1920 652
1767 1916 652
1772 1902 652
1772 1909 652
1797 1802 652
1797 1847 652
1802 1837 652
1802 1847 652
1821 1857 652
1833 1895 652
1861 1889 652
1890 1920 652
1902 1909 652
1426 1498 653
1429 1489 653
1434 1885 653
1443 1493 653
1452 1522 653
1459 1552 653
1528 1802 653
1528 1847 653
1533 1539 653
1533 1815 653
1549 1730 653
1558 1567 653
1558 1866 653
1563 1815 653
1579 1763 653
1604 1702 653
1604 1749 653
1613 1698 653
1613 1767 653
1613 1855 653
1613 1916 653
1625 1861 653
1648 1861 653
1665 1912 653
1666 1920 653
1674 1710 653
1674 1792 653
1675 1912 653
1688 1708 653
1688 1822 653
1695 1890 653
1696 1911 653
1698 1767 653
1702 1749 653
1702 1764 653
1708 1775 653
1714 1775 653
1723 1792 653
1757 1765 653
1757 1920 653
1765 1920 653
1767 1916 653
1772 1909 653
1795 1902 653
1797 1837 653
1802 1837 653
1821 1895 653
1838 1916 653
1857 1895 653
1861 1889 653
1890 1920 653
1902 1909 653
1426 1498 654
1429 1489 654
1437 1539 654
1437 1815 654
1452 1471 654
1452 1477 654
1452 1585 654
1459 1477 654
1471 1522 654
1477 1552 654
1477 1578 654
1500 1528 654
1522 1578 654
1539 1815 654
1549 1730 654
1552 1700 654
1558 1567 654
1604 1749 654
1613 1698 654
1613 1767 654
1613 1916 654
1625 1861 654
1625 1911 654
1648 1861 654
1665 1912 654
1666 1765 654
1666 1890 654
1674 1743 654
1674 1792 654
1675 1704 654
1688 1708 654
1688 1775 654
1688 1822 654
1695 1890 654
1695 1920 654
1696 1911 654
1698 1767 654
1702 1749 654
1710 1743 654
1720 1761 654
1720 1889 654
1723 1792 654
1743 1792 654
1757 1920 654
1765 1920 654
1767 1916 654
1772 1795 654
1772 1909 654
1795 1902 654
1802 1837 654
1821 1857 654
1838 1916 654
1861 1889 654
1890 1920 654
1426 1498 655
1426 1520 655
1429 1489 655
1431 1457 655
1431 1802 655
1434 1519 655
1434 1533 655
1437 1563 655
1437 1585 655
1439 1567 655
1443 1493 655
1457 1837 655
1459 1477 655
1459 1482 655
1459 1578 655
1471 1477 655
1471 1522 655
1477 1522 655
1493 1835 655
1498 1520 655
1501 1502 655
1503 1539 655
1503 1815 655
1528 1797 655
1528 1837 655
1539 1815 655
1549 1730 655
1552 1700 655
1579 1763 655
1604 1749 655
1613 1698 655
1613 1767 655
1613 1855 655
1613 1916 655
1625 1861 655
1625 1911 655
1648 1861 655
1665 1912 655
1666 1765 655
1666 1920 655
1674 1743 655
1674 1792 655
1675 1704 655
1684 1697 655
1684 1752 655
1684 1787 655
1688 1708 655
1688 1775 655
1688 1822 655
1695 1890 655
1696 1911 655
1698 1767 655
1702 1749 655
1702 1764 655
1720 1761 655
1720 1889 655
1723 1792 655
1743 1792 655
1757 1920 655
1761 1911 655
1765 1920 655
1767 1916 655
1772 1795 655
1772 1909 655
1797 1802 655
1802 1837 655
1802 1847 655
1821 1857 655
1861 1889 655
1890 1920 655
1429 1489 656
1431 1453 656
1431 1457 656
1434 1532 656
1434 1533 656
1437 1563 656
1443 1493 656
1443 1501 656
1452 1477 656
1452 1482 656
1452 1522 656
1453 1457 656
1459 1578 656
1471 1477 656
1471 1522 656
1501 1502 656
1503 1539 656
1503 1815 656
1532 1533 656
1539 1815 656
1551 1866 656
1552 1700 656
1563 1585 656
1567 1866 656
1613 1698 656
1613 1767 656
1613 1855 656
1613 1916 656
1625 1861 656
1625 1911 656
1648 1861 656
1665 1675 656
1666 1920 656
1673 1674 656
1674 1743 656
1674 1792 656
1675 1704 656
1675 1912 656
1684 1787 656
1688 1708 656
1688 1775 656
1688 1822 656
1695 1890 656
1696 1911 656
1698 1767 656
1698 1916 656
1702 1749 656
1720 1761 656
1720 1889 656
1723 1792 656
1743 1792 656
1761 1911 656
1765 1920 656
1766 1787 656
1767 1916 656
1772 1795 656
1797 1802 656
1855 1916 656
1861 1889 656
1890 1920 656
1426 1428 657
1429 1489 657
1434 1532 657
1437 1585 657
1439 1551 657
1439 1567 657
1452 1459 657
1452 1482 657
1452 1578 657
1453 1457 657
1459 1477 657
1459 1482 657
1459 1578 657
1477 1482 657
1477 1578 657
1503 1539 657
1503 1563 657
1503 1815 657
1539 1815 657
1549 1730 657
1551 1567 657
1552 1700 657
1552 1780 657
1558 1705 657
1558 1866 657
1579 1833 657
1613 1698 657
1613 1767 657
1613 1855 657
1648 1861 657
1666 1765 657
1673 1674 657
1674 1743 657
1674 1792 657
1684 1752 657
1684 1787 657
1688 1708 657
1688 1775 657
1688 1822 657
1695 1890 657
1695 1920 657
1696 1761 657
1696 1911 657
1698 1767 657
1705 1866 657
1720 1889 657
1743 1792 657
1757 1920 657
1761 1911 657
1763 1833 657
1765 1920 657
1797 1847 657
1802 1847 657
1821 1857 657
1857 1895 657
1861 1889 657
1890 1920 657
1429 1431 658
1429 1437 658
1429 1489 658
1431 1453 658
1431 1489 658
1434 1532 658
1437 1457 658
1439 1549 658
1439 1558 658
1439 1705 658
1452 1459 658
1459 1477 658
1459 1482 658
1477 1482 658
1477 1578 658
1500 1847 658
1503 1539 658
1549 1551 658
1549 1730 658
1551 1730 658
1552 1700 658
1558 1567 658
1604 1749 658
1613 1698 658
1613 1767 658
1613 1855 658
1625 1911 658
1648 1889 658
1673 1674 658
1674 1743 658
1684 1752 658
1684 1787 658
1688 1708 658
1688 1775 658
1688 1822 658
1695 1765 658
1695 1920 658
1696 1911 658
1698 1767 658
1702 1749 658
1708 1822 658
1720 1761 658
1720 1889 658
1743 1792 658
1797 1847 658
1821 1857 658
1833 1857 658
1857 1895 658
1890 1920 658
1426 1428 659
1426 1585 659
1429 1431 659
1429 1453 659
1429 1489 659
1431 1453 659
1431 1489 659
1439 1705 659
1443 1493 659
1452 1459 659
1471 1700 659
1480 1563 659
1503 1539 659
1522 1585 659
1539 1815 659
1552 1700 659
1552 1780 659
1560 1572 659
1604 1749 659
1613 1698 659
1613 1767 659
1613 1855 659
1625 1861 659
1625 1911 659
1648 1861 659
1648 1889 659
1666 1920 659
1674 1792 659
1688 1708 659
1688 1822 659
1695 1890 659
1695 1920 659
1696 1911 659
1698 1767 659
1698 1855 659
1702 1749 659
1708 1775 659
1708 1822 659
1723 1792 659
1743 1792 659
1772 1795 659
1802 1847 659
1821 1857 659
1821 1895 659
1861 1889 659
1890 1920 659
1429 1453 660
1431 1453 660
1434 1533 660
1437 1552 660
1437 1563 660
1453 1489 660
1457 1520 660
1457 1585 660
1500 1528 660
1501 1502 660
1503 1815 660
1520 1585 660
1522 1551 660
1539 1815 660
1552 1563 660
1567 1730 660
1579 1763 660
1613 1698 660
1613 1767 660
1613 1855 660
1613 1916 660
1625 1851 660
1648 1851 660
1648 1861 660
1648 1889 660
1666 1920 660
1673 1674 660
1674 1743 660
1684 1697 660
1684 1732 660
1684 1766 660
1688 1708 660
1688 1822 660
1695 1890 660
1695 1920 660
1696 1761 660
1696 1911 660
1698 1767 660
1698 1916 660
1702 1764 660
1708 1822 660
1720 1761 660
1720 1911 660
1723 1792 660
1743 1792 660
1749 1764 660
1761 1911 660
1766 1787 660
1767 1855 660
1772 1795 660
1802 1847 660
1821 1857 660
1851 1861 660
1851 1889 660
1855 1916 660
1861 1889 660
1890 1920 660
1429 1489 661
1434 1532 661
1434 1533 661
1437 1480 661
1437 1552 661
1439 1705 661
1477 1579 661
1501 1502 661
1503 1539 661
1503 1815 661
1519 1533 661
1532 1533 661
1539 1815 661
1552 1700 661
1579 1763 661
1604 1702 661
1613 1698 661
1613 1767 661
1613 1855 661
1613 1916 661
1625 1851 661
1625 1861 661
1648 1851 661
1648 1861 661
1648 1889 661
1666 1765 661
1666 1920 661
1673 1674 661
1674 1743 661
1684 1732 661
1695 1890 661
1695 1920 661
1696 1911 661
1698 1767 661
1698 1916 661
1702 1749 661
1702 1764 661
1720 1761 661
1720 1889 661
1743 1792 661
1749 1764 661
1765 1920 661
1767 1916 661
1772 1795 661
1772 1909 661
1797 1802 661
1821 1857 661
1821 1895 661
1851 1911 661
1855 1916 661
1861 1889 661
1890 1920 661
1431 1453 662
1431 1471 662
1434 1532 662
1434 1533 662
1437 1700 662
1443 1493 662
1482 1700 662
1493 1763 662
1501 1502 662
1503 1539 662
1503 1815 662
1519 1533 662
1528 1802 662
1532 1533 662
1552 1700 662
1560 1572 662
1578 1700 662
1579 1763 662
1604 1702 662
1604 1749 662
1604 1764 662
1613 1698 662
1613 1767 662
1613 1855 662
1625 1861 662
1628 1909 662
1648 1861 662
1648 1889 662
1665 1675 662
1665 1912 662
1666 1695 662
1666 1765 662
1666 1890 662
1673 1674 662
1674 1743 662
1675 1912 662
1684 1787 662
1688 1775 662
1695 1765 662
1695 1890 662
1696 1911 662
1697 1787 662
1698 1767 662
1702 1749 662
1702 1764 662
1708 1775 662
1708 1822 662
1743 1792 662
1772 1795 662
1821 1835 662
1857 1895 662
1861 1889 662
1426 1833 663
1429 1431 663
1429 1489 663
1431 1453 663
1431 1563 663
1434 1533 663
1443 1493 663
1453 1563 663
1459 1482 663
1459 1578 663
1482 1563 663
1501 1502 663
1503 1539 663
1552 1700 663
1560 1572 663
1579 1763 663
1613 1698 663
1613 1855 663
1625 1851 663
1625 1861 663
1625 1911 663
1628 1909 663
1648 1761 663
1648 1861 663
1648 1889 663
1665 1675 663
1665 1704 663
1665 1912 663
1666 1695 663
1666 1765 663
1666 1920 663
1673 1674 663
1674 1743 663
1675 1704 663
1675 1912 663
1688 1708 663
1688 1775 663
1688 1822 663
1695 1765 663
1695 1890 663
1696 1911 663
1697 1787 663
1698 1767 663
1708 1822 663
1710 1792 663
1720 1761 663
1720 1889 663
1743 1792 663
1761 1851 663
1765 1920 663
1767 1916 663
1772 1795 663
1802 1837 663
1821 1835 663
1821 1857 663
1851 1911 663
1855 1916 663
1857 1895 663
1861 1889 663
1890 1920 663
1431 1453 664
1431 1489 664
1431 1503 664
1431 1551 664
1437 1453 664
1437 1480 664
1437 1563 664
1443 1493 664
1452 1522 664
1471 1477 664
1489 1563 664
1498 1520 664
1503 1539 664
1528 1797 664
1528 1837 664
1539 1815 664
1552 1700 664
1552 1780 664
1560 1572 664
1604 1749 664
1625 1851 664
1625 1861 664
1628 1909 664
1648 1861 664
1648 1889 664
1665 1675 664
1665 1704 664
1665 1912 664
1666 1695 664
1666 1765 664
1666 1890 664
1666 1920 664
1674 1743 664
1688 1708 664
1688 1775 664
1695 1920 664
1696 1761 664
1696 1911 664
1697 1787 664
1698 1767 664
1702 1749 664
1708 1775 664
1708 1822 664
1710 1792 664
1720 1761 664
1723 1792 664
1730 1763 664
1743 1792 664
1749 1764 664
1761 1851 664
1767 1855 664
1767 1916 664
1772 1795 664
1797 1847 664
1838 1916 664
1851 1911 664
1855 1916 664
1861 1889 664
1889 1890 664
1429 1489 665
1431 1480 665
1431 1489 665
1437 1453 665
1437 1563 665
1443 1493 665
1452 1578 665
1453 1563 665
1459 1477 665
1459 1482 665
1471 1477 665
1471 1482 665
1477 1578 665
1480 1489 665
1489 1551 665
1498 1552 665
1500 1797 665
1501 1502 665
1503 1539 665
1503 1700 665
1551 1780 665
1552 1700 665
1613 1855 665
1613 1916 665
1625 1851 665
1625 1861 665
1625 1911 665
1628 1909 665
1665 1704 665
1666 1765 665
1673 1674 665
1673 1723 665
1673 1743 665
1674 1792 665
1675 1704 665
1684 1787 665
1688 1708 665
1695 1890 665
1696 1911 665
1697 1787 665
1702 1711 665
1743 1792 665
1761 1851 665
1772 1795 665
1851 1911 665
1861 1889 665
1429 1489 666
1431 1480 666
1437 1498 666
1439 1705 666
1443 1493 666
1452 1459 666
1452 1471 666
1452 1482 666
1452 1578 666
1453 1457 666
1453 1563 666
1457 1563 666
1459 1477 666
1459 1578 666
1471 1477 666
1477 1578 666
1498 1780 666
1501 1502 666
1503 1539 666
1503 1815 666
1520 1567 666
1522 1578 666
1539 1815 666
1552 1700 666
1558 1866 666
1560 1572 666
1604 1711 666
1625 1851 666
1625 1861 666
1625 1911 666
1665 1704 666
1666 1765 666
1674 1743 666
1688 1708 666
1688 1775 666
1688 1822 666
1696 1911 666
1700 1780 666
1708 1775 666
1708 1822 666
1732 1766 666
1743 1792 666
1749 1764 666
1761 1851 666
1772 1795 666
1772 1909 666
1821 1895 666
1838 1916 666
1851 1911 666
1857 1895 666
1861 1889 666
1861 1911 666
1426 1498 667
1428 1520 667
1429 1480 667
1429 1489 667
1434 1532 667
1437 1453 667
1437 1563 667
1443 1493 667
1457 1563 667
1480 1489 667
1489 1552 667
1498 1520 667
1501 1502 667
1503 1539 667
1503 1815 667
1522 1578 667
1528 1802 667
1533 1885 667
1539 1815 667
1552 1700 667
1567 1585 667
1604 1711 667
1604 1749 667
1613 1767 667
1613 1916 667
1625 1851 667
1625 1861 667
1625 1911 667
1648 1889 667
1665 1675 667
1665 1704 667
1666 1765 667
1674 1743 667
1684 1697 667
1688 1708 667
1688 1775 667
1688 1822 667
1695 1765 667
1696 1851 667
1708 1775 667
1708 1822 667
1711 1764 667
1722 1902 667
1743 1792 667
1761 1851 667
1767 1838 667
1772 1795 667
1851 1911 667
1861 1889 667
1890 1920 667
1429 1480 668
1429 1489 668
1434 1532 668
1437 1457 668
1437 1563 668
1443 1493 668
1459 1578 668
1501 1502 668
1503 1539 668
1503 1815 668
1533 1885 668
1552 1700 668
1560 1572 668
1579 1705 668
1604 1702 668
1604 1711 668
1625 1861 668
1625 1911 668
1648 1861 668
1648 1889 668
1665 1675 668
1673 1743 668
1688 1708 668
1688 1775 668
1688 1822 668
1695 1765 668
1698 1916 668
1702 1749 668
1708 1775 668
1708 1822 668
1711 1749 668
1761 1851 668
1765 1920 668
1772 1795 668
1797 1847 668
1802 1837 668
1821 1857 668
1821 1895 668
1837 1847 668
1838 1916 668
1851 1911 668
1857 1895 668
1861 1889 668
1890 1920 668
1428 1498 669
1429 1480 669
1429 1489 669
1434 1519 669
1434 1532 669
1437 1457 669
1437 1563 669
1459 1477 669
1480 1489 669
1493 1502 669
1498 1520 669
1501 1502 669
1503 1700 669
1503 1815 669
1528 1802 669
1528 1837 669
1528 1847 669
1533 1885 669
1552 1700 669
1558 1579 669
1560 1572 669
1579 1705 669
1613 1698 669
1613 1767 669
1613 1855 669
1613 1916 669
1625 1851 669
1648 1861 669
1648 1889 669
1665 1675 669
1665 1704 669
1666 1765 669
1674 1743 669
1674 1792 669
1675 1704 669
1688 1708 669
1688 1775 669
1688 1822 669
1695 1765 669
1695 1890 669
1698 1855 669
1698 1916 669
1702 1749 669
1708 1775 669
1767 1838 669
1772 1795 669
1802 1837 669
1802 1847 669
1821 1857 669
1837 1847 669
1838 1916 669
1851 1911 669
1857 1895 669
1861 1889 669
1861 1911 669
1890 1920 669
1428 1459 670
1429 1431 670
1429 1489 670
1431 1489 670
1443 1493 670
1443 1563 670
1493 1502 670
1501 1502 670
1503 1815 670
1528 1837 670
1533 1885 670
1539 1815 670
1549 1730 670
1551 1579 670
1552 1700 670
1560 1572 670
1625 1851 670
1625 1861 670
1628 1722 670
1628 1909 670
1648 1861 670
1648 1889 670
1665 1675 670
1666 1765 670
1666 1890 670
1674 1710 670
1674 1743 670
1674 1792 670
1675 1704 670
1675 1912 670
1684 1766 670
1688 1708 670
1688 1775 670
1695 1890 670
1696 1851 670
1698 1838 670
1702 1711 670
1702 1749 670
1708 1775 670
1757 1890 670
1761 1851 670
1772 1795 670
1795 1902 670
1797 1802 670
1802 1837 670
1802 1847 670
1821 1857 670
1821 1895 670
1838 1916 670
1857 1895 670
1861 1889 670
1890 1920 670
1426 1498 671
1428 1459 671
1428 1477 671
1428 1482 671
1429 1480 671
1429 1489 671
1429 1552 671
1429 1815 671
1431 1480 671
1443 1493 671
1443 1780 671
1453 1563 671
1459 1482 671
1501 1502 671
1503 1539 671
1503 1815 671
1533 1885 671
1539 1815 671
1549 1730 671
1551 1763 671
1552 1700 671
1560 1572 671
1604 1711 671
1613 1698 671
1613 1767 671
1613 1838 671
1625 1851 671
1625 1861 671
1628 1772 671
1628 1909 671
1648 1861 671
1648 1889 671
1665 1675 671
1666 1765 671
1674 1792 671
1675 1912 671
1688 1708 671
1688 1775 671
1695 1890 671
1698 1767 671
1698 1838 671
1702 1711 671
1702 1749 671
1708 1775 671
1722 1902 671
1765 1890 671
1767 1838 671
1772 1795 671
1772 1909 671
1797 1837 671
1821 1857 671
1821 1895 671
1838 1916 671
1857 1895 671
1861 1889 671
1890 1920 671
1428 1520 672
1429 1431 672
1429 1480 672
1431 1480 672
1443 1493 672
1443 1780 672
1459 1522 672
1501 1502 672
1503 1563 672
1503 1815 672
1520 1730 672
1522 1585 672
1528 1797 672
1528 1837 672
1552 1700 672
1558 1560 672
1558 1705 672
1560 1866 672
1563 1815 672
1604 1711 672
1613 1698 672
1613 1767 672
1628 1772 672
1628 1909 672
1648 1861 672
1648 1889 672
1666 1695 672
1666 1765 672
1666 1920 672
1674 1743 672
1674 1792 672
1675 1912 672
1688 1708 672
1688 1775 672
1688 1822 672
1695 1765 672
1695 1890 672
1695 1920 672
1696 1851 672
1698 1767 672
1698 1838 672
1702 1711 672
1720 1761 672
1767 1838 672
1821 1857 672
1821 1895 672
1838 1916 672
1851 1911 672
1857 1895 672
1861 1889 672
1426 1428 673
1429 1480 673
1429 1489 673
1431 1480 673
1443 1493 673
1459 1482 673
1459 1578 673
1471 1578 673
1482 1578 673
1501 1502 673
1503 1815 673
1520 1730 673
1528 1802 673
1552 1700 673
1558 1705 673
1560 1572 673
1560 1866 673
1563 1815 673
1567 1572 673
1567 1579 673
1572 1579 673
1579 1866 673
1613 1698 673
1613 1767 673
1613 1855 673
1628 1909 673
1648 1851 673
1648 1861 673
1648 1889 673
1665 1675 673
1666 1695 673
1666 1765 673
1666 1920 673
1673 1684 673
1674 1743 673
1674 1792 673
1688 1708 673
1688 1775 673
1688 1822 673
1696 1851 673
1696 1911 673
1698 1916 673
1702 1711 673
1705 1730 673
1708 1822 673
1711 1749 673
1720 1761 673
1722 1902 673
1732 1766 673
1743 1792 673
1757 1889 673
1757 1920 673
1765 1920 673
1766 1787 673
1767 1838 673
1802 1837 673
1821 1857 673
1821 1895 673
1838 1855 673
1838 1916 673
1851 1861 673
1851 1911 673
1857 1895 673
1890 1920 673
1902 1909 673
1429 1489 674
1431 1480 674
1437 1453 674
1443 1493 674
1452 1522 674
1453 1563 674
1459 1471 674
1459 1522 674
1459 1578 674
1471 1482 674
1471 1578 674
1482 1578 674
1498 1520 674
1501 1502 674
1503 1539 674
1528 1797 674
1533 1885 674
1551 1560 674
1552 1700 674
1558 1567 674
1558 1705 674
1560 1572 674
1560 1579 674
1563 1815 674
1572 1579 674
1604 1711 674
1613 1767 674
1613 1838 674
1613 1855 674
1625 1851 674
1625 1861 674
1648 1861 674
1648 1889 674
1665 1704 674
1666 1695 674
1666 1765 674
1673 1743 674
1673 1792 674
1674 1792 674
1684 1697 674
1688 1708 674
1688 1775 674
1696 1851 674
1696 1911 674
1700 1815 674
1702 1711 674
1702 1764 674
1711 1764 674
1722 1772 674
1722 1902 674
1730 1866 674
1732 1766 674
1743 1792 674
1749 1764 674
1757 1920 674
1765 1920 674
1766 1787 674
1767 1838 674
1767 1916 674
1772 1902 674
1772 1909 674
1795 1909 674
1821 1857 674
1821 1895 674
1838 1855 674
1838 1916 674
1851 1911 674
1857 1895 674
1861 1889 674
1890 1920 674
1902 1909 674
1426 1452 675
1428 1585 675
1429 1489 675
1431 1480 675
1437 1453 675
1437 1459 675
1437 1563 675
1439 1567 675
1443 1493 675
1443 1502 675
1443 1567 675
1453 1528 675
1459 1563 675
1480 1572 675
1482 1578 675
1493 1501 675
1493 1502 675
1498 1520 675
1498 1533 675
1500 1797 675
1503 1539 675
1503 1815 675
1549 1705 675
1552 1700 675
1558 1567 675
1558 1705 675
1560 1572 675
1560 1579 675
1567 1866 675
1613 1708 675
1613 1767 675
1613 1838 675
1613 1855 675
1628 1909 675
1648 1861 675
1648 1889 675
1666 1765 675
1684 1697 675
1688 1708 675
1695 1757 675
1698 1767 675
1702 1764 675
1705 1866 675
1743 1792 675
1749 1764 675
1757 1889 675
1761 1851 675
1761 1911 675
1767 1838 675
1772 1909 675
1795 1909 675
1797 1802 675
1821 1857 675
1821 1895 675
1838 1855 675
1857 1895 675
1861 1889 675
1429 1489 676
1431 1480 676
1434 1885 676
1437 1563 676
1443 1493 676
1443 1501 676
1443 1502 676
1443 1533 676
1452 1780 676
1493 1501 676
1493 1502 676
1501 1502 676
1503 1815 676
1519 1528 676
1519 1885 676
1528 1797 676
1549 1567 676
1552 1700 676
1558 1705 676
1560 1572 676
1563 1895 676
1567 1730 676
1567 1866 676
1572 1579 676
1613 1767 676
1613 1838 676
1613 1855 676
1628 1772 676
1648 1889 676
1666 1765 676
1675 1704 676
1684 1697 676
1688 1708 676
1688 1775 676
1695 1920 676
1698 1767 676
1705 1866 676
1720 1761 676
1743 1792 676
1749 1764 676
1761 1851 676
1761 1911 676
1765 1890 676
1766 1787 676
1767 1838 676
1772 1795 676
1821 1895 676
1838 1855 676
1838 1916 676
1851 1889 676
1857 1895 676
1861 1889 676
1426 1428 677
1431 1480 677
1437 1563 677
1443 1533 677
1459 1482 677
1459 1522 677
1482 1797 677
1493 1501 677
1493 1502 677
1501 1502 677
1503 1780 677
1528 1802 677
1539 1815 677
1549 1551 677
1552 1700 677
1558 1567 677
1560 1572 677
1567 1705 677
1572 1579 677
1572 1780 677
1604 1702 677
1604 1749 677
1613 1698 677
1613 1855 677
1628 1772 677
1648 1889 677
1665 1675 677
1665 1912 677
1673 1674 677
1674 1743 677
1675 1912 677
1684 1697 677
1684 1766 677
1688 1708 677
1688 1775 677
1695 1920 677
1698 1767 677
1702 1749 677
1714 1775 677
1720 1761 677
1743 1792 677
1757 1765 677
1757 1889 677
1761 1851 677
1761 1911 677
1767 1838 677
1767 1855 677
1767 1916 677
1802 1837 677
1821 1857 677
1821 1895 677
1838 1916 677
1851 1861 677
1855 1916 677
1857 1895 677
1431 1434 678
1431 1480 678
1434 1480 678
1434 1885 678
1437 1533 678
1437 1563 678
1453 1563 678
1457 1533 678
1459 1482 678
1459 1522 678
1480 1885 678
1482 1522 678
1493 1501 678
1493 1502 678
1498 1520 678
1501 1502 678
1503 1539 678
1503 1815 678
1528 1797 678
1539 1815 678
1549 1551 678
1558 1567 678
1560 1572 678
1572 1579 678
1613 1698 678
1613 1767 678
1613 1855 678
1628 1772 678
1648 1757 678
1648 1861 678
1648 1889 678
1665 1675 678
1666 1765 678
1674 1723 678
1684 1766 678
1684 1787 678
1688 1708 678
1688 1775 678
1688 1822 678
1695 1920 678
1698 1767 678
1698 1916 678
1702 1749 678
1704 1912 678
1708 1822 678
1743 1792 678
1749 1764 678
1757 1889 678
1767 1838 678
1767 1916 678
1821 1857 678
1838 1916 678
1851 1861 678
1851 1889 678
1857 1895 678
1428 1437 679
1428 1563 679
1429 1489 679
1431 1480 679
1431 1532 679
1431 1885 679
1434 1480 679
1434 1532 679
1437 1563 679
1443 1533 679
1452 1459 679
1452 1471 679
1477 1522 679
1480 1532 679
1480 1885 679
1493 1501 679
1493 1502 679
1501 1502 679
1503 1815 679
1520 1560 679
1528 1797 679
1528 1802 679
1532 1885 679
1539 1815 679
1552 1700 679
1560 1572 679
1572 1579 679
1572 1763 679
1613 1698 679
1613 1767 679
1613 1855 679
1648 1757 679
1648 1851 679
1648 1889 679
1665 1675 679
1665 1704 679
1666 1765 679
1674 1723 679
1688 1708 679
1688 1775 679
1695 1920 679
1696 1889 679
1698 1767 679
1698 1916 679
1702 1749 679
1704 1912 679
1708 1822 679
1722 1902 679
1743 1792 679
1749 1764 679
1765 1920 679
1767 1916 679
1772 1902 679
1797 1802 679
1802 1837 679
1821 1857 679
1821 1895 679
1851 1861 679
1851 1889 679
1857 1895 679
1426 1428 680
1426 1520 680
1428 1498 680
1428 1563 680
1429 1489 680
1431 1885 680
1434 1480 680
1434 1532 680
1434 1885 680
1437 1498 680
1437 1520 680
1437 1563 680
1437 1585 680
1443 1533 680
1452 1520 680
1459 1471 680
1477 1520 680
1480 1532 680
1480 1885 680
1501 1502 680
1503 1539 680
1503 1815 680
1528 1802 680
1539 1815 680
1552 1700 680
1558 1705 680
1560 1572 680
1563 1585 680
1604 1749 680
1613 1767 680
1613 1838 680
1613 1855 680
1648 1757 680
1648 1889 680
1665 1675 680
1666 1702 680
1666 1765 680
1666 1890 680
1666 1920 680
1674 1723 680
1674 1792 680
1688 1708 680
1695 1920 680
1696 1889 680
1702 1765 680
1704 1912 680
1708 1822 680
1720 1761 680
1722 1795 680
1722 1902 680
1743 1792 680
1761 1911 680
1767 1855 680
1767 1916 680
1772 1795 680
1821 1895 680
1838 1855 680
1838 1916 680
1851 1861 680
1851 1889 680
1861 1889 680
1890 1920 680
1428 1453 681
1429 1489 681
1434 1480 681
1434 1532 681
1434 1885 681
1437 1453 681
1437 1498 681
1437 1563 681
1443 1533 681
1453 1563 681
1459 1503 681
1480 1532 681
1480 1885 681
1493 1533 681
1501 1502 681
1503 1539 681
1532 1885 681
1552 1700 681
1558 1705 681
1604 1702 681
1604 1749 681
1648 1861 681
1648 1889 681
1665 1912 681
1684 1732 681
1684 1752 681
1695 1757 681
1695 1920 681
1698 1767 681
1698 1916 681
1702 1749 681
1722 1902 681
1732 1752 681
1749 1764 681
1757 1890 681
1757 1920 681
1761 1911 681
1767 1855 681
1767 1916 681
1772 1795 681
1772 1902 681
1821 1857 681
1821 1895 681
1838 1855 681
1838 1916 681
1851 1861 681
1851 1889 681
1861 1889 681
1429 1489 682
1434 1459 682
1434 1480 682
1434 1532 682
1434 1552 682
1437 1563 682
1443 1493 682
1452 1482 682
1459 1585 682
1477 1482 682
1482 1522 682
1498 1520 682
1501 1502 682
1520 1533 682
1520 1551 682
1528 1837 682
1532 1885 682
1549 1551 682
1551 1579 682
1551 1763 682
1552 1700 682
1558 1705 682
1604 1749 682
1613 1698 682
1613 1838 682
1613 1855 682
1613 1916 682
1628 1722 682
1648 1861 682
1648 1889 682
1665 1912 682
1666 1695 682
1674 1723 682
1674 1792 682
1688 1708 682
1688 1775 682
1688 1822 682
1695 1920 682
1697 1766 682
1698 1767 682
1698 1916 682
1702 1749 682
1705 1866 682
1708 1775 682
1708 1822 682
1722 1902 682
1743 1765 682
1743 1792 682
1761 1851 682
1764 1851 682
1765 1920 682
1766 1787 682
1767 1916 682
1772 1902 682
1821 1895 682
1861 1889 682
1429 1437 683
1429 1489 683
1434 1700 683
1437 1453 683
1437 1563 683
1439 1549 683
1443 1493 683
1443 1532 683
1453 1563 683
1459 1477 683
1501 1502 683
1502 1551 683
1503 1815 683
1503 1847 683
1528 1802 683
1532 1533 683
1532 1885 683
1533 1885 683
1549 1551 683
1558 1705 683
1558 1866 683
1567 1705 683
1628 1688 683
1628 1909 683
1648 1889 683
1666 1695 683
1674 1723 683
1688 1775 683
1696 1761 683
1697 1752 683
1697 1766 683
1698 1767 683
1698 1916 683
1702 1743 683
1702 1749 683
1705 1866 683
1708 1775 683
1743 1792 683
1749 1764 683
1761 1911 683
1765 1890 683
1765 1920 683
1797 1837 683
1821 1895 683
1838 1916 683
1890 1920 683
1426 1428 684
1426 1498 684
1428 1520 684
1437 1489 684
1439 1549 684
1443 1493 684
1489 1833 684
1501 1502 684
1501 1885 684
1503 1815 684
1539 1815 684
1552 1700 684
1567 1866 684
1648 1889 684
1666 1695 684
1674 1723 684
1688 1708 684
1688 1775 684
1697 1752 684
1698 1767 684
1698 1916 684
1702 1743 684
1743 1749 684
1743 1792 684
1749 1764 684
1757 1920 684
1765 1890 684
1802 1837 684
1821 1857 684
1857 1895 684
1426 1428 685
1429 1489 685
1434 1501 685
1434 1532 685
1434 1533 685
1437 1477 685
1437 1489 685
1437 1563 685
1439 1549 685
1501 1502 685
1502 1579 685
1503 1539 685
1503 1815 685
1503 1847 685
1532 1763 685
1613 1767 685
1613 1838 685
1613 1855 685
1648 1861 685
1665 1912 685
1666 1920 685
1688 1708 685
1688 1775 685
1695 1920 685
1697 1752 685
1698 1767 685
1698 1838 685
1702 1749 685
1708 1714 685
1720 1761 685
1723 1792 685
1743 1792 685
1749 1764 685
1757 1920 685
1765 1890 685
1772 1902 685
1797 1837 685
1802 1837 685
1815 1847 685
1821 1857 685
1857 1895 685
1861 1889 685
1426 1498 686
1429 1453 686
1429 1489 686
1431 1480 686
1434 1519 686
1434 1533 686
1434 1585 686
1434 1885 686
1439 1549 686
1459 1482 686
1471 1522 686
1477 1482 686
1482 1578 686
1493 1501 686
1503 1528 686
1503 1847 686
1533 1885 686
1539 1815 686
1539 1847 686
1549 1730 686
1552 1700 686
1552 1763 686
1613 1855 686
1625 1861 686
1628 1722 686
1628 1757 686
1666 1695 686
1666 1920 686
1675 1912 686
1688 1708 686
1688 1775 686
1695 1920 686
1698 1767 686
1698 1838 686
1702 1749 686
1708 1775 686
1708 1822 686
1743 1792 686
1749 1764 686
1752 1787 686
1765 1890 686
1766 1787 686
1772 1902 686
1857 1895 686
1890 1920 686
1428 1498 687
1429 1453 687
1429 1489 687
1431 1480 687
1434 1533 687
1434 1885 687
1453 1489 687
1457 1563 687
1471 1578 687
1477 1578 687
1493 1501 687
1498 1520 687
1501 1502 687
1503 1539 687
1503 1700 687
1503 1815 687
1503 1847 687
1528 1802 687
1528 1837 687
1533 1885 687
1549 1730 687
1551 1579 687
1552 1700 687
1552 1763 687
1558 1705 687
1567 1730 687
1604 1749 687
1613 1688 687
1613 1855 687
1628 1722 687
1628 1772 687
1628 1909 687
1665 1675 687
1665 1704 687
1665 1912 687
1666 1695 687
1666 1757 687
1666 1765 687
1666 1920 687
1675 1912 687
1688 1708 687
1688 1775 687
1696 1761 687
1700 1815 687
1700 1847 687
1702 1749 687
1704 1752 687
1704 1912 687
1743 1749 687
1752 1787 687
1761 1851 687
1761 1911 687
1765 1920 687
1766 1787 687
1802 1837 687
1815 1847 687
1851 1911 687
1857 1895 687
1890 1920 687
1429 1453 688
1429 1489 688
1431 1480 688
1434 1533 688
1434 1885 688
1439 1558 688
1453 1489 688
1459 1471 688
1459 1477 688
1477 1578 688
1501 1502 688
1503 1539 688
1503 1847 688
1528 1802 688
1533 1885 688
1539 1700 688
1539 1847 688
1552 1700 688
1558 1567 688
1567 1705 688
1604 1764 688
1613 1855 688
1628 1909 688
1648 1889 688
1665 1704 688
1665 1912 688
1666 1765 688
1666 1920 688
1674 1792 688
1684 1787 688
1688 1708 688
1688 1775 688
1696 1851 688
1698 1767 688
1702 1749 688
1704 1752 688
1704 1912 688
1723 1792 688
1749 1764 688
1752 1787 688
1763 1847 688
1765 1890 688
1765 1920 688
1797 1802 688
1821 1895 688
1851 1889 688
1851 1911 688
1861 1889 688
1890 1920 688
1426 1428 689
1426 1585 689
1429 1453 689
1429 1489 689
1434 1480 689
1434 1533 689
1434 1885 689
1437 1493 689
1453 1489 689
1457 1471 689
1457 1563 689
1501 1502 689
1503 1539 689
1503 1763 689
1503 1815 689
1503 1835 689
1533 1885 689
1551 1579 689
1551 1815 689
1552 1700 689
1558 1705 689
1604 1711 689
1604 1749 689
1613 1855 689
1625 1851 689
1625 1861 689
1628 1674 689
1628 1722 689
1628 1909 689
1648 1851 689
1648 1861 689
1665 1704 689
1665 1912 689
1666 1702 689
1666 1765 689
1674 1792 689
1675 1912 689
1688 1708 689
1688 1775 689
1695 1920 689
1698 1767 689
1702 1749 689
1702 1764 689
1704 1752 689
1704 1912 689
1708 1822 689
1711 1764 689
1722 1902 689
1722 1909 689
1723 1743 689
1743 1792 689
1749 1764 689
1752 1787 689
1752 1912 689
1757 1772 689
1757 1920 689
1765 1920 689
1797 1802 689
1861 1889 689
1890 1920 689
1429 1453 690
1429 1489 690
1437 1477 690
1453 1489 690
1459 1471 690
1480 1532 690
1501 1502 690
1503 1763 690
1503 1815 690
1532 1533 690
1532 1885 690
1539 1763 690
1539 1815 690
1549 1705 690
1551 1579 690
1552 1700 690
1625 1648 690
1625 1861 690
1625 1889 690
1628 1722 690
1628 1772 690
1628 1909 690
1648 1696 690
1648 1861 690
1665 1704 690
1665 1912 690
1666 1765 690
1674 1723 690
1674 1792 690
1675 1752 690
1675 1912 690
1684 1766 690
1688 1708 690
1688 1775 690
1698 1767 690
1702 1749 690
1704 1752 690
1708 1822 690
1710 1792 690
1722 1902 690
1722 1909 690
1743 1792 690
1752 1787 690
1757 1920 690
1761 1851 690
1763 1815 690
1765 1890 690
1765 1920 690
1767 1916 690
1775 1822 690
1797 1802 690
1838 1916 690
1851 1889 690
1851 1911 690
1861 1889 690
1890 1920 690
1429 1489 691
1431 1480 691
1434 1532 691
1434 1533 691
1453 1489 691
1457 1563 691
1482 1802 691
1493 1539 691
1500 1802 691
1501 1502 691
1522 1578 691
1528 1558 691
1528 1866 691
1539 1763 691
1539 1815 691
1539 1835 691
1551 1579 691
1552 1700 691
1560 1821 691
1572 1821 691
1604 1749 691
1613 1855 691
1625 1648 691
1625 1861 691
1625 1889 691
1628 1722 691
1628 1795 691
1628 1909 691
1648 1861 691
1665 1912 691
1666 1765 691
1674 1792 691
1675 1752 691
1688 1708 691
1688 1775 691
1688 1822 691
1695 1889 691
1697 1732 691
1697 1766 691
1702 1743 691
1704 1912 691
1708 1775 691
1710 1792 691
1720 1911 691
1722 1795 691
1722 1909 691
1743 1792 691
1752 1787 691
1757 1920 691
1761 1911 691
1763 1815 691
1765 1890 691
1765 1920 691
1775 1822 691
1797 1802 691
1861 1889 691
1890 1920 691
1426 1498 692
1429 1489 692
1434 1519 692
1434 1532 692
1437 1443 692
1437 1493 692
1439 1558 692
1452 1459 692
1457 1563 692
1459 1500 692
1501 1502 692
1533 1885 692
1539 1763 692
1552 1700 692
1572 1821 692
1572 1857 692
1613 1698 692
1613 1838 692
1613 1855 692
1613 1916 692
1625 1648 692
1648 1851 692
1648 1861 692
1648 1889 692
1665 1912 692
1674 1723 692
1674 1743 692
1674 1792 692
1684 1732 692
1684 1766 692
1688 1708 692
1688 1775 692
1695 1861 692
1695 1889 692
1696 1911 692
1697 1766 692
1698 1704 692
1698 1767 692
1698 1855 692
1704 1912 692
1708 1775 692
1708 1822 692
1720 1761 692
1722 1909 692
1732 1766 692
1743 1792 692
1757 1920 692
1761 1911 692
1765 1890 692
1765 1920 692
1772 1902 692
1772 1909 692
1797 1837 692
1815 1835 692
1851 1861 692
1851 1889 692
1851 1911 692
1861 1889 692
1902 1909 692
1426 1428 693
1429 1489 693
1431 1480 693
1434 1532 693
1434 1533 693
1457 1489 693
1457 1563 693
1459 1471 693
1482 1522 693
1482 1578 693
1489 1563 693
1498 1520 693
1501 1502 693
1520 1579 693
1539 1815 693
1552 1700 693
1558 1705 693
1558 1847 693
1572 1821 693
1625 1648 693
1625 1851 693
1625 1861 693
1628 1722 693
1628 1909 693
1648 1851 693
1648 1861 693
1665 1912 693
1674 1743 693
1688 1708 693
1688 1775 693
1696 1761 693
1696 1911 693
1698 1767 693
1702 1749 693
1702 1764 693
1704 1752 693
1704 1912 693
1705 1866 693
1710 1792 693
1720 1761 693
1722 1909 693
1723 1792 693
1765 1890 693
1772 1902 693
1772 1909 693
1815 1835 693
1821 1857 693
1821 1895 693
1851 1911 693
1890 1920 693
1426 1563 694
1428 1498 694
1429 1489 694
1431 1480 694
1434 1533 694
1439 1705 694
1443 1493 694
1452 1471 694
1452 1482 694
1457 1563 694
1459 1477 694
1459 1578 694
1477 1522 694
1489 1563 694
1489 1833 694
1498 1520 694
1500 1797 694
1501 1502 694
1519 1885 694
1528 1558 694
1528 1705 694
1528 1866 694
1533 1815 694
1539 1815 694
1549 1847 694
1558 1705 694
1558 1847 694
1572 1821 694
1579 1763 694
1613 1698 694
1613 1767 694
1613 1838 694
1613 1855 694
1625 1851 694
1625 1861 694
1625 1911 694
1628 1722 694
1628 1909 694
1648 1861 694
1665 1675 694
1665 1704 694
1665 1912 694
1688 1708 694
1688 1775 694
1695 1757 694
1698 1767 694
1702 1749 694
1702 1764 694
1704 1912 694
1705 1847 694
1708 1822 694
1710 1792 694
1720 1761 694
1722 1772 694
1722 1909 694
1752 1787 694
1757 1920 694
1765 1890 694
1765 1920 694
1772 1909 694
1797 1802 694
1815 1835 694
1821 1895 694
1851 1861 694
1851 1889 694
1851 1911 694
1857 1895 694
1861 1889 694
1890 1920 694
1902 1909 694
1429 1489 695
1431 1480 695
1434 1885 695
1437 1453 695
1443 1493 695
1452 1482 695
1452 1522 695
1452 1578 695
1453 1489 695
1457 1563 695
1459 1477 695
1471 1578 695
1477 1522 695
1482 1522 695
1482 1578 695
1482 1802 695
1498 1520 695
1500 1802 695
1501 1502 695
1503 1539 695
1528 1558 695
1528 1866 695
1533 1885 695
1539 1815 695
1560 1821 695
1625 1696 695
1625 1851 695
1625 1861 695
1625 1889 695
1628 1722 695
1628 1772 695
1628 1909 695
1665 1675 695
1665 1704 695
1665 1912 695
1666 1695 695
1666 1890 695
1674 1723 695
1675 1697 695
1684 1752 695
1688 1708 695
1688 1775 695
1697 1766 695
1698 1767 695
1702 1749 695
1704 1912 695
1722 1772 695
1722 1909 695
1749 1764 695
1752 1787 695
1757 1890 695
1765 1890 695
1767 1855 695
1767 1916 695
1772 1902 695
1772 1909 695
1797 1802 695
1821 1857 695
1838 1916 695
1851 1861 695
1851 1889 695
1851 1911 695
1855 1916 695
1861 1889 695
1861 1911 695
1902 1909 695
1426 1457 696
1429 1437 696
1429 1489 696
1431 1480 696
1437 1453 696
1439 1528 696
1439 1549 696
1439 1567 696
1443 1493 696
1452 1578 696
1457 1563 696
1457 1700 696
1459 1477 696
1489 1552 696
1501 1502 696
1503 1539 696
1503 1815 696
1520 1705 696
1528 1705 696
1539 1815 696
1549 1567 696
1549 1730 696
1551 1763 696
1613 1698 696
1613 1767 696
1613 1838 696
1613 1855 696
1625 1648 696
1625 1851 696
1625 1861 696
1625 1911 696
1628 1722 696
1628 1909 696
1648 1861 696
1665 1704 696
1665 1752 696
1665 1912 696
1666 1890 696
1674 1792 696
1684 1787 696
1688 1708 696
1688 1775 696
1688 1822 696
1696 1761 696
1698 1767 696
1698 1838 696
1698 1855 696
1704 1912 696
1705 1847 696
1708 1822 696
1710 1792 696
1720 1761 696
1722 1909 696
1752 1787 696
1752 1912 696
1757 1920 696
1765 1890 696
1767 1838 696
1772 1902 696
1821 1857 696
1851 1861 696
1851 1889 696
1861 1889 696
1890 1920 696
1429 1489 697
1434 1519 697
1434 1532 697
1434 1835 697
1434 1885 697
1437 1457 697
1439 1567 697
1439 1847 697
1443 1493 697
1452 1578 697
1453 1457 697
1453 1563 697
1457 1563 697
1471 1578 697
1500 1802 697
1501 1502 697
1503 1539 697
1503 1815 697
1533 1835 697
1533 1885 697
1539 1815 697
1549 1705 697
1567 1847 697
1604 1702 697
1604 1749 697
1628 1722 697
1628 1772 697
1628 1909 697
1648 1861 697
1648 1889 697
1665 1704 697
1665 1912 697
1666 1695 697
1666 1765 697
1666 1890 697
1673 1674 697
1674 1792 697
1688 1708 697
1695 1920 697
1702 1749 697
1704 1912 697
1708 1775 697
1710 1792 697
1722 1795 697
1752 1766 697
1757 1920 697
1765 1890 697
1765 1920 697
1797 1802 697
1821 1895 697
1861 1889 697
1890 1920 697
1429 1489 698
1431 1480 698
1434 1532 698
1434 1533 698
1434 1885 698
1443 1522 698
1452 1471 698
1452 1482 698
1452 1578 698
1471 1482 698
1471 1578 698
1482 1578 698
1501 1502 698
1519 1533 698
1532 1885 698
1533 1885 698
1549 1705 698
1552 1700 698
1552 1780 698
1567 1730 698
1567 1847 698
1585 1833 698
1604 1702 698
1613 1855 698
1625 1851 698
1625 1861 698
1625 1889 698
1628 1722 698
1628 1772 698
1648 1851 698
1648 1861 698
1648 1889 698
1665 1704 698
1665 1912 698
1666 1695 698
1666 1890 698
1673 1674 698
1674 1710 698
1674 1723 698
1674 1792 698
1675 1912 698
1684 1732 698
1688 1708 698
1698 1767 698
1698 1838 698
1702 1749 698
1704 1912 698
1708 1775 698
1708 1822 698
1710 1792 698
1749 1764 698
1757 1920 698
1761 1851 698
1797 1802 698
1821 1857 698
1851 1911 698
1861 1889 698
1890 1920 698
1426 1428 699
1426 1498 699
1426 1520 699
1426 1585 699
1429 1489 699
1429 1552 699
1431 1480 699
1434 1885 699
1452 1471 699
1452 1578 699
1471 1578 699
1471 1857 699
1493 1533 699
1493 1885 699
1498 1585 699
1501 1502 699
1503 1815 699
1520 1585 699
1532 1885 699
1549 1705 699
1552 1700 699
1613 1698 699
1613 1855 699
1625 1648 699
1625 1851 699
1625 1861 699
1628 1722 699
1628 1772 699
1628 1909 699
1648 1861 699
1665 1675 699
1665 1704 699
1665 1912 699
1666 1695 699
1666 1890 699
1666 1920 699
1674 1723 699
1675 1912 699
1684 1766 699
1688 1708 699
1695 1890 699
1695 1920 699
1696 1761 699
1697 1732 699
1698 1838 699
1698 1855 699
1702 1749 699
1704 1912 699
1708 1775 699
1708 1822 699
1710 1792 699
1714 1822 699
1720 1761 699
1722 1795 699
1732 1766 699
1743 1792 699
1749 1764 699
1761 1851 699
1765 1920 699
1767 1838 699
1767 1855 699
1767 1916 699
1772 1795 699
1797 1802 699
1838 1855 699
1838 1916 699
1851 1911 699
1857 1895 699
1426 1428 700
1426 1498 700
1426 1520 700
1426 1585 700
1428 1498 700
1429 1489 700
1431 1480 700
1434 1532 700
1434 1533 700
1439 1847 700
1452 1482 700
1452 1578 700
1457 1563 700
1489 1700 700
1498 1522 700
1500 1802 700
1503 1815 700
1520 1585 700
1532 1533 700
1539 1815 700
1552 1700 700
1604 1749 700
1613 1916 700
1625 1648 700
1625 1851 700
1625 1861 700
1625 1911 700
1628 1757 700
1628 1772 700
1628 1909 700
1648 1861 700
1648 1889 700
1665 1675 700
1665 1704 700
1665 1912 700
1666 1695 700
1666 1765 700
1674 1708 700
1675 1912 700
1684 1787 700
1688 1708 700
1688 1714 700
1695 1765 700
1695 1920 700
1696 1889 700
1696 1911 700
1697 1732 700
1698 1767 700
1702 1749 700
1711 1764 700
1743 1792 700
1749 1764 700
1757 1920 700
1765 1890 700
1765 1920 700
1767 1916 700
1772 1795 700
1772 1902 700
1797 1802 700
1797 1837 700
1802 1837 700
1821 1857 700
1821 1895 700
1851 1861 700
1851 1911 700
1857 1895 700
1861 1889 700
1889 1911 700
1890 1920 700
1902 1909 700
1426 1520 701
1426 1578 701
1426 1585 701
1428 1520 701
1429 1489 701
1431 1480 701
1434 1443 701
1434 1493 701
1434 1532 701
1434 1533 701
1437 1453 701
1443 1519 701
1457 1563 701
1493 1533 701
1498 1520 701
1501 1502 701
1503 1802 701
1503 1837 701
1532 1533 701
1552 1700 701
1558 1730 701
1567 1730 701
1604 1749 701
1613 1698 701
1613 1767 701
1613 1855 701
1625 1851 701
1625 1861 701
1625 1889 701
1628 1722 701
1628 1772 701
1628 1909 701
1648 1861 701
1648 1889 701
1665 1675 701
1665 1704 701
1665 1912 701
1666 1765 701
1666 1890 701
1673 1674 701
1684 1787 701
1688 1708 701
1695 1920 701
1696 1761 701
1696 1851 701
1696 1911 701
1698 1767 701
1698 1855 701
1698 1916 701
1702 1749 701
1704 1912 701
1711 1764 701
1722 1909 701
1749 1764 701
1757 1920 701
1761 1851 701
1761 1911 701
1765 1890 701
1767 1855 701
1802 1837 701
1821 1895 701
1838 1916 701
1851 1889 701
1861 1889 701
1426 1477 702
1429 1489 702
1431 1480 702
1434 1443 702
1434 1885 702
1443 1493 702
1443 1885 702
1457 1563 702
1459 1501 702
1471 1522 702
1477 1578 702
1498 1520 702
1501 1502 702
1522 1578 702
1552 1700 702
1558 1567 702
1567 1578 702
1604 1711 702
1604 1749 702
1613 1698 702
1613 1767 702
1613 1838 702
1613 1855 702
1625 1648 702
1628 1722 702
1628 1772 702
1648 1861 702
1648 1889 702
1665 1704 702
1684 1787 702
1688 1708 702
1695 1861 702
1695 1920 702
1696 1851 702
1696 1911 702
1698 1767 702
1698 1838 702
1702 1764 702
1722 1909 702
1743 1792 702
1757 1920 702
1761 1851 702
1761 1911 702
1765 1920 702
1767 1855 702
1802 1837 702
1821 1857 702
1821 1895 702
1857 1895 702
1861 1889 702
1861 1911 702
1428 1585 703
1429 1489 703
1429 1700 703
1431 1480 703
1434 1443 703
1434 1493 703
1434 1533 703
1437 1453 703
1443 1493 703
1443 1533 703
1452 1477 703
1457 1551 703
1457 1563 703
1501 1502 703
1503 1815 703
1519 1533 703
1522 1578 703
1552 1700 703
1558 1567 703
1558 1730 703
1604 1749 703
1613 1767 703
1613 1855 703
1613 1916 703
1625 1648 703
1625 1861 703
1625 1889 703
1648 1851 703
1648 1861 703
1648 1889 703
1665 1675 703
1665 1704 703
1665 1912 703
1674 1723 703
1688 1708 703
1696 1761 703
1698 1767 703
1720 1761 703
1723 1743 703
1761 1911 703
1765 1890 703
1767 1838 703
1767 1855 703
1780 1833 703
1797 1802 703
1821 1895 703
1861 1889 703
1861 1911 703
1889 1911 703
1902 1909 703
1426 1437 704
1426 1520 704
1429 1489 704
1431 1480 704
1434 1457 704
1434 1533 704
1434 1885 704
1437 1453 704
1437 1520 704
1443 1493 704
1471 1578 704
1480 1700 704
1489 1700 704
1493 1885 704
1498 1520 704
1500 1802 704
1501 1502 704
1519 1532 704
1539 1815 704
1549 1705 704
1552 1700 704
1560 1572 704
1604 1749 704
1613 1698 704
1613 1838 704
1613 1855 704
1625 1648 704
1625 1861 704
1628 1722 704
1628 1772 704
1628 1909 704
1648 1851 704
1648 1861 704
1648 1889 704
1665 1675 704
1665 1704 704
1666 1890 704
1666 1920 704
1674 1743 704
1674 1792 704
1688 1708 704
1688 1822 704
1698 1838 704
1702 1749 704
1702 1764 704
1711 1764 704
1714 1822 704
1720 1761 704
1720 1911 704
1723 1743 704
1757 1890 704
1761 1851 704
1761 1911 704
1765 1890 704
1765 1920 704
1767 1838 704
1767 1855 704
1767 1916 704
1802 1837 704
1821 1857 704
1851 1889 704
1851 1911 704
1861 1911 704
1902 1909 704
1429 1489 705
1434 1885 705
1437 1563 705
1443 1489 705
1443 1493 705
1452 1477 705
1452 1578 705
1457 1885 705
1477 1522 705
1500 1797 705
1500 1837 705
1501 1502 705
1522 1578 705
1533 1563 705
1549 1705 705
1552 1700 705
1558 1567 705
1560 1572 705
1604 1749 705
1613 1698 705
1613 1855 705
1628 1772 705
1628 1916 705
1648 1861 705
1648 1889 705
1665 1675 705
1665 1704 705
1665 1912 705
1666 1757 705
1666 1890 705
1674 1743 705
1688 1708 705
1695 1920 705
1698 1838 705
1702 1711 705
1702 1749 705
1702 1764 705
1702 1765 705
1704 1912 705
1710 1792 705
1711 1764 705
1723 1743 705
1743 1792 705
1757 1890 705
1757 1920 705
1765 1920 705
1775 1822 705
1802 1837 705
1821 1857 705
1835 1895 705
1861 1889 705
1861 1911 705
1890 1920 705
1426 1428 706
1426 1452 706
1426 1498 706
1428 1578 706
1429 1453 706
1429 1489 706
1434 1457 706
1434 1563 706
1437 1563 706
1452 1471 706
1452 1498 706
1453 1489 706
1498 1520 706
1498 1522 706
1501 1502 706
1552 1700 706
1558 1567 706
1567 1730 706
1604 1749 706
1613 1767 706
1613 1838 706
1613 1855 706
1613 1916 706
1628 1722 706
1628 1765 706
1628 1772 706
1628 1909 706
1648 1757 706
1648 1889 706
1648 1920 706
1665 1704 706
1666 1695 706
1666 1890 706
1674 1743 706
1688 1708 706
1688 1714 706
1688 1775 706
1695 1920 706
1696 1911 706
1698 1838 706
1698 1855 706
1698 1916 706
1702 1749 706
1702 1764 706
1702 1765 706
1704 1912 706
1708 1714 706
1708 1775 706
1710 1792 706
1711 1764 706
1720 1761 706
1722 1909 706
1723 1743 706
1743 1792 706
1757 1920 706
1767 1855 706
1767 1916 706
1802 1837 706
1821 1857 706
1855 1916 706
1861 1889 706
1861 1911 706
1889 1911 706
1426 1428 707
1426 1522 707
1428 1477 707
1428 1522 707
1428 1567 707
1431 1480 707
1477 1520 707
1477 1522 707
1477 1578 707
1498 1585 707
1500 1837 707
1501 1502 707
1503 1815 707
1520 1522 707
1552 1700 707
1558 1567 707
1567 1730 707
1613 1767 707
1613 1838 707
1613 1855 707
1613 1916 707
1625 1861 707
1625 1911 707
1628 1722 707
1628 1772 707
1628 1909 707
1648 1757 707
1648 1861 707
1648 1889 707
1665 1704 707
1666 1695 707
1688 1708 707
1688 1714 707
1688 1822 707
1695 1920 707
1696 1911 707
1698 1767 707
1698 1838 707
1702 1749 707
1704 1912 707
1708 1775 707
1708 1822 707
1710 1743 707
1710 1792 707
1714 1822 707
1722 1909 707
1743 1792 707
1749 1764 707
1757 1920 707
1765 1920 707
1767 1855 707
1772 1909 707
1802 1837 707
1861 1889 707
1429 1437 708
1434 1885 708
1437 1453 708
1437 1489 708
1453 1489 708
1471 1477 708
1471 1578 708
1477 1522 708
1500 1802 708
1501 1502 708
1551 1579 708
1552 1700 708
1558 1567 708
1560 1572 708
1613 1698 708
1613 1855 708
1613 1916 708
1625 1851 708
1628 1722 708
1628 1772 708
1628 1909 708
1648 1757 708
1665 1675 708
1665 1704 708
1665 1912 708
1666 1695 708
1666 1890 708
1674 1743 708
1684 1752 708
1688 1708 708
1688 1775 708
1688 1822 708
1695 1890 708
1698 1767 708
1698 1838 708
1702 1749 708
1704 1912 708
1708 1822 708
1710 1792 708
1743 1792 708
1761 1851 708
1767 1855 708
1772 1902 708
1797 1837 708
1802 1837 708
1851 1911 708
1861 1889 708
1426 1498 709
1429 1437 709
1429 1453 709
1431 1434 709
1434 1457 709
1434 1563 709
1437 1453 709
1452 1471 709
1457 1563 709
1471 1477 709
1471 1578 709
1477 1578 709
1501 1502 709
1522 1572 709
1522 1895 709
1533 1857 709
1549 1705 709
1552 1700 709
1558 1567 709
1560 1572 709
1613 1838 709
1613 1855 709
1613 1916 709
1625 1851 709
1625 1911 709
1628 1757 709
1628 1772 709
1648 1757 709
1648 1889 709
1648 1920 709
1665 1675 709
1665 1704 709
1665 1912 709
1666 1765 709
1684 1697 709
1688 1708 709
1688 1775 709
1695 1765 709
1695 1890 709
1695 1920 709
1696 1911 709
1698 1767 709
1698 1838 709
1702 1749 709
1704 1912 709
1708 1822 709
1710 1792 709
1711 1890 709
1732 1787 709
1743 1792 709
1749 1764 709
1757 1920 709
1765 1890 709
1821 1857 709
1835 1895 709
1851 1861 709
1851 1911 709
1855 1916 709
1431 1480 710
1431 1885 710
1471 1477 710
1489 1519 710
1501 1502 710
1503 1837 710
1533 1821 710
1549 1705 710
1551 1763 710
1552 1700 710
1560 1572 710
1604 1749 710
1613 1855 710
1628 1772 710
1628 1909 710
1648 1851 710
1648 1861 710
1665 1675 710
1665 1704 710
1665 1912 710
1675 1704 710
1688 1708 710
1688 1714 710
1688 1775 710
1695 1890 710
1695 1920 710
1696 1911 710
1698 1916 710
1704 1912 710
1708 1822 710
1710 1792 710
1749 1764 710
1757 1765 710
1765 1890 710
1802 1837 710
1821 1857 710
1835 1895 710
1851 1861 710
1851 1911 710
1428 1533 711
1431 1434 711
1431 1480 711
1452 1453 711
1452 1560 711
1452 1578 711
1539 1802 711
1552 1700 711
1558 1567 711
1560 1572 711
1604 1749 711
1613 1916 711
1625 1851 711
1628 1909 711
1648 1861 711
1648 1889 711
1665 1704 711
1666 1765 711
1688 1708 711
1688 1775 711
1695 1765 711
1695 1890 711
1696 1761 711
1698 1767 711
1698 1838 711
1698 1916 711
1702 1749 711
1704 1912 711
1749 1764 711
1757 1765 711
1757 1890 711
1765 1920 711
1767 1838 711
1861 1889 711
1426 1498 712
1429 1437 712
1431 1480 712
1431 1489 712
1434 1480 712
1434 1533 712
1437 1563 712
1452 1477 712
1480 1489 712
1480 1533 712
1500 1539 712
1501 1502 712
1503 1815 712
1551 1560 712
1551 1572 712
1551 1763 712
1552 1700 712
1558 1567 712
1560 1572 712
1567 1730 712
1604 1749 712
1613 1698 712
1613 1855 712
1613 1916 712
1628 1772 712
1628 1909 712
1648 1861 712
1648 1889 712
1665 1675 712
1665 1912 712
1666 1757 712
1666 1920 712
1674 1792 712
1675 1912 712
1688 1708 712
1688 1714 712
1688 1822 712
1695 1765 712
1695 1890 712
1696 1761 712
1696 1911 712
1698 1855 712
1702 1749 712
1702 1764 712
1711 1764 712
1714 1822 712
1732 1787 712
1743 1792 712
1757 1890 712
1761 1851 712
1761 1911 712
1766 1787 712
1767 1916 712
1851 1911 712
1861 1889 712
1426 1452 713
1431 1480 713
1431 1489 713
1434 1480 713
1434 1489 713
1443 1493 713
1480 1489 713
1500 1802 713
1501 1502 713
1532 1533 713
1539 1802 713
1551 1560 713
1551 1579 713
1552 1700 713
1560 1572 713
1613 1855 713
1613 1916 713
1625 1648 713
1625 1851 713
1625 1861 713
1648 1851 713
1665 1675 713
1665 1704 713
1665 1912 713
1666 1890 713
1673 1674 713
1674 1743 713
1674 1792 713
1688 1708 713
1695 1890 713
1698 1838 713
1702 1749 713
1702 1764 713
1704 1912 713
1708 1822 713
1714 1822 713
1732 1766 713
1743 1792 713
1761 1911 713
1765 1890 713
1767 1855 713
1767 1916 713
1851 1911 713
1855 1916 713
1890 1920 713
1426 1459 714
1426 1477 714
1426 1520 714
1428 1477 714
1429 1578 714
1431 1434 714
1431 1480 714
1434 1480 714
1437 1578 714
1443 1493 714
1452 1477 714
1459 1477 714
1480 1563 714
1489 1563 714
1501 1502 714
1532 1533 714
1551 1763 714
1552 1700 714
1560 1572 714
1613 1698 714
1613 1855 714
1613 1916 714
1625 1648 714
1625 1851 714
1625 1889 714
1625 1911 714
1648 1851 714
1648 1861 714
1648 1889 714
1665 1675 714
1665 1704 714
1665 1912 714
1666 1695 714
1666 1890 714
1666 1920 714
1674 1743 714
1674 1792 714
1675 1704 714
1684 1697 714
1684 1787 714
1688 1708 714
1688 1822 714
1695 1757 714
1695 1890 714
1696 1911 714
1698 1767 714
1698 1838 714
1698 1855 714
1702 1749 714
1704 1912 714
1708 1822 714
1710 1792 714
1743 1792 714
1761 1911 714
1767 1838 714
1767 1855 714
1767 1916 714
1772 1902 714
1838 1855 714
1851 1889 714
1851 1911 714
1890 1920 714
1431 1434 715
1431 1480 715
1434 1480 715
1439 1847 715
1443 1493 715
1452 1477 715
1459 1482 715
1477 1551 715
1477 1763 715
1489 1563 715
1501 1502 715
1551 1763 715
1552 1700 715
1560 1572 715
1572 1797 715
1625 1648 715
1625 1851 715
1625 1861 715
1625 1889 715
1628 1909 715
1648 1851 715
1648 1889 715
1666 1695 715
1666 1765 715
1666 1890 715
1674 1792 715
1675 1704 715
1684 1752 715
1688 1822 715
1695 1920 715
1702 1749 715
1708 1822 715
1710 1792 715
1711 1764 715
1714 1822 715
1723 1792 715
1765 1890 715
1765 1920 715
1821 1857 715
1821 1895 715
1838 1855 715
1851 1911 715
1861 1889 715
1861 1911 715
1890 1920 715
1426 1482 716
1426 1551 716
1428 1563 716
1429 1437 716
1429 1567 716
1431 1480 716
1431 1489 716
1431 1563 716
1443 1493 716
1443 1520 716
1452 1459 716
1452 1482 716
1459 1477 716
1480 1563 716
1489 1563 716
1501 1502 716
1551 1763 716
1558 1567 716
1560 1572 716
1560 1797 716
1560 1833 716
1572 1833 716
1604 1749 716
1613 1698 716
1613 1855 716
1625 1851 716
1625 1861 716
1648 1861 716
1648 1889 716
1665 1912 716
1666 1695 716
1666 1765 716
1674 1743 716
1674 1792 716
1688 1708 716
1688 1714 716
1695 1920 716
1696 1911 716
1698 1838 716
1698 1855 716
1698 1916 716
1702 1711 716
1702 1764 716
1704 1912 716
1708 1822 716
1710 1743 716
1710 1792 716
1711 1764 716
1723 1792 716
1757 1765 716
1765 1920 716
1772 1909 716
1821 1857 716
1838 1916 716
1851 1911 716
1861 1889 716
1428 1551 717
1431 1480 717
1431 1489 717
1431 1563 717
1480 1489 717
1480 1519 717
1480 1563 717
1489 1563 717
1493 1551 717
1501 1502 717
1551 1579 717
1552 1700 717
1558 1567 717
1560 1572 717
1563 1572 717
1572 1833 717
1604 1711 717
1604 1749 717
1613 1698 717
1613 1838 717
1613 1855 717
1613 1916 717
1625 1648 717
1625 1851 717
1625 1861 717
1648 1861 717
1648 1889 717
1665 1675 717
1665 1704 717
1665 1912 717
1666 1757 717
1666 1765 717
1666 1920 717
1674 1792 717
1675 1704 717
1688 1708 717
1697 1732 717
1697 1787 717
1698 1767 717
1698 1838 717
1698 1916 717
1702 1711 717
1702 1749 717
1708 1822 717
1710 1743 717
1710 1792 717
1720 1761 717
1732 1766 717
1757 1765 717
1761 1851 717
1761 1911 717
1767 1916 717
1772 1909 717
1802 1837 717
1838 1916 717
1851 1861 717
1851 1911 717
1861 1889 717
1426 1428 718
1429 1457 718
1431 1480 718
1431 1489 718
1443 1493 718
1443 1551 718
1452 1498 718
1459 1522 718
1471 1522 718
1480 1489 718
1501 1502 718
1552 1700 718
1558 1572 718
1560 1572 718
1604 1711 718
1604 1749 718
1604 1764 718
1613 1855 718
1625 1851 718
1625 1861 718
1648 1861 718
1648 1889 718
1665 1675 718
1665 1912 718
1684 1697 718
1688 1708 718
1695 1890 718
1696 1911 718
1697 1732 718
1697 1787 718
1698 1838 718
1698 1855 718
1700 1833 718
1702 1749 718
1708 1822 718
1710 1743 718
1710 1792 718
1743 1792 718
1749 1764 718
1757 1765 718
1757 1890 718
1765 1890 718
1765 1920 718
1767 1838 718
1780 1833 718
1821 1857 718
1838 1855 718
1851 1889 718
1861 1889 718
1426 1585 719
1431 1434 719
1431 1480 719
1431 1482 719
1431 1532 719
1434 1519 719
1434 1885 719
1437 1453 719
1443 1493 719
1452 1480 719
1471 1522 719
1480 1482 719
1489 1563 719
1489 1572 719
1501 1502 719
1528 1847 719
1552 1700 719
1558 1730 719
1560 1563 719
1560 1572 719
1563 1572 719
1604 1749 719
1613 1698 719
1613 1838 719
1613 1855 719
1625 1648 719
1625 1851 719
1625 1861 719
1648 1861 719
1648 1889 719
1665 1912 719
1666 1695 719
1666 1757 719
1666 1765 719
1666 1890 719
1674 1792 719
1684 1697 719
1684 1787 719
1695 1757 719
1696 1851 719
1698 1767 719
1698 1838 719
1710 1743 719
1732 1787 719
1757 1765 719
1757 1890 719
1765 1890 719
1802 1837 719
1821 1857 719
1851 1911 719
1861 1889 719
1426 1477 720
1428 1833 720
1431 1480 720
1431 1482 720
1431 1533 720
1434 1519 720
1443 1493 720
1477 1585 720
1480 1533 720
1480 1578 720
1482 1533 720
1489 1498 720
1489 1563 720
1501 1502 720
1528 1847 720
1552 1572 720
1552 1700 720
1558 1567 720
1558 1730 720
1558 1847 720
1560 1572 720
1560 1833 720
1572 1700 720
1613 1855 720
1613 1916 720
1648 1861 720
1648 1889 720
1665 1704 720
1665 1912 720
1674 1792 720
1684 1787 720
1698 1767 720
1698 1838 720
1708 1775 720
1710 1743 720
1730 1847 720
1732 1766 720
1732 1787 720
1743 1792 720
1757 1765 720
1757 1890 720
1765 1890 720
1767 1855 720
1780 1833 720
1851 1861 720
1851 1889 720
1851 1911 720
1861 1889 720
1889 1920 720
1431 1480 721
1431 1572 721
1431 1578 721
1434 1885 721
1459 1522 721
1480 1578 721
1489 1563 721
1501 1502 721
1528 1847 721
1532 1885 721
1533 1578 721
1552 1700 721
1558 1567 721
1560 1572 721
1560 1780 721
1572 1578 721
1604 1749 721
1613 1767 721
1613 1838 721
1613 1855 721
1628 1909 721
1648 1861 721
1648 1889 721
1665 1704 721
1665 1912 721
1666 1695 721
1666 1757 721
1666 1765 721
1666 1890 721
1674 1743 721
1674 1792 721
1684 1752 721
1695 1890 721
1698 1767 721
1698 1838 721
1702 1711 721
1702 1749 721
1708 1822 721
1710 1743 721
1710 1792 721
1722 1909 721
1723 1743 721
1757 1890 721
1767 1855 721
1772 1909 721
1802 1837 721
1821 1895 721
1851 1861 721
1857 1895 721
1861 1889 721
1889 1920 721
1428 1498 722
1429 1700 722
1431 1480 722
1431 1885 722
1434 1885 722
1437 1453 722
1477 1522 722
1480 1532 722
1489 1563 722
1501 1502 722
1551 1579 722
1552 1700 722
1558 1730 722
1560 1572 722
1604 1749 722
1613 1855 722
1613 1916 722
1625 1851 722
1648 1861 722
1648 1889 722
1665 1675 722
1665 1704 722
1665 1912 722
1666 1695 722
1666 1757 722
1666 1765 722
1666 1890 722
1674 1723 722
1675 1704 722
1695 1890 722
1698 1767 722
1698 1838 722
1698 1855 722
1702 1711 722
1702 1749 722
1708 1775 722
1710 1743 722
1710 1792 722
1723 1743 722
1749 1764 722
1757 1890 722
1761 1851 722
1767 1855 722
1780 1833 722
1821 1895 722
1838 1916 722
1851 1889 722
1851 1911 722
1857 1895 722
1861 1889 722
1889 1920 722
1890 1920 722
1428 1482 723
1431 1480 723
1434 1480 723
1437 1453 723
1482 1585 723
1489 1563 723
1489 1578 723
1501 1502 723
1552 1700 723
1558 1730 723
1560 1572 723
1579 1763 723
1625 1851 723
1625 1911 723
1628 1772 723
1648 1861 723
1648 1889 723
1665 1675 723
1665 1912 723
1666 1695 723
1666 1757 723
1666 1890 723
1666 1920 723
1674 1723 723
1675 1704 723
1688 1775 723
1698 1767 723
1698 1855 723
1702 1749 723
1708 1775 723
1708 1822 723
1710 1743 723
1711 1749 723
1723 1743 723
1743 1792 723
1757 1890 723
1766 1787 723
1767 1855 723
1772 1909 723
1780 1833 723
1815 1837 723
1821 1857 723
1821 1895 723
1838 1855 723
1838 1916 723
1851 1889 723
1851 1911 723
1861 1889 723
1890 1920 723
1431 1480 724
1453 1457 724
1457 1471 724
1489 1563 724
1493 1563 724
1500 1802 724
1551 1579 724
1552 1700 724
1558 1730 724
1560 1572 724
1604 1702 724
1604 1711 724
1625 1861 724
1625 1911 724
1648 1861 724
1648 1889 724
1665 1912 724
1674 1723 724
1675 1704 724
1684 1752 724
1684 1787 724
1695 1757 724
1695 1890 724
1695 1920 724
1696 1761 724
1696 1851 724
1696 1911 724
1698 1767 724
1702 1711 724
1710 1743 724
1710 1792 724
1761 1851 724
1767 1855 724
1772 1909 724
1780 1833 724
1815 1837 724
1821 1857 724
1821 1895 724
1838 1855 724
1851 1911 724
1890 1920 724
1429 1437 725
1431 1480 725
1482 1578 725
1489 1563 725
1552 1560 725
1552 1572 725
1552 1700 725
1560 1572 725
1560 1700 725
1572 1700 725
1572 1780 725
1604 1764 725
1625 1851 725
1648 1861 725
1648 1889 725
1665 1675 725
1665 1704 725
1665 1912 725
1666 1757 725
1666 1890 725
1673 1743 725
1674 1723 725
1684 1752 725
1684 1787 725
1695 1765 725
1697 1732 725
1697 1787 725
1698 1767 725
1698 1838 725
1698 1916 725
1702 1743 725
1702 1749 725
1714 1822 725
1723 1743 725
1732 1787 725
1757 1765 725
1757 1890 725
1761 1851 725
1765 1890 725
1772 1902 725
1821 1857 725
1821 1895 725
1838 1855 725
1851 1889 725
1851 1911 725
1857 1895 725
1861 1889 725
1861 1911 725
1426 1498 726
1429 1437 726
1429 1453 726
1431 1480 726
1434 1533 726
1434 1885 726
1477 1578 726
1480 1885 726
1482 1522 726
1482 1578 726
1489 1563 726
1528 1549 726
1528 1847 726
1532 1533 726
1532 1885 726
1552 1700 726
1560 1572 726
1560 1780 726
1572 1780 726
1578 1780 726
1604 1711 726
1613 1855 726
1625 1861 726
1628 1909 726
1648 1861 726
1648 1889 726
1665 1704 726
1665 1912 726
1666 1695 726
1666 1757 726
1666 1765 726
1666 1890 726
1674 1723 726
1675 1912 726
1695 1920 726
1696 1761 726
1696 1911 726
1698 1767 726
1698 1855 726
1702 1749 726
1702 1764 726
1708 1714 726
1711 1749 726
1714 1822 726
1722 1902 726
1743 1792 726
1757 1765 726
1757 1890 726
1757 1920 726
1767 1855 726
1772 1909 726
1780 1833 726
1821 1857 726
1821 1895 726
1838 1855 726
1838 1916 726
1857 1895 726
1861 1889 726
1890 1920 726
1429 1457 727
1431 1480 727
1431 1533 727
1434 1519 727
1437 1453 727
1457 1522 727
1489 1563 727
1528 1572 727
1528 1847 727
1532 1533 727
1533 1885 727
1551 1579 727
1551 1763 727
1558 1567 727
1560 1572 727
1560 1847 727
1572 1847 727
1578 1857 727
1578 1895 727
1604 1749 727
1613 1698 727
1613 1767 727
1613 1855 727
1625 1696 727
1625 1851 727
1625 1861 727
1628 1772 727
1648 1851 727
1648 1861 727
1648 1889 727
1665 1675 727
1665 1704 727
1665 1912 727
1666 1695 727
1666 1890 727
1666 1920 727
1673 1792 727
1675 1704 727
1675 1912 727
1684 1697 727
1695 1765 727
1695 1890 727
1695 1920 727
1698 1855 727
1704 1912 727
1708 1822 727
1714 1822 727
1757 1765 727
1757 1890 727
1761 1851 727
1761 1911 727
1765 1890 727
1767 1855 727
1772 1902 727
1772 1909 727
1780 1833 727
1821 1857 727
1821 1895 727
1838 1916 727
1851 1911 727
1855 1916 727
1857 1895 727
1431 1480 728
1431 1533 728
1443 1493 728
1453 1457 728
1480 1533 728
1482 1578 728
1489 1563 728
1500 1522 728
1528 1847 728
1539 1797 728
1551 1579 728
1551 1763 728
1552 1700 728
1558 1730 728
1560 1572 728
1604 1711 728
1604 1749 728
1625 1696 728
1625 1851 728
1625 1861 728
1625 1911 728
1628 1772 728
1628 1909 728
1648 1861 728
1648 1889 728
1665 1675 728
1665 1704 728
1665 1912 728
1666 1695 728
1666 1757 728
1666 1890 728
1673 1792 728
1674 1792 728
1675 1704 728
1675 1912 728
1695 1890 728
1695 1920 728
1698 1855 728
1698 1916 728
1714 1775 728
1720 1761 728
1752 1787 728
1761 1851 728
1761 1911 728
1765 1890 728
1767 1855 728
1767 1916 728
1772 1795 728
1772 1902 728
1772 1909 728
1780 1833 728
1795 1902 728
1821 1857 728
1821 1895 728
1851 1911 728
1855 1916 728
1857 1895 728
1861 1889 728
1902 1909 728
1429 1437 729
1429 1453 729
1429 1457 729
1431 1480 729
1431 1533 729
1437 1453 729
1443 1572 729
1480 1533 729
1482 1821 729
1482 1895 729
1489 1563 729
1500 1522 729
1501 1502 729
1558 1567 729
1558 1730 729
1560 1572 729
1567 1730 729
1625 1696 729
1625 1851 729
1625 1911 729
1628 1772 729
1665 1675 729
1665 1704 729
1665 1912 729
1666 1695 729
1666 1890 729
1673 1674 729
1674 1723 729
1675 1704 729
1684 1697 729
1684 1787 729
1688 1775 729
1695 1765 729
1695 1890 729
1696 1761 729
1696 1851 729
1697 1787 729
1698 1838 729
1698 1855 729
1698 1916 729
1702 1711 729
1704 1912 729
1708 1775 729
1714 1775 729
1743 1749 729
1757 1890 729
1761 1851 729
1765 1890 729
1765 1920 729
1767 1838 729
1780 1833 729
1821 1857 729
1821 1895 729
1838 1916 729
1851 1911 729
1857 1895 729
1861 1889 729
1428 1522 730
1434 1532 730
1452 1482 730
1471 1477 730
1489 1563 730
1501 1502 730
1539 1797 730
1549 1802 730
1551 1763 730
1558 1567 730
1558 1730 730
1560 1572 730
1560 1700 730
1563 1572 730
1567 1730 730
1613 1698 730
1613 1767 730
1613 1855 730
1613 1916 730
1628 1909 730
1648 1861 730
1648 1889 730
1665 1912 730
1673 1674 730
1673 1792 730
1675 1704 730
1675 1912 730
1684 1732 730
1695 1890 730
1696 1911 730
1698 1916 730
1704 1912 730
1708 1714 730
1708 1822 730
1708 1855 730
1714 1775 730
1714 1822 730
1722 1902 730
1732 1766 730
1732 1787 730
1743 1749 730
1761 1911 730
1767 1838 730
1775 1909 730
1780 1833 730
1821 1857 730
1821 1895 730
1838 1916 730
1851 1861 730
1851 1890 730
1857 1895 730
1861 1889 730
1426 1498 731
1437 1502 731
1439 1567 731
1439 1866 731
1443 1572 731
1452 1522 731
1457 1815 731
1480 1885 731
1500 1797 731
1503 1815 731
1532 1533 731
1539 1837 731
1551 1579 731
1551 1763 731
1558 1567 731
1560 1572 731
1604 1711 731
1613 1698 731
1613 1767 731
1613 1855 731
1613 1916 731
1625 1648 731
1625 1861 731
1625 1911 731
1628 1909 731
1648 1696 731
1648 1861 731
1648 1889 731
1665 1704 731
1665 1912 731
1673 1792 731
1674 1723 731
1684 1708 731
1684 1732 731
1695 1765 731
1695 1890 731
1695 1920 731
1697 1766 731
1697 1787 731
1698 1916 731
1704 1912 731
1708 1822 731
1710 1743 731
1714 1822 731
1732 1787 731
1743 1749 731
1780 1833 731
1821 1857 731
1821 1895 731
1838 1916 731
1857 1895 731
1861 1889 731
1861 1911 731
1431 1482 732
1439 1558 732
1439 1847 732
1452 1522 732
1452 1552 732
1459 1578 732
1471 1477 732
1477 1482 732
1489 1563 732
1500 1802 732
1501 1502 732
1502 1567 732
1502 1866 732
1503 1815 732
1532 1885 732
1539 1837 732
1551 1763 732
1558 1567 732
1558 1847 732
1560 1572 732
1567 1847 732
1613 1698 732
1613 1838 732
1613 1855 732
1613 1916 732
1628 1909 732
1648 1861 732
1648 1889 732
1665 1704 732
1665 1912 732
1674 1723 732
1675 1704 732
1684 1732 732
1698 1855 732
1698 1916 732
1710 1743 732
1714 1822 732
1743 1749 732
1780 1833 732
1821 1857 732
1821 1895 732
1838 1916 732
1851 1889 732
1857 1895 732
1861 1889 732
1426 1498 733
1429 1563 733
1431 1480 733
1434 1578 733
1452 1522 733
1452 1780 733
1482 1885 733
1489 1563 733
1493 1552 733
1500 1797 733
1501 1847 733
1532 1885 733
1533 1885 733
1558 1567 733
1558 1847 733
1560 1572 733
1567 1847 733
1604 1711 733
1604 1749 733
1625 1851 733
1648 1696 733
1648 1851 733
1648 1861 733
1648 1889 733
1665 1704 733
1665 1912 733
1666 1695 733
1666 1765 733
1666 1890 733
1673 1674 733
1684 1752 733
1688 1714 733
1688 1775 733
1688 1822 733
1695 1890 733
1696 1761 733
1696 1911 733
1697 1752 733
1697 1766 733
1697 1787 733
1698 1855 733
1702 1711 733
1704 1912 733
1708 1822 733
1710 1743 733
1710 1792 733
1714 1775 733
1743 1792 733
1752 1766 733
1757 1890 733
1761 1911 733
1765 1920 733
1767 1838 733
1767 1855 733
1780 1833 733
1821 1857 733
1821 1895 733
1838 1916 733
1851 1889 733
1857 1895 733
1861 1889 733
1890 1920 733
1426 1429 734
1426 1585 734
1428 1498 734
1431 1480 734
1437 1457 734
1439 1866 734
1453 1502 734
1471 1578 734
1471 1780 734
1482 1578 734
1489 1563 734
1522 1578 734
1533 1885 734
1551 1579 734
1552 1700 734
1558 1567 734
1560 1572 734
1604 1711 734
1604 1749 734
1613 1916 734
1625 1648 734
1625 1761 734
1648 1889 734
1665 1704 734
1665 1912 734
1666 1695 734
1666 1890 734
1673 1674 734
1673 1722 734
1674 1722 734
1674 1902 734
1695 1757 734
1695 1920 734
1696 1911 734
1698 1855 734
1698 1916 734
1702 1711 734
1708 1775 734
1710 1792 734
1714 1822 734
1720 1761 734
1743 1792 734
1757 1890 734
1761 1911 734
1767 1916 734
1775 1822 734
1821 1857 734
1821 1895 734
1838 1916 734
1857 1895 734
1428 1498 735
1431 1480 735
1437 1453 735
1439 1866 735
1443 1493 735
1452 1471 735
1452 1477 735
1471 1477 735
1477 1572 735
1477 1578 735
1489 1857 735
1532 1885 735
1533 1885 735
1552 1700 735
1558 1567 735
1558 1705 735
1560 1572 735
1604 1711 735
1613 1698 735
1613 1916 735
1628 1795 735
1628 1909 735
1648 1889 735
1666 1695 735
1666 1757 735
1666 1920 735
1675 1704 735
1684 1732 735
1688 1708 735
1688 1714 735
1698 1767 735
1698 1916 735
1702 1711 735
1702 1749 735
1708 1775 735
1714 1775 735
1743 1792 735
1757 1890 735
1757 1920 735
1767 1916 735
1821 1835 735
1821 1857 735
1821 1895 735
1851 1861 735
1851 1889 735
1857 1895 735
1861 1889 735
1890 1920 735
1426 1498 736
1429 1453 736
1431 1480 736
1437 1453 736
1471 1482 736
1471 1578 736
1480 1885 736
1482 1578 736
1533 1780 736
1533 1885 736
1539 1837 736
1551 1579 736
1551 1763 736
1558 1567 736
1558 1705 736
1558 1847 736
1560 1572 736
1567 1847 736
1579 1763 736
1604 1711 736
1613 1698 736
1613 1767 736
1613 1855 736
1613 1916 736
1628 1909 736
1648 1851 736
1648 1889 736
1666 1695 736
1666 1757 736
1666 1765 736
1666 1920 736
1673 1722 736
1674 1723 736
1674 1792 736
1675 1912 736
1684 1732 736
1688 1708 736
1688 1714 736
1688 1775 736
1688 1822 736
1695 1920 736
1698 1838 736
1698 1855 736
1698 1916 736
1708 1775 736
1710 1792 736
1711 1764 736
1732 1766 736
1743 1792 736
1749 1764 736
1757 1765 736
1761 1911 736
1763 1885 736
1765 1920 736
1767 1855 736
1780 1833 736
1835 1857 736
1838 1855 736
1851 1861 736
1429 1453 737
1431 1480 737
1443 1493 737
1453 1457 737
1459 1477 737
1459 1482 737
1471 1482 737
1477 1522 737
1482 1522 737
1482 1578 737
1489 1563 737
1501 1502 737
1551 1763 737
1552 1700 737
1558 1847 737
1560 1572 737
1604 1711 737
1613 1855 737
1613 1916 737
1665 1912 737
1666 1695 737
1666 1890 737
1666 1920 737
1673 1722 737
1684 1787 737
1688 1708 737
1688 1714 737
1695 1890 737
1695 1920 737
1696 1911 737
1697 1787 737
1698 1767 737
1698 1838 737
1698 1855 737
1698 1916 737
1702 1711 737
1708 1714 737
1708 1822 737
1743 1792 737
1761 1911 737
1765 1920 737
1767 1916 737
1802 1837 737
1835 1895 737
1851 1861 737
1851 1889 737
1861 1889 737
1890 1920 737
1431 1480 738
1434 1533 738
1443 1493 738
1489 1563 738
1501 1502 738
1528 1705 738
1532 1533 738
1533 1885 738
1552 1700 738
1558 1847 738
1560 1572 738
1604 1711 738
1604 1749 738
1648 1889 738
1666 1695 738
1666 1920 738
1673 1722 738
1673 1792 738
1688 1775 738
1695 1920 738
1696 1761 738
1697 1766 738
1698 1767 738
1698 1838 738
1702 1711 738
1708 1822 738
1711 1749 738
1761 1911 738
1767 1838 738
1767 1916 738
1838 1855 738
1851 1861 738
1857 1895 738
1429 1437 739
1443 1493 739
1489 1563 739
1498 1558 739
1498 1567 739
1498 1847 739
1500 1549 739
1501 1502 739
1503 1815 739
1519 1532 739
1519 1533 739
1549 1802 739
1551 1763 739
1552 1700 739
1558 1567 739
1558 1847 739
1560 1572 739
1567 1847 739
1585 1780 739
1604 1702 739
1604 1749 739
1628 1909 739
1648 1889 739
1665 1704 739
1666 1695 739
1666 1920 739
1673 1722 739
1674 1743 739
1695 1890 739
1695 1920 739
1697 1766 739
1697 1787 739
1698 1838 739
1702 1711 739
1702 1749 739
1708 1775 739
1708 1822 739
1711 1765 739
1752 1766 739
1761 1911 739
1766 1787 739
1767 1838 739
1767 1855 739
1780 1833 739
1795 1902 739
1821 1835 739
1821 1895 739
1835 1895 739
1851 1861 739
1890 1920 739
1431 1480 740
1437 1457 740
1452 1471 740
1452 1578 740
1457 1471 740
1471 1578 740
1480 1533 740
1482 1558 740
1482 1572 740
1482 1847 740
1489 1563 740
1500 1815 740
1500 1837 740
1501 1502 740
1533 1885 740
1551 1763 740
1552 1700 740
1558 1847 740
1560 1572 740
1585 1780 740
1585 1833 740
1613 1855 740
1648 1851 740
1665 1704 740
1666 1695 740
1666 1890 740
1666 1920 740
1673 1674 740
1674 1722 740
1674 1792 740
1675 1838 740
1695 1890 740
1698 1767 740
1698 1838 740
1702 1743 740
1702 1749 740
1708 1822 740
1743 1749 740
1761 1911 740
1767 1855 740
1802 1837 740
1821 1835 740
1821 1857 740
1821 1895 740
1838 1855 740
1851 1861 740
1857 1895 740
1861 1889 740
1890 1920 740
1902 1909 740
1431 1480 741
1452 1522 741
1452 1578 741
1482 1558 741
1489 1560 741
1489 1563 741
1498 1572 741
1501 1502 741
1502 1560 741
1503 1815 741
1522 1578 741
1532 1533 741
1551 1763 741
1552 1700 741
1558 1567 741
1558 1572 741
1560 1572 741
1585 1780 741
1604 1749 741
1613 1855 741
1625 1911 741
1628 1909 741
1673 1674 741
1673 1722 741
1674 1722 741
1695 1920 741
1697 1752 741
1698 1855 741
1698 1916 741
1702 1711 741
1708 1822 741
1730 1847 741
1730 1866 741
1743 1749 741
1743 1792 741
1752 1766 741
1757 1765 741
1761 1911 741
1767 1838 741
1797 1837 741
1821 1857 741
1821 1895 741
1857 1895 741
1861 1889 741
1429 1437 742
1431 1480 742
1434 1532 742
1434 1821 742
1434 1857 742
1434 1895 742
1439 1730 742
1439 1847 742
1439 1866 742
1443 1493 742
1453 1457 742
1489 1563 742
1501 1502 742
1532 1821 742
1532 1857 742
1532 1895 742
1539 1802 742
1551 1763 742
1552 1700 742
1558 1567 742
1560 1572 742
1579 1763 742
1613 1855 742
1625 1851 742
1625 1911 742
1628 1909 742
1648 1889 742
1666 1920 742
1673 1674 742
1674 1722 742
1674 1792 742
1675 1704 742
1688 1714 742
1695 1889 742
1695 1890 742
1695 1920 742
1697 1752 742
1697 1766 742
1698 1767 742
1698 1855 742
1702 1711 742
1702 1749 742
1704 1912 742
1708 1822 742
1710 1743 742
1711 1749 742
1714 1775 742
1714 1822 742
1720 1761 742
1730 1847 742
1732 1916 742
1749 1764 742
1757 1920 742
1761 1911 742
1767 1855 742
1797 1837 742
1802 1837 742
1821 1857 742
1851 1861 742
1851 1889 742
1851 1911 742
1857 1895 742
1861 1889 742
1890 1920 742
1431 1480 743
1434 1532 743
1434 1821 743
1434 1857 743
1434 1895 743
1459 1482 743
1477 1482 743
1477 1498 743
1477 1522 743
1482 1498 743
1489 1563 743
1500 1802 743
1500 1837 743
1501 1502 743
1532 1821 743
1532 1857 743
1532 1895 743
1552 1558 743
1552 1567 743
1552 1700 743
1558 1567 743
1558 1700 743
1567 1700 743
1613 1698 743
1613 1916 743
1625 1911 743
1628 1902 743
1628 1909 743
1648 1757 743
1665 1675 743
1665 1704 743
1665 1912 743
1666 1920 743
1673 1674 743
1674 1723 743
1675 1704 743
1675 1912 743
1684 1697 743
1688 1714 743
1688 1822 743
1695 1920 743
1697 1752 743
1697 1766 743
1698 1767 743
1698 1855 743
1698 1916 743
1702 1749 743
1704 1912 743
1708 1822 743
1710 1743 743
1714 1822 743
1749 1792 743
1752 1766 743
1752 1787 743
1761 1911 743
1767 1855 743
1767 1916 743
1821 1857 743
1821 1895 743
1851 1911 743
1857 1895 743
1861 1889 743
1428 1477 744
1431 1480 744
1434 1532 744
1434 1821 744
1434 1857 744
1434 1895 744
1437 1503 744
1453 1457 744
1457 1578 744
1489 1522 744
1498 1522 744
1500 1802 744
1519 1885 744
1532 1821 744
1532 1857 744
1532 1895 744
1551 1579 744
1552 1700 744
1560 1572 744
1579 1763 744
1585 1780 744
1613 1698 744
1613 1767 744
1613 1855 744
1613 1916 744
1625 1851 744
1628 1909 744
1648 1696 744
1665 1912 744
1675 1775 744
1684 1697 744
1695 1890 744
1698 1855 744
1698 1916 744
1702 1749 744
1708 1714 744
1708 1822 744
1714 1822 744
1722 1795 744
1743 1749 744
1743 1792 744
1749 1792 744
1752 1766 744
1752 1787 744
1761 1911 744
1780 1833 744
1821 1857 744
1821 1895 744
1851 1861 744
1851 1911 744
1855 1916 744
1857 1895 744
1890 1920 744
1426 1780 745
1428 1452 745
1428 1477 745
1428 1578 745
1431 1480 745
1434 1532 745
1434 1821 745
1434 1857 745
1437 1453 745
1437 1457 745
1443 1551 745
1477 1482 745
1482 1498 745
1489 1563 745
1500 1797 745
1501 1502 745
1519 1885 745
1532 1821 745
1532 1857 745
1533 1885 745
1551 1579 745
1552 1700 745
1558 1585 745
1558 1780 745
1560 1572 745
1585 1780 745
1613 1698 745
1613 1767 745
1613 1855 745
1613 1916 745
1625 1861 745
1628 1722 745
1628 1902 745
1628 1909 745
1665 1912 745
1666 1743 745
1666 1757 745
1666 1920 745
1684 1697 745
1695 1757 745
1695 1890 745
1696 1851 745
1697 1766 745
1698 1855 745
1698 1916 745
1700 1837 745
1702 1711 745
1708 1714 745
1708 1775 745
1708 1822 745
1714 1775 745
1714 1822 745
1722 1902 745
1723 1792 745
1743 1749 745
1743 1792 745
1749 1792 745
1752 1766 745
1757 1890 745
1764 1765 745
1780 1833 745
1795 1909 745
1821 1857 745
1821 1895 745
1861 1889 745
1890 1920 745
1426 1558 746
1426 1780 746
1428 1471 746
1431 1480 746
1434 1532 746
1434 1821 746
1434 1857 746
1434 1895 746
1443 1493 746
1443 1700 746
1457 1500 746
1459 1471 746
1500 1837 746
1501 1502 746
1519 1533 746
1532 1857 746
1532 1895 746
1533 1885 746
1551 1579 746
1552 1560 746
1558 1567 746
1558 1780 746
1560 1572 746
1567 1780 746
1572 1885 746
1613 1698 746
1613 1855 746
1625 1648 746
1625 1761 746
1628 1722 746
1628 1795 746
1628 1902 746
1628 1909 746
1648 1861 746
1648 1889 746
1673 1674 746
1695 1890 746
1697 1732 746
1697 1766 746
1702 1711 746
1711 1765 746
1722 1795 746
1722 1902 746
1723 1792 746
1743 1749 746
1752 1787 746
1757 1890 746
1757 1920 746
1767 1855 746
1767 1916 746
1821 1857 746
1821 1895 746
1857 1895 746
1861 1889 746
1861 1911 746
1890 1920 746
1429 1837 747
1434 1532 747
1434 1821 747
1434 1857 747
1434 1895 747
1500 1837 747
1503 1815 747
1522 1578 747
1532 1821 747
1532 1857 747
1532 1895 747
1551 1579 747
1552 1560 747
1552 1700 747
1558 1567 747
1558 1780 747
1558 1833 747
1560 1572 747
1560 1700 747
1567 1780 747
1572 1700 747
1613 1855 747
1613 1916 747
1625 1861 747
1625 1889 747
1628 1722 747
1628 1795 747
1648 1861 747
1648 1889 747
1666 1757 747
1666 1890 747
1666 1920 747
1675 1704 747
1675 1912 747
1688 1722 747
1695 1757 747
1695 1890 747
1697 1752 747
1697 1787 747
1702 1711 747
1702 1743 747
1702 1749 747
1704 1912 747
1711 1765 747
1722 1795 747
1722 1902 747
1743 1749 747
1752 1787 747
1757 1920 747
1761 1911 747
1780 1833 747
1787 1912 747
1821 1857 747
1821 1895 747
1857 1895 747
1861 1889 747
1890 1920 747
1428 1471 748
1431 1480 748
1437 1453 748
1437 1457 748
1437 1579 748
1453 1457 748
1500 1802 748
1500 1837 748
1501 1502 748
1503 1815 748
1532 1821 748
1532 1857 748
1532 1895 748
1539 1802 748
1552 1700 748
1560 1572 748
1567 1780 748
1567 1833 748
1572 1700 748
1613 1698 748
1613 1855 748
1625 1861 748
1628 1795 748
1648 1861 748
1648 1889 748
1666 1695 748
1666 1757 748
1666 1765 748
1666 1890 748
1673 1674 748
1673 1792 748
1674 1723 748
1674 1792 748
1695 1890 748
1697 1722 748
1697 1752 748
1697 1766 748
1702 1711 748
1702 1749 748
1714 1775 748
1752 1787 748
1752 1912 748
1757 1920 748
1765 1890 748
1821 1857 748
1861 1889 748
1890 1920 748
1429 1453 749
1434 1533 749
1434 1885 749
1437 1837 749
1477 1522 749
1482 1552 749
1482 1558 749
1482 1780 749
1489 1563 749
1500 1802 749
1500 1837 749
1501 1502 749
1519 1533 749
1532 1821 749
1532 1857 749
1532 1895 749
1533 1885 749
1552 1700 749
1558 1567 749
1558 1780 749
1560 1572 749
1567 1780 749
1613 1698 749
1613 1767 749
1613 1855 749
1625 1861 749
1648 1861 749
1648 1889 749
1666 1695 749
1673 1792 749
1674 1792 749
1688 1775 749
1696 1761 749
1697 1766 749
1702 1749 749
1708 1822 749
1714 1775 749
1714 1822 749
1722 1795 749
1722 1902 749
1752 1912 749
1757 1890 749
1766 1787 749
1767 1838 749
1780 1833 749
1795 1902 749
1802 1837 749
1821 1857 749
1821 1895 749
1857 1895 749
1902 1909 749
1429 1437 750
1429 1457 750
1431 1480 750
1453 1457 750
1459 1471 750
1477 1522 750
1480 1482 750
1482 1552 750
1482 1558 750
1482 1885 750
1489 1563 750
1500 1837 750
1501 1502 750
1519 1533 750
1532 1821 750
1532 1857 750
1532 1895 750
1533 1885 750
1552 1567 750
1552 1700 750
1558 1567 750
1558 1780 750
1558 1833 750
1567 1700 750
1567 1780 750
1613 1698 750
1613 1767 750
1648 1861 750
1648 1889 750
1665 1912 750
1666 1695 750
1674 1722 750
1675 1704 750
1697 1752 750
1697 1766 750
1702 1711 750
1702 1749 750
1702 1920 750
1708 1822 750
1714 1822 750
1722 1795 750
1757 1890 750
1767 1838 750
1780 1833 750
1795 1902 750
1797 1802 750
1821 1857 750
1821 1895 750
1857 1895 750
1902 1909 750
1429 1453 751
1429 1457 751
1431 1480 751
1434 1533 751
1443 1493 751
1457 1522 751
1457 1563 751
1459 1471 751
1459 1477 751
1471 1522 751
1482 1558 751
1482 1833 751
1489 1563 751
1500 1837 751
1532 1821 751
1532 1857 751
1532 1895 751
1549 1837 751
1551 1700 751
1552 1567 751
1552 1700 751
1558 1567 751
1558 1780 751
1558 1833 751
1560 1572 751
1567 1833 751
1613 1698 751
1625 1861 751
1666 1757 751
1666 1920 751
1674 1743 751
1697 1766 751
1702 1749 751
1708 1775 751
1710 1743 751
1714 1822 751
1743 1792 751
1757 1765 751
1765 1890 751
1802 1837 751
1821 1857 751
1821 1895 751
1857 1895 751
1861 1889 751
1434 1519 752
1434 1533 752
1439 1705 752
1443 1493 752
1459 1471 752
1459 1477 752
1459 1522 752
1459 1578 752
1480 1533 752
1532 1821 752
1532 1857 752
1532 1895 752
1552 1700 752
1558 1833 752
1560 1572 752
1567 1780 752
1613 1855 752
1665 1912 752
1666 1757 752
1666 1765 752
1674 1792 752
1675 1912 752
1684 1732 752
1702 1711 752
1702 1920 752
1732 1787 752
1743 1792 752
1749 1764 752
1757 1890 752
1761 1911 752
1765 1890 752
1765 1920 752
1767 1838 752
1797 1802 752
1821 1857 752
1821 1895 752
1851 1861 752
1857 1895 752
1861 1889 752
1902 1909 752
1426 1502 753
1429 1457 753
1429 1563 753
1431 1480 753
1437 1489 753
1437 1563 753
1439 1528 753
1439 1705 753
1457 1563 753
1471 1522 753
1482 1520 753
1489 1563 753
1500 1837 753
1528 1705 753
1528 1866 753
1532 1857 753
1549 1837 753
1552 1700 753
1567 1780 753
1604 1764 753
1613 1916 753
1665 1912 753
1666 1757 753
1666 1920 753
1688 1708 753
1688 1775 753
1702 1711 753
1702 1792 753
1705 1730 753
1705 1866 753
1708 1822 753
1720 1761 753
1732 1752 753
1732 1787 753
1743 1792 753
1749 1764 753
1757 1890 753
1765 1890 753
1821 1835 753
1821 1895 753
1857 1885 753
1902 1909 753
1429 1437 754
1429 1453 754
1429 1572 754
1434 1532 754
1434 1533 754
1434 1857 754
1437 1453 754
1437 1457 754
1439 1558 754
1439 1700 754
1457 1563 754
1459 1567 754
1477 1567 754
1489 1563 754
1500 1539 754
1501 1502 754
1532 1533 754
1532 1857 754
1551 1579 754
1551 1763 754
1552 1700 754
1552 1833 754
1560 1563 754
1560 1572 754
1613 1698 754
1613 1855 754
1625 1889 754
1666 1702 754
1666 1890 754
1666 1920 754
1688 1708 754
1688 1775 754
1702 1711 754
1702 1792 754
1704 1912 754
1720 1761 754
1722 1902 754
1743 1792 754
1761 1911 754
1767 1838 754
1821 1895 754
1851 1861 754
1902 1909 754
1429 1437 755
1429 1457 755
1434 1532 755
1434 1857 755
1437 1453 755
1437 1457 755
1439 1558 755
1452 1503 755
1459 1567 755
1477 1567 755
1480 1533 755
1482 1493 755
1489 1563 755
1501 1502 755
1532 1857 755
1551 1579 755
1551 1763 755
1552 1700 755
1558 1780 755
1558 1847 755
1560 1572 755
1567 1578 755
1579 1763 755
1613 1698 755
1625 1851 755
1625 1861 755
1625 1911 755
1666 1920 755
1684 1766 755
1684 1787 755
1698 1912 755
1704 1912 755
1705 1866 755
1743 1792 755
1752 1766 755
1761 1911 755
1766 1787 755
1767 1838 755
1780 1833 755
1797 1802 755
1821 1895 755
1861 1889 755
1902 1909 755
1428 1452 756
1428 1579 756
1429 1437 756
1429 1453 756
1429 1457 756
1431 1480 756
1434 1533 756
1434 1857 756
1437 1453 756
1437 1457 756
1439 1847 756
1453 1457 756
1482 1493 756
1482 1802 756
1489 1563 756
1500 1837 756
1501 1502 756
1519 1885 756
1522 1567 756
1528 1705 756
1528 1866 756
1532 1533 756
1532 1857 756
1532 1885 756
1533 1885 756
1551 1579 756
1551 1763 756
1552 1700 756
1558 1780 756
1558 1847 756
1579 1763 756
1613 1698 756
1613 1838 756
1613 1855 756
1625 1720 756
1625 1911 756
1648 1861 756
1648 1889 756
1666 1695 756
1684 1787 756
1695 1920 756
1696 1761 756
1696 1911 756
1702 1711 756
1705 1866 756
1720 1761 756
1757 1765 756
1765 1890 756
1765 1920 756
1780 1847 756
1821 1895 756
1838 1916 756
1857 1885 756
1861 1889 756
1431 1480 757
1434 1857 757
1437 1453 757
1439 1780 757
1453 1457 757
1489 1563 757
1500 1797 757
1501 1502 757
1528 1705 757
1528 1847 757
1528 1866 757
1532 1821 757
1551 1579 757
1552 1700 757
1560 1572 757
1613 1698 757
1613 1767 757
1613 1855 757
1625 1861 757
1648 1851 757
1648 1861 757
1648 1889 757
1675 1912 757
1684 1787 757
1688 1708 757
1696 1889 757
1696 1911 757
1698 1855 757
1698 1912 757
1702 1711 757
1705 1847 757
1705 1866 757
1708 1822 757
1757 1890 757
1757 1920 757
1797 1802 757
1815 1837 757
1821 1895 757
1838 1916 757
1847 1866 757
1861 1889 757
1428 1567 758
1429 1453 758
1434 1532 758
1434 1857 758
1437 1563 758
1443 1493 758
1453 1457 758
1457 1578 758
1459 1532 758
1477 1700 758
1482 1572 758
1482 1700 758
1500 1797 758
1500 1837 758
1519 1730 758
1533 1730 758
1533 1885 758
1539 1837 758
1551 1579 758
1552 1700 758
1560 1572 758
1613 1698 758
1613 1855 758
1625 1861 758
1628 1722 758
1628 1889 758
1628 1902 758
1648 1861 758
1648 1889 758
1673 1674 758
1673 1722 758
1674 1743 758
1688 1708 758
1696 1761 758
1700 1730 758
1710 1743 758
1722 1902 758
1761 1851 758
1765 1890 758
1767 1838 758
1802 1837 758
1821 1857 758
1821 1895 758
1847 1866 758
1857 1895 758
1861 1889 758
1890 1920 758
1902 1909 758
1426 1520 759
1426 1563 759
1429 1489 759
1429 1522 759
1431 1480 759
1434 1532 759
1434 1578 759
1437 1563 759
1443 1493 759
1453 1457 759
1453 1480 759
1457 1532 759
1457 1578 759
1459 1482 759
1480 1885 759
1482 1532 759
1500 1797 759
1528 1847 759
1528 1866 759
1551 1579 759
1552 1572 759
1552 1700 759
1560 1572 759
1567 1833 759
1578 1885 759
1613 1698 759
1613 1855 759
1625 1648 759
1648 1861 759
1648 1889 759
1673 1674 759
1674 1743 759
1674 1792 759
1684 1697 759
1695 1890 759
1696 1761 759
1702 1711 759
1702 1749 759
1710 1743 759
1720 1761 759
1761 1911 759
1797 1802 759
1802 1837 759
1821 1857 759
1821 1895 759
1847 1866 759
1851 1861 759
1857 1895 759
1861 1889 759
1902 1909 759
1426 1437 760
1429 1453 760
1429 1457 760
1429 1489 760
1434 1885 760
1437 1563 760
1439 1459 760
1443 1493 760
1452 1471 760
1453 1457 760
1453 1489 760
1457 1489 760
1459 1482 760
1477 1821 760
1477 1895 760
1500 1837 760
1519 1730 760
1522 1780 760
1532 1821 760
1532 1857 760
1532 1895 760
1533 1885 760
1551 1579 760
1552 1700 760
1558 1567 760
1558 1780 760
1558 1833 760
1560 1572 760
1567 1780 760
1567 1833 760
1578 1885 760
1613 1767 760
1613 1855 760
1625 1648 760
1625 1851 760
1625 1861 760
1628 1902 760
1648 1861 760
1665 1675 760
1666 1765 760
1666 1890 760
1666 1920 760
1684 1697 760
1695 1765 760
1695 1890 760
1696 1761 760
1696 1911 760
1700 1835 760
1702 1711 760
1710 1743 760
1720 1851 760
1730 1857 760
1732 1766 760
1743 1792 760
1761 1851 760
1761 1911 760
1802 1837 760
1821 1857 760
1821 1895 760
1851 1911 760
1857 1895 760
1890 1920 760
1429 1453 761
1429 1457 761
1429 1489 761
1434 1885 761
1437 1563 761
1443 1493 761
1457 1489 761
1459 1477 761
1459 1482 761
1459 1578 761
1471 1520 761
1482 1522 761
1482 1578 761
1500 1837 761
1519 1533 761
1532 1821 761
1532 1895 761
1552 1700 761
1552 1833 761
1558 1780 761
1558 1833 761
1560 1572 761
1613 1855 761
1625 1851 761
1625 1861 761
1628 1902 761
1648 1851 761
1648 1861 761
1648 1889 761
1665 1912 761
1666 1757 761
1666 1765 761
1666 1890 761
1673 1792 761
1684 1697 761
1684 1787 761
1695 1890 761
1696 1761 761
1702 1711 761
1708 1714 761
1708 1822 761
1710 1743 761
1720 1761 761
1761 1851 761
1761 1911 761
1775 1822 761
1821 1857 761
1821 1895 761
1851 1911 761
1857 1895 761
1902 1909 761
1429 1453 762
1429 1489 762
1431 1480 762
1439 1705 762
1452 1522 762
1489 1563 762
1552 1567 762
1552 1700 762
1558 1780 762
1558 1833 762
1560 1572 762
1567 1578 762
1567 1700 762
1613 1855 762
1625 1889 762
1648 1851 762
1648 1861 762
1648 1889 762
1665 1912 762
1666 1765 762
1666 1890 762
1684 1697 762
1684 1787 762
1695 1890 762
1696 1761 762
1702 1711 762
1702 1749 762
1722 1902 762
1723 1792 762
1802 1837 762
1821 1857 762
1821 1895 762
1851 1911 762
1857 1895 762
1902 1909 762
1426 1428 763
1429 1457 763
1431 1480 763
1439 1705 763
1439 1847 763
1439 1866 763
1443 1493 763
1452 1471 763
1489 1563 763
1503 1815 763
1528 1866 763
1532 1857 763
1532 1885 763
1552 1700 763
1558 1700 763
1558 1833 763
1560 1572 763
1563 1700 763
1572 1895 763
1579 1763 763
1604 1702 763
1613 1767 763
1613 1855 763
1613 1916 763
1628 1674 763
1628 1902 763
1665 1704 763
1665 1912 763
1666 1890 763
1666 1920 763
1673 1743 763
1688 1902 763
1695 1757 763
1695 1890 763
1696 1761 763
1698 1916 763
1702 1711 763
1702 1749 763
1704 1912 763
1710 1792 763
1711 1749 763
1720 1761 763
1743 1792 763
1761 1889 763
1797 1802 763
1797 1837 763
1802 1837 763
1890 1920 763
1902 1909 763
1429 1437 764
1429 1453 764
1429 1457 764
1431 1480 764
1437 1453 764
1437 1457 764
1439 1705 764
1439 1847 764
1443 1493 764
1452 1522 764
1453 1457 764
1477 1895 764
1489 1563 764
1500 1797 764
1500 1802 764
1500 1837 764
1528 1866 764
1533 1578 764
1533 1895 764
1552 1700 764
1560 1572 764
1613 1767 764
1625 1648 764
1628 1902 764
1648 1851 764
1648 1861 764
1648 1889 764
1665 1912 764
1666 1757 764
1666 1765 764
1666 1920 764
1673 1743 764
1684 1697 764
1684 1752 764
1684 1787 764
1688 1708 764
1695 1757 764
1696 1761 764
1696 1911 764
1710 1792 764
1722 1902 764
1732 1787 764
1743 1792 764
1757 1765 764
1757 1920 764
1761 1889 764
1797 1802 764
1797 1837 764
1861 1889 764
1902 1909 764
1426 1428 765
1428 1471 765
1429 1437 765
1429 1453 765
1429 1457 765
1431 1480 765
1434 1821 765
1437 1453 765
1437 1457 765
1453 1457 765
1459 1471 765
1459 1482 765
1459 1578 765
1471 1482 765
1482 1522 765
1489 1563 765
1500 1837 765
1503 1815 765
1503 1821 765
1533 1857 765
1533 1895 765
1551 1579 765
1551 1763 765
1552 1700 765
1560 1572 765
1613 1767 765
1625 1648 765
1625 1851 765
1625 1889 765
1628 1902 765
1628 1909 765
1648 1851 765
1648 1861 765
1665 1912 765
1666 1757 765
1666 1920 765
1673 1743 765
1688 1708 765
1688 1775 765
1696 1761 765
1696 1911 765
1700 1815 765
1702 1764 765
1710 1792 765
1722 1902 765
1723 1792 765
1743 1792 765
1749 1764 765
1757 1890 765
1757 1920 765
1761 1911 765
1780 1833 765
1851 1889 765
1851 1911 765
1890 1920 765
1426 1428 766
1429 1437 766
1429 1453 766
1431 1480 766
1431 1533 766
1434 1815 766
1437 1453 766
1452 1471 766
1453 1457 766
1459 1522 766
1471 1522 766
1477 1522 766
1482 1522 766
1489 1563 766
1500 1802 766
1500 1837 766
1503 1815 766
1503 1821 766
1533 1857 766
1552 1700 766
1560 1572 766
1572 1797 766
1579 1763 766
1613 1767 766
1613 1838 766
1625 1851 766
1625 1889 766
1628 1909 766
1665 1912 766
1666 1920 766
1673 1743 766
1684 1732 766
1688 1708 766
1688 1775 766
1696 1761 766
1696 1851 766
1696 1911 766
1697 1752 766
1698 1767 766
1700 1835 766
1743 1792 766
1752 1766 766
1757 1890 766
1757 1920 766
1761 1911 766
1765 1920 766
1797 1802 766
1802 1837 766
1815 1821 766
1851 1911 766
1429 1437 767
1429 1453 767
1429 1457 767
1431 1480 767
1431 1895 767
1434 1533 767
1434 1885 767
1434 1895 767
1437 1453 767
1437 1457 767
1439 1705 767
1439 1866 767
1453 1457 767
1459 1482 767
1477 1482 767
1477 1522 767
1480 1895 767
1489 1563 767
1500 1802 767
1503 1815 767
1503 1821 767
1533 1857 767
1551 1579 767
1551 1763 767
1552 1567 767
1552 1700 767
1560 1572 767
1567 1700 767
1613 1767 767
1625 1648 767
1625 1851 767
1625 1889 767
1628 1722 767
1628 1902 767
1628 1909 767
1648 1696 767
1648 1851 767
1666 1920 767
1673 1723 767
1684 1752 767
1684 1787 767
1688 1708 767
1688 1714 767
1688 1775 767
1695 1920 767
1696 1911 767
1698 1767 767
1710 1792 767
1757 1920 767
1797 1802 767
1815 1821 767
1851 1911 767
1885 1895 767
1890 1920 767
1429 1453 768
1429 1457 768
1431 1480 768
1434 1519 768
1434 1533 768
1434 1885 768
1434 1895 768
1437 1453 768
1437 1457 768
1439 1705 768
1439 1847 768
1453 1457 768
1459 1578 768
1471 1522 768
1477 1482 768
1477 1522 768
1482 1522 768
1489 1560 768
1489 1563 768
1500 1797 768
1500 1802 768
1500 1837 768
1503 1815 768
1503 1821 768
1533 1857 768
1560 1572 768
1613 1698 768
1625 1911 768
1628 1902 768
1648 1861 768
1648 1889 768
1665 1912 768
1666 1757 768
1666 1920 768
1673 1743 768
1673 1792 768
1674 1723 768
1684 1752 768
1688 1714 768
1688 1775 768
1688 1902 768
1696 1761 768
1696 1911 768
1702 1711 768
1702 1749 768
1702 1764 768
1708 1822 768
1723 1792 768
1743 1792 768
1757 1920 768
1761 1851 768
1766 1787 768
1802 1837 768
1815 1821 768
1838 1916 768
1847 1866 768
1851 1911 768
1885 1895 768
1889 1911 768
1429 1437 769
1429 1457 769
1431 1480 769
1434 1857 769
1434 1895 769
1437 1453 769
1437 1457 769
1453 1457 769
1459 1578 769
1471 1522 769
1477 1482 769
1477 1522 769
1482 1522 769
1489 1563 769
1500 1802 769
1500 1837 769
1503 1815 769
1503 1821 769
1519 1885 769
1528 1705 769
1533 1885 769
1567 1780 769
1613 1855 769
1625 1851 769
1628 1902 769
1648 1861 769
1648 1889 769
1665 1912 769
1666 1695 769
1666 1757 769
1666 1920 769
1673 1792 769
1674 1723 769
1695 1920 769
1696 1761 769
1696 1911 769
1698 1767 769
1700 1780 769
1702 1711 769
1702 1749 769
1702 1764 769
1708 1822 769
1722 1902 769
1723 1792 769
1732 1766 769
1743 1792 769
1757 1920 769
1761 1851 769
1766 1787 769
1797 1857 769
1815 1821 769
1851 1911 769
1857 1895 769
1429 1437 770
1429 1457 770
1429 1563 770
1431 1480 770
1434 1857 770
1434 1895 770
1437 1457 770
1457 1563 770
1459 1477 770
1489 1563 770
1500 1802 770
1503 1815 770
1503 1821 770
1519 1533 770
1528 1705 770
1533 1885 770
1552 1700 770
1552 1833 770
1558 1833 770
1560 1572 770
1572 1730 770
1625 1851 770
1648 1889 770
1665 1912 770
1666 1757 770
1666 1920 770
1673 1674 770
1673 1710 770
1674 1723 770
1684 1732 770
1684 1787 770
1688 1714 770
1695 1757 770
1698 1767 770
1698 1838 770
1698 1916 770
1700 1833 770
1702 1749 770
1708 1822 770
1722 1902 770
1723 1792 770
1732 1766 770
1743 1792 770
1757 1920 770
1761 1851 770
1802 1837 770
1815 1821 770
1838 1916 770
1851 1911 770
1857 1895 770
1429 1437 771
1429 1457 771
1431 1480 771
1434 1821 771
1434 1857 771
1434 1895 771
1437 1453 771
1437 1457 771
1439 1705 771
1457 1563 771
1480 1578 771
1500 1797 771
1500 1837 771
1503 1815 771
1528 1705 771
1551 1763 771
1552 1700 771
1552 1780 771
1552 1833 771
1613 1698 771
1613 1767 771
1613 1855 771
1613 1916 771
1628 1902 771
1628 1909 771
1648 1861 771
1648 1889 771
1665 1912 771
1666 1757 771
1673 1792 771
1688 1708 771
1688 1775 771
1695 1757 771
1695 1920 771
1696 1761 771
1696 1911 771
1698 1767 771
1698 1855 771
1698 1916 771
1700 1780 771
1702 1711 771
1702 1749 771
1704 1912 771
1708 1822 771
1722 1902 771
1723 1792 771
1732 1766 771
1749 1764 771
1757 1890 771
1757 1920 771
1761 1851 771
1767 1855 771
1767 1916 771
1821 1857 771
1821 1895 771
1851 1889 771
1855 1916 771
1857 1895 771
1902 1909 771
1429 1437 772
1429 1457 772
1431 1480 772
1434 1857 772
1434 1895 772
1437 1457 772
1437 1815 772
1439 1705 772
1457 1563 772
1489 1563 772
1500 1797 772
1500 1802 772
1503 1815 772
1551 1763 772
1552 1567 772
1552 1700 772
1558 1567 772
1558 1780 772
1567 1833 772
1613 1698 772
1613 1767 772
1613 1855 772
1613 1916 772
1625 1648 772
1625 1861 772
1628 1902 772
1648 1851 772
1648 1861 772
1648 1889 772
1665 1675 772
1665 1912 772
1666 1695 772
1666 1890 772
1666 1920 772
1674 1723 772
1675 1912 772
1688 1708 772
1688 1714 772
1688 1775 772
1688 1822 772
1695 1757 772
1696 1761 772
1696 1911 772
1697 1787 772
1698 1855 772
1698 1916 772
1702 1711 772
1708 1775 772
1722 1902 772
1723 1792 772
1743 1792 772
1749 1764 772
1757 1890 772
1757 1920 772
1767 1855 772
1767 1916 772
1821 1857 772
1821 1895 772
1847 1866 772
1851 1861 772
1851 1889 772
1855 1916 772
1857 1895 772
1861 1889 772
1902 1909 772
1429 1453 773
1429 1563 773
1431 1480 773
1434 1821 773
1434 1857 773
1434 1895 773
1471 1522 773
1489 1563 773
1500 1837 773
1503 1815 773
1528 1705 773
1551 1579 773
1551 1763 773
1552 1567 773
1552 1700 773
1560 1572 773
1613 1698 773
1613 1767 773
1613 1855 773
1613 1916 773
1625 1648 773
1625 1861 773
1625 1889 773
1628 1902 773
1648 1861 773
1648 1889 773
1665 1675 773
1665 1912 773
1666 1695 773
1666 1757 773
1666 1890 773
1666 1920 773
1688 1708 773
1688 1714 773
1688 1775 773
1695 1757 773
1696 1761 773
1696 1911 773
1697 1787 773
1698 1855 773
1702 1749 773
1708 1775 773
1714 1775 773
1749 1792 773
1757 1890 773
1757 1920 773
1767 1855 773
1821 1857 773
1821 1895 773
1855 1916 773
1857 1895 773
1861 1889 773
1902 1909 773
1429 1453 774
1429 1457 774
1431 1480 774
1434 1857 774
1437 1453 774
1437 1457 774
1437 1503 774
1453 1457 774
1459 1471 774
1459 1522 774
1471 1578 774
1480 1522 774
1489 1563 774
1498 1567 774
1500 1797 774
1500 1837 774
1503 1815 774
1532 1885 774
1539 1885 774
1551 1579 774
1551 1763 774
1552 1700 774
1558 1567 774
1558 1833 774
1560 1572 774
1613 1698 774
1613 1767 774
1613 1855 774
1625 1648 774
1625 1851 774
1625 1889 774
1648 1851 774
1648 1861 774
1648 1889 774
1665 1912 774
1666 1695 774
1684 1787 774
1688 1708 774
1688 1714 774
1688 1775 774
1695 1757 774
1695 1920 774
1696 1911 774
1697 1787 774
1698 1855 774
1698 1912 774
1700 1835 774
1702 1749 774
1708 1775 774
1714 1775 774
1723 1792 774
1757 1920 774
1765 1890 774
1767 1855 774
1775 1822 774
1821 1857 774
1838 1855 774
1851 1861 774
1851 1889 774
1861 1889 774
1861 1911 774
1902 1909 774
1429 1437 775
1429 1457 775
1431 1480 775
1431 1522 775
1434 1821 775
1434 1857 775
1437 1453 775
1437 1815 775
1457 1563 775
1459 1578 775
1477 1522 775
1489 1563 775
1500 1837 775
1503 1815 775
1551 1579 775
1551 1763 775
1552 1700 775
1552 1780 775
1558 1567 775
1558 1833 775
1560 1572 775
1563 1815 775
1604 1764 775
1613 1698 775
1613 1767 775
1625 1889 775
1628 1909 775
1648 1889 775
1665 1675 775
1665 1912 775
1666 1695 775
1666 1757 775
1666 1920 775
1688 1708 775
1688 1775 775
1695 1757 775
1695 1765 775
1696 1761 775
1697 1752 775
1697 1787 775
1698 1704 775
1698 1916 775
1702 1749 775
1708 1775 775
1708 1822 775
1757 1920 775
1765 1890 775
1767 1838 775
1767 1916 775
1775 1822 775
1821 1857 775
1838 1916 775
1847 1866 775
1857 1895 775
1902 1909 775
1429 1457 776
1431 1480 776
1434 1821 776
1434 1857 776
1434 1895 776
1443 1493 776
1443 1885 776
1471 1477 776
1489 1563 776
1500 1797 776
1522 1780 776
1528 1705 776
1551 1579 776
1551 1763 776
1552 1700 776
1552 1780 776
1558 1833 776
1560 1572 776
1567 1780 776
1579 1763 776
1613 1698 776
1613 1855 776
1613 1916 776
1625 1861 776
1625 1889 776
1628 1765 776
1628 1902 776
1648 1861 776
1648 1889 776
1665 1912 776
1666 1757 776
1688 1708 776
1688 1775 776
1696 1761 776
1696 1911 776
1697 1787 776
1698 1855 776
1698 1916 776
1700 1780 776
1722 1902 776
1732 1787 776
1761 1911 776
1775 1822 776
1821 1857 776
1838 1855 776
1838 1916 776
1855 1916 776
1861 1889 776
1902 1909 776
1426 1498 777
1429 1453 777
1429 1457 777
1431 1480 777
1434 1857 777
1457 1563 777
1471 1578 777
1477 1522 777
1477 1780 777
1489 1563 777
1503 1815 777
1551 1579 777
1551 1763 777
1552 1700 777
1558 1780 777
1558 1833 777
1560 1572 777
1579 1763 777
1604 1764 777
1613 1855 777
1625 1851 777
1628 1765 777
1628 1902 777
1648 1861 777
1648 1889 777
1665 1912 777
1666 1757 777
1688 1714 777
1688 1775 777
1696 1911 777
1697 1752 777
1697 1787 777
1698 1855 777
1702 1743 777
1702 1749 777
1708 1775 777
1720 1761 777
1720 1889 777
1743 1749 777
1761 1851 777
1761 1911 777
1821 1857 777
1838 1916 777
1851 1861 777
1851 1889 777
1855 1916 777
1861 1889 777
1902 1909 777
1426 1498 778
1429 1457 778
1431 1480 778
1434 1857 778
1457 1563 778
1477 1552 778
1477 1558 778
1489 1563 778
1498 1551 778
1503 1815 778
1522 1567 778
1532 1885 778
1551 1579 778
1551 1763 778
1552 1700 778
1558 1780 778
1558 1833 778
1560 1572 778
1572 1730 778
1579 1763 778
1613 1855 778
1628 1902 778
1648 1861 778
1648 1889 778
1665 1912 778
1666 1695 778
1666 1757 778
1666 1920 778
1688 1714 778
1688 1775 778
1695 1890 778
1696 1911 778
1702 1743 778
1702 1749 778
1708 1775 778
1711 1765 778
1730 1815 778
1743 1749 778
1821 1857 778
1821 1895 778
1838 1916 778
1857 1895 778
1861 1889 778
1902 1909 778
1426 1498 779
1429 1453 779
1429 1457 779
1431 1480 779
1434 1821 779
1434 1895 779
1457 1563 779
1457 1572 779
1489 1563 779
1503 1815 779
1532 1885 779
1551 1579 779
1552 1700 779
1560 1572 779
1563 1572 779
1567 1780 779
1613 1767 779
1613 1855 779
1613 1916 779
1628 1902 779
1628 1909 779
1648 1861 779
1648 1889 779
1665 1675 779
1665 1704 779
1665 1912 779
1666 1695 779
1666 1920 779
1684 1787 779
1688 1714 779
1688 1822 779
1696 1761 779
1697 1787 779
1702 1711 779
1702 1743 779
1702 1749 779
1704 1912 779
1708 1775 779
1708 1822 779
1711 1743 779
1714 1822 779
1743 1749 779
1780 1833 779
1821 1895 779
1838 1916 779
1861 1889 779
1902 1909 779
1431 1480 780
1434 1821 780
1434 1895 780
1437 1489 780
1437 1563 780
1482 1833 780
1503 1815 780
1552 1700 780
1613 1698 780
1613 1708 780
1613 1855 780
1625 1851 780
1625 1889 780
1628 1722 780
1628 1902 780
1628 1909 780
1666 1757 780
1688 1708 780
1696 1911 780
1697 1752 780
1697 1766 780
1698 1912 780
1702 1711 780
1704 1912 780
1708 1775 780
1711 1765 780
1732 1766 780
1732 1912 780
1743 1749 780
1749 1764 780
1766 1787 780
1802 1837 780
1861 1889 780
1861 1911 780
1902 1909 780
1429 1457 781
1429 1560 781
1431 1480 781
1437 1477 781
1437 1552 781
1437 1563 781
1443 1493 781
1452 1477 781
1457 1815 781
1459 1563 781
1477 1563 781
1477 1833 781
1501 1502 781
1502 1837 781
1503 1815 781
1503 1835 781
1532 1885 781
1551 1763 781
1552 1700 781
1558 1833 781
1579 1763 781
1628 1795 781
1628 1909 781
1648 1696 781
1648 1861 781
1665 1675 781
1665 1704 781
1665 1912 781
1666 1695 781
1666 1920 781
1684 1752 781
1684 1766 781
1684 1787 781
1688 1708 781
1695 1920 781
1697 1752 781
1697 1766 781
1704 1912 781
1720 1911 781
1743 1749 781
1749 1764 781
1752 1766 781
1802 1837 781
1815 1835 781
1821 1857 781
1821 1895 781
1857 1895 781
1429 1453 782
1429 1489 782
1429 1560 782
1431 1480 782
1437 1457 782
1437 1563 782
1443 1493 782
1457 1563 782
1457 1815 782
1457 1890 782
1459 1477 782
1471 1579 782
1482 1522 782
1482 1700 782
1501 1502 782
1503 1815 782
1532 1885 782
1551 1579 782
1552 1700 782
1560 1572 782
1578 1780 782
1579 1763 782
1613 1855 782
1625 1911 782
1648 1696 782
1648 1851 782
1648 1861 782
1648 1889 782
1665 1766 782
1665 1912 782
1666 1695 782
1695 1765 782
1695 1920 782
1696 1761 782
1696 1911 782
1697 1752 782
1697 1766 782
1697 1787 782
1697 1822 782
1702 1743 782
1704 1912 782
1708 1752 782
1708 1822 782
1711 1765 782
1743 1792 782
1797 1802 782
1797 1837 782
1821 1857 782
1821 1895 782
1851 1861 782
1857 1895 782
1861 1889 782
1426 1498 783
1429 1453 783
1431 1480 783
1434 1857 783
1434 1895 783
1437 1457 783
1439 1797 783
1443 1493 783
1457 1563 783
1471 1579 783
1477 1522 783
1482 1498 783
1489 1890 783
1498 1585 783
1503 1815 783
1503 1835 783
1532 1885 783
1549 1837 783
1551 1579 783
1552 1567 783
1552 1700 783
1552 1780 783
1558 1833 783
1560 1572 783
1567 1700 783
1567 1833 783
1579 1763 783
1613 1855 783
1666 1695 783
1666 1920 783
1684 1688 783
1688 1704 783
1695 1920 783
1696 1761 783
1700 1833 783
1702 1711 783
1702 1743 783
1704 1912 783
1711 1764 783
1711 1765 783
1722 1795 783
1743 1792 783
1764 1765 783
1765 1902 783
1802 1837 783
1821 1895 783
1861 1889 783
1902 1909 783
1426 1498 784
1431 1480 784
1434 1885 784
1437 1563 784
1443 1493 784
1453 1787 784
1457 1563 784
1459 1579 784
1482 1498 784
1498 1585 784
1501 1502 784
1503 1775 784
1532 1857 784
1532 1885 784
1532 1895 784
1549 1837 784
1552 1700 784
1579 1763 784
1613 1698 784
1613 1855 784
1613 1916 784
1625 1889 784
1628 1674 784
1628 1909 784
1666 1757 784
1674 1722 784
1696 1761 784
1697 1752 784
1698 1767 784
1700 1708 784
1702 1711 784
1702 1722 784
1702 1764 784
1711 1764 784
1714 1775 784
1720 1761 784
1722 1795 784
1722 1815 784
1749 1764 784
1767 1838 784
1795 1902 784
1821 1885 784
1821 1895 784
1851 1889 784
1857 1885 784
1861 1889 784
1429 1700 785
1431 1480 785
1431 1684 785
1431 1704 785
1437 1916 785
1439 1847 785
1439 1866 785
1457 1767 785
1480 1489 785
1480 1835 785
1482 1498 785
1498 1890 785
1503 1815 785
1503 1916 785
1532 1857 785
1532 1885 785
1549 1837 785
1552 1567 785
1552 1763 785
1552 1787 785
1558 1822 785
1567 1787 785
1579 1697 785
1666 1757 785
1675 1704 785
1675 1714 785
1695 1920 785
1697 1752 785
1697 1787 785
1698 1767 785
1702 1711 785
1711 1764 785
1720 1761 785
1761 1851 785
1767 1838 785
1780 1822 785
1821 1895 785
1822 1833 785
1847 1866 785
1851 1861 785
1857 1885 785
1426 1498 786
1431 1480 786
1431 1722 786
1431 1916 786
1434 1532 786
1434 1857 786
1434 1885 786
1439 1847 786
1439 1866 786
1443 1493 786
1457 1674 786
1471 1477 786
1480 1665 786
1480 1835 786
1498 1585 786
1501 1502 786
1519 1533 786
1532 1857 786
1539 1797 786
1539 1802 786
1551 1579 786
1551 1763 786
1552 1684 786
1552 1704 786
1567 1795 786
1579 1763 786
1579 1885 786
1625 1648 786
1625 1851 786
1625 1861 786
1648 1851 786
1648 1861 786
1663 1745 786
1674 1765 786
1684 1700 786
1684 1787 786
1695 1765 786
1695 1920 786
1696 1761 786
1697 1752 786
1700 1787 786
1702 1711 786
1702 1743 786
1711 1743 786
1711 1765 786
1714 1822 786
1752 1766 786
1765 1920 786
1797 1837 786
1821 1895 786
1847 1866 786
1431 1480 787
1434 1532 787
1434 1822 787
1434 1857 787
1437 1503 787
1437 1563 787
1457 1674 787
1457 1702 787
1457 1711 787
1459 1522 787
1471 1480 787
1471 1578 787
1471 1835 787
1480 1578 787
1493 1579 787
1500 1549 787
1519 1533 787
1522 1578 787
1552 1684 787
1552 1700 787
1552 1787 787
1558 1665 787
1558 1780 787
1558 1833 787
1563 1792 787
1567 1684 787
1567 1795 787
1567 1890 787
1579 1763 787
1625 1889 787
1628 1675 787
1628 1822 787
1628 1885 787
1648 1889 787
1684 1890 787
1696 1761 787
1697 1752 787
1708 1822 787
1722 1795 787
1743 1749 787
1743 1895 787
1749 1764 787
1749 1792 787
1765 1920 787
1775 1909 787
1780 1833 787
1795 1890 787
1821 1895 787
1851 1889 787
1912 1916 787
1431 1453 788
1431 1480 788
1434 1532 788
1443 1579 788
1452 1459 788
1452 1578 788
1457 1702 788
1457 1711 788
1459 1477 788
1480 1835 788
1498 1585 788
1500 1549 788
1500 1697 788
1501 1502 788
1519 1533 788
1533 1732 788
1533 1885 788
1551 1579 788
1552 1700 788
1552 1787 788
1558 1780 788
1558 1833 788
1560 1572 788
1563 1604 788
1563 1711 788
1563 1764 788
1567 1704 788
1567 1722 788
1567 1795 788
1572 1708 788
1579 1763 788
1604 1711 788
1604 1764 788
1613 1708 788
1613 1732 788
1625 1889 788
1628 1822 788
1628 1857 788
1648 1889 788
1665 1780 788
1666 1792 788
1684 1704 788
1684 1890 788
1696 1761 788
1697 1752 788
1700 1787 788
1702 1764 788
1704 1890 788
1708 1732 788
1714 1822 788
1714 1916 788
1720 1761 788
1722 1795 788
1732 1822 788
1767 1780 788
1780 1855 788
1821 1895 788
1851 1889 788
1431 1453 789
1434 1532 789
1434 1704 789
1434 1912 789
1457 1889 789
1471 1533 789
1471 1578 789
1477 1533 789
1500 1802 789
1501 1502 789
1519 1533 789
1519 1885 789
1533 1885 789
1551 1579 789
1551 1763 789
1552 1700 789
1552 1787 789
1558 1780 789
1558 1833 789
1567 1684 789
1579 1763 789
1604 1711 789
1604 1764 789
1625 1761 789
1625 1861 789
1648 1861 789
1648 1889 789
1665 1698 789
1675 1688 789
1675 1920 789
1684 1704 789
1696 1761 789
1697 1766 789
1698 1795 789
1698 1833 789
1700 1787 789
1704 1890 789
1711 1764 789
1722 1795 789
1752 1766 789
1761 1911 789
1765 1780 789
1767 1780 789
1767 1833 789
1775 1890 789
1775 1912 789
1851 1861 789
1861 1889 789
1890 1912 789
1426 1498 790
1431 1572 790
1453 1572 790
1457 1821 790
1477 1522 790
1480 1711 790
1480 1792 790
1480 1835 790
1501 1502 790
1501 1579 790
1503 1815 790
1519 1885 790
1522 1578 790
1528 1705 790
1549 1766 790
1551 1579 790
1551 1763 790
1558 1885 790
1560 1572 790
1560 1857 790
1567 1890 790
1578 1857 790
1579 1763 790
1579 1855 790
1604 1749 790
1613 1787 790
1628 1714 790
1628 1909 790
1628 1916 790
1665 1775 790
1673 1708 790
1695 1920 790
1697 1766 790
1698 1767 790
1704 1743 790
1704 1890 790
1704 1912 790
1708 1890 790
1710 1902 790
1714 1732 790
1723 1822 790
1730 1792 790
1743 1912 790
1752 1766 790
1757 1920 790
1890 1912 790
1426 1482 791
1443 1459 791
1443 1493 791
1443 1528 791
1452 1459 791
1453 1572 791
1457 1503 791
1457 1563 791
1459 1477 791
1459 1522 791
1471 1477 791
1471 1835 791
1477 1522 791
1480 1835 791
1482 1498 791
1501 1502 791
1503 1563 791
1519 1533 791
1528 1705 791
1528 1916 791
1539 1551 791
1551 1763 791
1552 1700 791
1552 1857 791
1552 1885 791
1560 1572 791
1560 1700 791
1579 1763 791
1604 1711 791
1604 1749 791
1628 1673 791
1628 1822 791
1628 1890 791
1675 1688 791
1695 1757 791
1695 1920 791
1697 1766 791
1698 1775 791
1700 1857 791
1700 1916 791
1702 1711 791
1704 1743 791
1704 1912 791
1705 1885 791
1710 1902 791
1722 1795 791
1723 1890 791
1757 1787 791
1757 1920 791
1767 1855 791
1822 1890 791
1847 1866 791
1428 1628 792
1434 1822 792
1434 1909 792
1443 1459 792
1443 1493 792
1443 1502 792
1453 1480 792
1453 1625 792
1453 1666 792
1457 1895 792
1459 1477 792
1471 1477 792
1471 1578 792
1471 1857 792
1480 1700 792
1482 1498 792
1498 1585 792
1498 1708 792
1503 1821 792
1519 1533 792
1528 1705 792
1551 1579 792
1551 1763 792
1558 1890 792
1560 1572 792
1560 1705 792
1567 1722 792
1567 1795 792
1572 1857 792
1572 1885 792
1604 1711 792
1604 1749 792
1613 1890 792
1628 1890 792
1665 1698 792
1665 1855 792
1695 1757 792
1695 1920 792
1697 1752 792
1698 1855 792
1700 1857 792
1702 1711 792
1702 1749 792
1704 1743 792
1705 1889 792
1711 1765 792
1723 1822 792
1723 1833 792
1743 1912 792
1752 1766 792
1757 1920 792
1764 1787 792
1764 1792 792
1780 1909 792
1426 1628 793
1443 1522 793
1443 1578 793
1452 1502 793
1457 1563 793
1482 1498 793
1482 1822 793
1501 1700 793
1519 1533 793
1528 1705 793
1528 1851 793
1532 1885 793
1533 1704 793
1533 1705 793
1533 1743 793
1551 1625 793
1551 1666 793
1560 1572 793
1563 1815 793
1572 1705 793
1604 1711 793
1613 1625 793
1613 1708 793
1613 1890 793
1628 1708 793
1666 1851 793
1673 1885 793
1675 1688 793
1695 1920 793
1697 1752 793
1697 1766 793
1698 1767 793
1702 1711 793
1702 1890 793
1704 1743 793
1711 1890 793
1743 1764 793
1743 1912 793
1757 1920 793
1764 1792 793
1822 1833 793
1822 1909 793
1861 1889 793
1885 1909 793
1889 1916 793
1443 1502 794
1443 1522 794
1452 1502 794
1453 1501 794
1471 1578 794
1477 1493 794
1498 1780 794
1501 1552 794
1519 1533 794
1519 1743 794
1532 1765 794
1533 1704 794
1533 1743 794
1533 1912 794
1539 1837 794
1549 1851 794
1551 1763 794
1551 1889 794
1551 1909 794
1552 1835 794
1558 1579 794
1560 1572 794
1563 1815 794
1567 1795 794
1604 1711 794
1604 1890 794
1613 1766 794
1648 1889 794
1665 1855 794
1666 1780 794
1675 1688 794
1695 1757 794
1695 1920 794
1697 1752 794
1697 1766 794
1698 1775 794
1702 1711 794
1702 1890 794
1704 1743 794
1704 1851 794
1710 1792 794
1711 1749 794
1711 1890 794
1722 1795 794
1749 1890 794
1757 1920 794
1764 1902 794
1767 1775 794
1780 1909 794
1802 1837 794
1833 1861 794
1838 1902 794
1851 1912 794
1861 1889 794
1439 1797 795
1443 1452 795
1443 1502 795
1452 1493 795
1452 1502 795
1457 1895 795
1482 1780 795
1482 1833 795
1493 1502 795
1498 1585 795
1500 1802 795
1532 1861 795
1533 1780 795
1549 1696 795
1549 1833 795
1549 1920 795
1551 1579 795
1563 1821 795
1567 1795 795
1579 1763 795
1585 1833 795
1604 1749 795
1604 1890 795
1613 1673 795
1613 1714 795
1613 1795 795
1625 1704 795
1625 1743 795
1625 1902 795
1648 1861 795
1648 1889 795
1665 1767 795
1673 1684 795
1695 1920 795
1697 1752 795
1697 1766 795
1698 1775 795
1702 1890 795
1704 1743 795
1704 1851 795
1704 1912 795
1708 1851 795
1708 1911 795
1723 1822 795
1723 1916 795
1752 1766 795
1757 1920 795
1802 1837 795
1815 1821 795
1821 1895 795
1822 1916 795
1851 1902 795
1851 1912 795
1861 1889 795
1428 1714 796
1429 1489 796
1434 1885 796
1439 1797 796
1452 1502 796
1452 1522 796
1453 1857 796
1482 1780 796
1493 1502 796
1500 1802 796
1502 1705 796
1503 1563 796
1503 1815 796
1503 1821 796
1519 1743 796
1528 1705 796
1533 1743 796
1567 1673 796
1579 1763 796
1613 1822 796
1625 1902 796
1665 1902 796
1674 1889 796
1695 1757 796
1695 1920 796
1702 1711 796
1702 1749 796
1708 1714 796
1708 1723 796
1711 1749 796
1752 1766 796
1757 1920 796
1764 1792 796
1815 1821 796
1822 1912 796
1847 1866 796
1851 1855 796
1426 1528 797
1426 1628 797
1426 1705 797
1426 1797 797
1428 1498 797
1437 1563 797
1439 1705 797
1439 1797 797
1443 1502 797
1453 1552 797
1453 1780 797
1482 1498 797
1493 1502 797
1500 1802 797
1500 1837 797
1503 1815 797
1519 1533 797
1519 1743 797
1528 1628 797
1528 1705 797
1533 1539 797
1533 1628 797
1549 1730 797
1551 1763 797
1558 1560 797
1560 1572 797
1567 1722 797
1567 1795 797
1613 1708 797
1613 1714 797
1613 1916 797
1628 1705 797
1673 1847 797
1674 1890 797
1675 1730 797
1675 1757 797
1695 1696 797
1695 1920 797
1696 1920 797
1697 1766 797
1697 1802 797
1697 1837 797
1698 1767 797
1702 1711 797
1702 1861 797
1708 1916 797
1710 1902 797
1711 1861 797
1722 1795 797
1730 1757 797
1730 1920 797
1752 1766 797
1757 1920 797
1780 1833 797
1847 1866 797
1847 1890 797
1851 1855 797
1437 1563 798
1439 1560 798
1443 1502 798
1452 1502 798
1482 1847 798
1493 1502 798
1502 1797 798
1503 1815 798
1533 1539 798
1533 1704 798
1533 1743 798
1533 1912 798
1549 1675 798
1549 1757 798
1551 1560 798
1551 1579 798
1558 1780 798
1585 1847 798
1613 1916 798
1673 1822 798
1673 1911 798
1673 1916 798
1675 1920 798
1697 1752 798
1697 1766 798
1704 1743 798
1704 1912 798
1714 1723 798
1722 1795 798
1722 1902 798
1723 1822 798
1743 1912 798
1752 1766 798
1757 1920 798
1780 1833 798
1797 1847 798
1802 1837 798
1822 1911 798
1847 1866 798
1429 1489 799
1431 1480 799
1434 1885 799
1437 1821 799
1500 1802 799
1519 1533 799
1532 1889 799
1549 1757 799
1552 1700 799
1563 1821 799
1628 1723 799
1648 1764 799
1665 1767 799
1666 1698 799
1673 1714 799
1673 1822 799
1674 1684 799
1674 1890 799
1684 1765 799
1697 1752 799
1704 1743 799
1714 1822 799
1722 1795 799
1752 1766 799
1795 1902 799
1802 1837 799
1835 1857 799
1851 1855 799
1429 1489 800
1431 1480 800
1437 1457 800
1437 1563 800
1443 1453 800
1452 1453 800
1452 1459 800
1452 1477 800
1457 1563 800
1457 1821 800
1459 1522 800
1471 1578 800
1480 1552 800
1480 1700 800
1498 1585 800
1522 1578 800
1522 1700 800
1528 1572 800
1528 1705 800
1532 1889 800
1551 1558 800
1551 1567 800
1551 1579 800
1551 1730 800
1552 1700 800
1560 1572 800
1560 1705 800
1563 1821 800
1613 1911 800
1613 1916 800
1628 1723 800
1665 1775 800
1665 1909 800
1666 1767 800
1674 1684 800
1674 1890 800
1675 1688 800
1684 1890 800
1697 1752 800
1700 1857 800
1704 1743 800
1704 1912 800
1708 1822 800
1720 1838 800
1720 1909 800
1722 1795 800
1765 1890 800
1822 1911 800
1822 1916 800
1835 1857 800
1838 1909 800
1861 1889 800
1426 1502 801
1426 1585 801
1426 1797 801
1428 1560 801
1428 1705 801
1428 1730 801
1429 1489 801
1431 1480 801
1434 1885 801
1437 1563 801
1437 1821 801
1439 1502 801
1439 1572 801
1439 1797 801
1443 1453 801
1443 1493 801
1452 1459 801
1452 1477 801
1459 1522 801
1459 1578 801
1480 1578 801
1498 1797 801
1500 1837 801
1503 1815 801
1522 1578 801
1528 1560 801
1528 1705 801
1533 1802 801
1539 1567 801
1539 1730 801
1551 1558 801
1560 1572 801
1567 1763 801
1572 1705 801
1613 1723 801
1625 1795 801
1625 1902 801
1628 1708 801
1628 1723 801
1628 1822 801
1648 1861 801
1648 1889 801
1665 1698 801
1674 1684 801
1684 1765 801
1688 1757 801
1697 1752 801
1697 1766 801
1700 1761 801
1702 1711 801
1704 1743 801
1708 1822 801
1708 1911 801
1714 1822 801
1720 1838 801
1720 1909 801
1722 1795 801
1723 1822 801
1732 1911 801
1764 1792 801
1765 1890 801
1767 1775 801
1802 1837 801
1838 1909 801
1861 1889 801
1426 1866 802
1434 1730 802
1434 1763 802
1434 1885 802
1439 1730 802
1439 1797 802
1443 1477 802
1443 1493 802
1452 1459 802
1452 1477 802
1452 1578 802
1457 1503 802
1457 1815 802
1459 1522 802
1459 1552 802
1471 1578 802
1493 1501 802
1493 1502 802
1522 1552 802
1532 1549 802
1533 1802 802
1533 1837 802
1539 1730 802
1551 1558 802
1551 1885 802
1552 1761 802
1558 1705 802
1560 1705 802
1613 1708 802
1625 1902 802
1628 1673 802
1628 1916 802
1665 1698 802
1665 1775 802
1666 1767 802
1673 1723 802
1675 1696 802
1675 1764 802
1684 1765 802
1697 1752 802
1697 1766 802
1698 1775 802
1704 1743 802
1708 1911 802
1710 1902 802
1714 1916 802
1722 1795 802
1723 1916 802
1730 1847 802
1757 1920 802
1764 1792 802
1765 1890 802
1780 1833 802
1780 1837 802
1802 1837 802
1835 1857 802
1835 1895 802
1428 1502 803
1434 1802 803
1434 1885 803
1437 1480 803
1437 1563 803
1439 1761 803
1439 1797 803
1443 1761 803
1457 1815 803
1459 1522 803
1482 1585 803
1493 1501 803
1519 1802 803
1528 1705 803
1528 1730 803
1528 1763 803
1532 1780 803
1532 1833 803
1533 1802 803
1533 1837 803
1539 1705 803
1539 1730 803
1552 1700 803
1558 1730 803
1567 1579 803
1567 1763 803
1613 1916 803
1625 1722 803
1625 1902 803
1665 1775 803
1673 1714 803
1684 1765 803
1695 1743 803
1695 1920 803
1698 1767 803
1704 1743 803
1704 1920 803
1708 1822 803
1708 1911 803
1714 1916 803
1722 1795 803
1723 1911 803
1730 1780 803
1743 1920 803
1757 1920 803
1764 1792 803
1765 1890 803
1767 1775 803
1780 1833 803
1802 1837 803
1815 1857 803
1821 1835 803
1822 1889 803
1822 1911 803
1857 1895 803
1426 1761 804
1428 1520 804
1429 1453 804
1429 1457 804
1434 1533 804
1434 1885 804
1437 1471 804
1437 1563 804
1453 1489 804
1457 1489 804
1498 1761 804
1501 1761 804
1503 1815 804
1528 1705 804
1532 1763 804
1532 1780 804
1532 1833 804
1533 1802 804
1533 1837 804
1539 1549 804
1551 1558 804
1552 1700 804
1560 1572 804
1585 1761 804
1604 1749 804
1613 1628 804
1613 1673 804
1613 1714 804
1625 1710 804
1625 1902 804
1628 1714 804
1648 1861 804
1665 1767 804
1674 1684 804
1674 1890 804
1675 1696 804
1684 1890 804
1695 1757 804
1695 1920 804
1697 1766 804
1702 1711 804
1702 1749 804
1704 1743 804
1708 1723 804
1722 1795 804
1723 1911 804
1765 1890 804
1780 1833 804
1802 1837 804
1838 1909 804
1861 1911 804
1428 1520 805
1434 1539 805
1434 1579 805
1434 1763 805
1434 1885 805
1437 1563 805
1439 1797 805
1453 1457 805
1457 1489 805
1459 1498 805
1482 1585 805
1500 1551 805
1500 1558 805
1500 1730 805
1532 1780 805
1533 1802 805
1533 1837 805
1539 1560 805
1539 1567 805
1539 1579 805
1549 1567 805
1551 1730 805
1551 1763 805
1552 1700 805
1558 1730 805
1560 1572 805
1579 1802 805
1613 1628 805
1613 1916 805
1665 1766 805
1674 1684 805
1695 1757 805
1695 1920 805
1698 1767 805
1702 1711 805
1704 1912 805
1708 1723 805
1708 1916 805
1710 1902 805
1723 1911 805
1757 1920 805
1763 1780 805
1764 1792 805
1765 1890 805
1780 1802 805
1780 1833 805
1802 1837 805
1847 1866 805
1428 1452 806
1428 1471 806
1428 1552 806
1428 1578 806
1431 1439 806
1434 1885 806
1439 1797 806
1453 1457 806
1459 1498 806
1477 1578 806
1500 1528 806
1500 1579 806
1500 1847 806
1528 1705 806
1532 1567 806
1532 1833 806
1533 1802 806
1533 1837 806
1551 1763 806
1560 1572 806
1560 1761 806
1567 1780 806
1572 1761 806
1579 1763 806
1613 1673 806
1625 1902 806
1628 1714 806
1666 1698 806
1666 1767 806
1674 1684 806
1684 1890 806
1695 1757 806
1698 1775 806
1702 1711 806
1704 1912 806
1705 1761 806
1705 1866 806
1708 1822 806
1722 1787 806
1766 1911 806
1780 1833 806
1787 1795 806
1802 1833 806
1802 1837 806
1838 1909 806
1453 1457 807
1459 1482 807
1459 1498 807
1480 1797 807
1482 1498 807
1482 1585 807
1498 1585 807
1500 1528 807
1500 1533 807
1500 1761 807
1500 1847 807
1528 1705 807
1533 1802 807
1552 1730 807
1560 1572 807
1648 1861 807
1648 1889 807
1665 1666 807
1665 1698 807
1666 1698 807
1666 1767 807
1666 1775 807
1674 1684 807
1675 1696 807
1684 1890 807
1695 1920 807
1697 1766 807
1698 1775 807
1702 1711 807
1704 1752 807
1705 1847 807
1708 1732 807
1708 1822 807
1722 1795 807
1743 1752 807
1752 1757 807
1752 1792 807
1757 1920 807
1761 1763 807
1822 1911 807
1838 1909 807
1847 1866 807
1861 1889 807
1426 1498 808
1428 1477 808
1429 1457 808
1434 1837 808
1434 1885 808
1459 1498 808
1480 1797 808
1482 1498 808
1519 1533 808
1528 1705 808
1532 1837 808
1551 1700 808
1551 1761 808
1552 1700 808
1567 1761 808
1579 1763 808
1604 1648 808
1604 1861 808
1628 1916 808
1673 1714 808
1674 1890 808
1684 1890 808
1688 1704 808
1695 1920 808
1697 1764 808
1697 1766 808
1704 1752 808
1704 1912 808
1705 1847 808
1708 1714 808
1708 1822 808
1708 1916 808
1714 1822 808
1730 1763 808
1757 1920 808
1761 1885 808
1764 1855 808
1765 1890 808
1838 1909 808
1847 1866 808
1429 1457 809
1434 1560 809
1439 1480 809
1457 1489 809
1459 1501 809
1459 1522 809
1480 1797 809
1482 1498 809
1482 1585 809
1528 1705 809
1532 1761 809
1533 1761 809
1539 1815 809
1549 1552 809
1549 1837 809
1552 1700 809
1579 1700 809
1579 1730 809
1579 1763 809
1613 1628 809
1628 1673 809
1648 1822 809
1648 1861 809
1673 1708 809
1673 1889 809
1673 1911 809
1674 1684 809
1674 1890 809
1684 1765 809
1684 1890 809
1695 1757 809
1695 1920 809
1698 1775 809
1700 1730 809
1700 1763 809
1704 1912 809
1708 1822 809
1720 1909 809
1722 1795 809
1730 1763 809
1757 1920 809
1765 1890 809
1787 1795 809
1847 1866 809
1861 1889 809
1428 1452 810
1429 1453 810
1429 1457 810
1429 1489 810
1434 1885 810
1457 1489 810
1459 1482 810
1459 1498 810
1480 1797 810
1482 1498 810
1482 1585 810
1498 1522 810
1498 1585 810
1528 1705 810
1532 1837 810
1533 1780 810
1533 1833 810
1549 1837 810
1552 1567 810
1552 1579 810
1552 1700 810
1552 1763 810
1558 1763 810
1579 1700 810
1579 1730 810
1579 1763 810
1604 1749 810
1625 1775 810
1625 1902 810
1628 1743 810
1628 1916 810
1674 1890 810
1684 1765 810
1684 1890 810
1695 1757 810
1695 1920 810
1697 1766 810
1700 1763 810
1704 1912 810
1708 1916 810
1714 1861 810
1714 1911 810
1720 1909 810
1722 1795 810
1723 1822 810
1757 1920 810
1765 1890 810
1780 1821 810
1822 1911 810
1861 1889 810
1426 1498 811
1482 1498 811
1501 1502 811
1501 1532 811
1501 1837 811
1502 1567 811
1532 1837 811
1552 1567 811
1558 1730 811
1558 1763 811
1613 1673 811
1628 1722 811
1628 1743 811
1674 1684 811
1674 1890 811
1684 1765 811
1684 1890 811
1695 1757 811
1695 1920 811
1698 1775 811
1704 1757 811
1720 1722 811
1722 1795 811
1722 1838 811
1752 1766 811
1757 1920 811
1764 1855 811
1780 1833 811
1795 1838 811
1861 1889 811
1909 1920 811
1439 1797 812
1482 1498 812
1501 1502 812
1501 1532 812
1502 1567 812
1552 1730 812
1558 1700 812
1558 1763 812
1579 1700 812
1579 1730 812
1579 1763 812
1604 1702 812
1648 1838 812
1673 1708 812
1673 1916 812
1674 1684 812
1674 1890 812
1684 1890 812
1695 1757 812
1695 1920 812
1698 1775 812
1700 1763 812
1702 1749 812
1704 1720 812
1708 1787 812
1708 1916 812
1711 1749 812
1757 1920 812
1764 1912 812
1780 1821 812
1792 1851 812
1847 1866 812
1851 1855 812
1861 1889 812
1434 1560 813
1439 1443 813
1459 1498 813
1480 1797 813
1482 1498 813
1501 1532 813
1501 1533 813
1501 1802 813
1501 1837 813
1502 1533 813
1503 1533 813
1503 1563 813
1533 1552 813
1549 1567 813
1552 1579 813
1558 1579 813
1579 1700 813
1579 1763 813
1604 1711 813
1613 1889 813
1625 1902 813
1673 1722 813
1673 1912 813
1674 1684 813
1688 1695 813
1695 1757 813
1695 1916 813
1695 1920 813
1697 1743 813
1697 1764 813
1697 1787 813
1698 1775 813
1700 1763 813
1702 1711 813
1708 1765 813
1708 1795 813
1708 1890 813
1711 1749 813
1720 1722 813
1722 1909 813
1730 1763 813
1743 1764 813
1757 1920 813
1765 1890 813
1802 1837 813
1861 1889 813
1434 1560 814
1501 1802 814
1501 1837 814
1503 1563 814
1503 1815 814
1552 1579 814
1552 1700 814
1558 1700 814
1560 1572 814
1579 1730 814
1579 1763 814
1613 1822 814
1628 1851 814
1665 1775 814
1688 1695 814
1695 1757 814
1695 1920 814
1697 1752 814
1698 1775 814
1720 1838 814
1722 1775 814
1730 1763 814
1743 1764 814
1757 1920 814
1764 1792 814
1764 1822 814
1765 1890 814
1767 1890 814
1780 1821 814
1821 1833 814
1822 1889 814
1847 1866 814
1889 1916 814
1428 1578 815
1434 1885 815
1482 1498 815
1498 1533 815
1501 1837 815
1503 1563 815
1552 1579 815
1552 1700 815
1558 1700 815
1558 1730 815
1560 1572 815
1563 1567 815
1579 1700 815
1579 1730 815
1604 1702 815
1628 1855 815
1648 1743 815
1648 1861 815
1666 1674 815
1673 1822 815
1673 1861 815
1673 1889 815
1674 1684 815
1675 1916 815
1695 1757 815
1695 1920 815
1698 1775 815
1700 1763 815
1702 1711 815
1702 1749 815
1710 1902 815
1714 1822 815
1720 1838 815
1743 1889 815
1757 1920 815
1764 1792 815
1765 1912 815
1838 1909 815
1909 1911 815
1439 1443 816
1459 1498 816
1482 1498 816
1482 1533 816
1501 1802 816
1501 1837 816
1502 1837 816
1503 1563 816
1503 1567 816
1519 1560 816
1533 1857 816
1552 1700 816
1558 1700 816
1579 1700 816
1579 1730 816
1579 1763 816
1604 1702 816
1613 1911 816
1625 1902 816
1625 1911 816
1648 1861 816
1673 1697 816
1674 1684 816
1674 1767 816
1684 1767 816
1684 1890 816
1695 1757 816
1695 1920 816
1696 1916 816
1698 1775 816
1710 1902 816
1720 1909 816
1757 1920 816
1764 1792 816
1766 1787 816
1780 1821 816
1780 1833 816
1795 1911 816
1851 1855 816
1902 1911 816
1426 1459 817
1426 1498 817
1426 1522 817
1482 1498 817
1498 1522 817
1501 1802 817
1501 1837 817
1558 1700 817
1579 1700 817
1579 1730 817
1579 1763 817
1604 1702 817
1648 1861 817
1665 1851 817
1666 1792 817
1673 1722 817
1673 1889 817
1674 1684 817
1675 1757 817
1675 1920 817
1684 1912 817
1696 1916 817
1698 1775 817
1700 1763 817
1704 1912 817
1705 1847 817
1708 1838 817
1708 1920 817
1709 1745 817
1714 1722 817
1714 1822 817
1714 1902 817
1714 1911 817
1720 1909 817
1722 1795 817
1730 1763 817
1752 1766 817
1752 1787 817
1757 1920 817
1764 1765 817
1765 1787 817
1822 1911 817
1838 1909 817
1902 1911 817
1434 1885 818
1439 1443 818
1480 1797 818
1501 1802 818
1501 1837 818
1503 1563 818
1522 1585 818
1558 1700 818
1558 1730 818
1560 1572 818
1579 1730 818
1604 1702 818
1604 1749 818
1648 1861 818
1674 1684 818
1674 1767 818
1674 1890 818
1674 1916 818
1684 1890 818
1695 1757 818
1695 1920 818
1705 1847 818
1708 1732 818
1710 1902 818
1723 1911 818
1757 1920 818
1764 1792 818
1767 1890 818
1767 1916 818
1822 1902 818
1822 1911 818
1838 1909 818
1890 1916 818
1426 1459 819
1434 1885 819
1439 1443 819
1480 1797 819
1482 1498 819
1482 1533 819
1498 1585 819
1522 1533 819
1549 1558 819
1549 1579 819
1549 1730 819
1558 1730 819
1560 1572 819
1579 1700 819
1579 1730 819
1604 1702 819
1604 1749 819
1613 1822 819
1613 1911 819
1648 1861 819
1674 1890 819
1674 1916 819
1675 1743 819
1695 1757 819
1702 1711 819
1702 1749 819
1702 1775 819
1705 1866 819
1708 1714 819
1708 1720 819
1708 1723 819
1708 1822 819
1711 1749 819
1714 1723 819
1722 1838 819
1723 1822 819
1752 1787 819
1780 1833 819
1847 1866 819
1428 1578 820
1434 1885 820
1439 1480 820
1459 1522 820
1477 1578 820
1480 1797 820
1482 1498 820
1482 1585 820
1498 1522 820
1503 1563 820
1549 1730 820
1552 1579 820
1552 1730 820
1558 1700 820
1558 1730 820
1560 1572 820
1579 1700 820
1579 1730 820
1613 1697 820
1613 1708 820
1625 1902 820
1648 1861 820
1648 1889 820
1673 1710 820
1673 1902 820
1688 1695 820
1695 1720 820
1695 1757 820
1695 1920 820
1698 1775 820
1708 1714 820
1714 1911 820
1720 1757 820
1722 1838 820
1722 1909 820
1434 1885 821
1459 1522 821
1482 1498 821
1482 1585 821
1500 1528 821
1501 1837 821
1503 1563 821
1552 1579 821
1552 1730 821
1552 1763 821
1558 1700 821
1558 1730 821
1560 1885 821
1579 1700 821
1579 1730 821
1579 1763 821
1673 1795 821
1673 1838 821
1674 1916 821
1695 1757 821
1697 1766 821
1698 1775 821
1700 1730 821
1700 1763 821
1704 1912 821
1708 1822 821
1714 1732 821
1720 1911 821
1722 1909 821
1752 1766 821
1757 1920 821
1766 1889 821
1766 1920 821
1795 1838 821
1439 1443 822
1459 1522 822
1480 1797 822
1482 1498 822
1501 1802 822
1501 1837 822
1549 1579 822
1549 1730 822
1558 1700 822
1558 1763 822
1560 1885 822
1579 1700 822
1579 1730 822
1604 1702 822
1613 1628 822
1613 1673 822
1628 1822 822
1648 1889 822
1665 1792 822
1674 1890 822
1674 1916 822
1675 1911 822
1695 1697 822
1695 1757 822
1695 1920 822
1698 1775 822
1700 1730 822
1700 1763 822
1704 1912 822
1757 1920 822
1787 1792 822
1792 1911 822
1795 1838 822
1861 1889 822
1426 1498 823
1428 1452 823
1428 1578 823
1434 1519 823
1439 1443 823
1443 1480 823
1459 1522 823
1480 1797 823
1482 1498 823
1498 1585 823
1503 1563 823
1528 1705 823
1558 1700 823
1558 1763 823
1563 1567 823
1613 1628 823
1625 1902 823
1648 1889 823
1665 1698 823
1673 1708 823
1674 1916 823
1688 1695 823
1695 1920 823
1697 1757 823
1697 1911 823
1697 1920 823
1700 1763 823
1704 1795 823
1704 1912 823
1708 1714 823
1732 1911 823
1757 1920 823
1764 1792 823
1780 1821 823
1787 1792 823
1795 1912 823
1821 1833 823
1861 1889 823
1426 1498 824
1428 1452 824
1428 1477 824
1480 1797 824
1482 1498 824
1482 1533 824
1498 1585 824
1552 1700 824
1558 1700 824
1558 1763 824
1567 1815 824
1613 1628 824
1613 1708 824
1613 1714 824
1648 1889 824
1665 1909 824
1674 1767 824
1674 1916 824
1675 1684 824
1675 1765 824
1684 1916 824
1695 1757 824
1695 1920 824
1698 1795 824
1700 1763 824
1702 1749 824
1704 1912 824
1730 1763 824
1757 1920 824
1764 1792 824
1780 1821 824
1795 1909 824
1821 1833 824
1851 1855 824
1861 1902 824
1890 1916 824
1428 1477 825
1428 1578 825
1452 1477 825
1457 1489 825
1459 1522 825
1480 1797 825
1482 1533 825
1501 1532 825
1501 1837 825
1558 1700 825
1558 1730 825
1579 1700 825
1613 1708 825
1628 1708 825
1628 1723 825
1665 1704 825
1665 1775 825
1674 1675 825
1674 1767 825
1674 1916 825
1675 1765 825
1695 1697 825
1698 1720 825
1698 1775 825
1700 1763 825
1708 1723 825
1710 1902 825
1711 1749 825
1714 1822 825
1720 1792 825
1723 1911 825
1757 1920 825
1764 1792 825
1765 1767 825
1767 1916 825
1780 1833 825
1428 1452 826
1428 1471 826
1428 1578 826
1429 1489 826
1452 1477 826
1452 1578 826
1457 1551 826
1471 1578 826
1480 1797 826
1482 1585 826
1501 1837 826
1503 1567 826
1528 1847 826
1549 1730 826
1558 1700 826
1558 1730 826
1579 1700 826
1579 1730 826
1613 1628 826
1648 1909 826
1665 1704 826
1695 1697 826
1700 1763 826
1710 1902 826
1714 1767 826
1722 1838 826
1757 1920 826
1764 1792 826
1787 1792 826
1847 1866 826
1428 1471 827
1428 1477 827
1434 1560 827
1434 1885 827
1452 1477 827
1480 1797 827
1482 1533 827
1489 1551 827
1501 1837 827
1503 1567 827
1528 1705 827
1528 1847 827
1549 1730 827
1558 1730 827
1579 1700 827
1579 1730 827
1625 1902 827
1625 1909 827
1628 1708 827
1665 1704 827
1673 1723 827
1673 1916 827
1695 1757 827
1695 1920 827
1697 1766 827
1700 1730 827
1708 1714 827
1710 1902 827
1714 1916 827
1722 1795 827
1722 1838 827
1723 1916 827
1752 1766 827
1757 1920 827
1766 1889 827
1792 1889 827
1795 1838 827
1838 1909 827
1847 1866 827
1434 1885 828
1480 1797 828
1503 1567 828
1558 1730 828
1604 1711 828
1604 1749 828
1628 1722 828
1648 1889 828
1666 1765 828
1695 1697 828
1697 1743 828
1697 1920 828
1698 1787 828
1698 1792 828
1700 1730 828
1700 1763 828
1711 1749 828
1722 1795 828
1723 1916 828
1775 1792 828
1787 1792 828
1861 1889 828
1428 1477 829
1434 1560 829
1434 1885 829
1489 1551 829
1558 1579 829
1558 1700 829
1579 1700 829
1604 1711 829
1613 1767 829
1625 1710 829
1665 1674 829
1673 1723 829
1673 1822 829
1695 1757 829
1695 1920 829
1698 1764 829
1700 1730 829
1700 1763 829
1722 1732 829
1722 1795 829
1723 1909 829
1752 1766 829
1757 1920 829
1775 1787 829
1790 1851 829
1790 1855 829
1851 1855 829
1911 1916 829
1426 1498 830
1431 1439 830
1434 1885 830
1502 1837 830
1503 1815 830
1558 1700 830
1560 1572 830
1563 1567 830
1572 1866 830
1579 1700 830
1628 1767 830
1673 1767 830
1695 1920 830
1700 1730 830
1700 1763 830
1708 1720 830
1714 1723 830
1714 1767 830
1720 1890 830
1723 1822 830
1752 1766 830
1757 1920 830
1767 1822 830
1775 1851 830
1790 1851 830
1790 1855 830
1821 1833 830
1847 1866 830
1851 1855 830
1911 1916 830
1428 1471 831
1428 1578 831
1431 1439 831
1431 1480 831
1434 1885 831
1480 1797 831
1503 1815 831
1528 1866 831
1558 1700 831
1558 1730 831
1560 1572 831
1567 1815 831
1579 1700 831
1604 1684 831
1604 1749 831
1648 1673 831
1665 1704 831
1665 1912 831
1673 1723 831
1674 1684 831
1674 1911 831
1684 1911 831
1698 1792 831
1700 1763 831
1704 1912 831
1708 1720 831
1708 1890 831
1720 1765 831
1720 1890 831
1757 1920 831
1765 1890 831
1790 1861 831
1795 1909 831
1815 1857 831
1821 1833 831
1909 1911 831
1439 1493 832
1439 1797 832
1471 1578 832
1480 1797 832
1482 1533 832
1558 1579 832
1558 1700 832
1558 1763 832
1560 1572 832
1560 1885 832
1604 1711 832
1604 1749 832
1613 1666 832
1613 1723 832
1613 1822 832
1625 1902 832
1628 1714 832
1665 1764 832
1665 1792 832
1673 1767 832
1674 1790 832
1695 1757 832
1695 1920 832
1700 1763 832
1702 1749 832
1710 1902 832
1711 1749 832
1714 1723 832
1720 1743 832
1720 1766 832
1720 1890 832
1743 1890 832
1765 1890 832
1861 1889 832
1428 1477 833
1428 1578 833
1452 1477 833
1471 1578 833
1558 1700 833
1558 1763 833
1560 1572 833
1560 1885 833
1572 1885 833
1604 1702 833
1604 1711 833
1613 1714 833
1625 1911 833
1666 1916 833
1674 1790 833
1674 1890 833
1695 1757 833
1700 1763 833
1702 1711 833
1702 1749 833
1710 1911 833
1714 1723 833
1720 1757 833
1752 1772 833
1765 1890 833
1766 1772 833
1795 1838 833
1822 1916 833
1902 1911 833
1428 1477 834
1428 1578 834
1434 1885 834
1471 1578 834
1480 1797 834
1482 1533 834
1558 1579 834
1558 1700 834
1558 1763 834
1560 1572 834
1572 1885 834
1579 1700 834
1613 1673 834
1613 1767 834
1625 1795 834
1625 1902 834
1625 1911 834
1665 1698 834
1674 1757 834
1674 1790 834
1695 1920 834
1700 1763 834
1704 1912 834
1714 1723 834
1752 1772 834
1757 1920 834
1765 1890 834
1765 1911 834
1775 1787 834
1780 1821 834
1795 1838 834
1821 1833 834
1428 1477 835
1428 1578 835
1434 1560 835
1480 1797 835
1482 1533 835
1482 1585 835
1503 1563 835
1503 1815 835
1552 1700 835
1558 1700 835
1558 1763 835
1560 1572 835
1560 1885 835
1572 1885 835
1579 1700 835
1613 1916 835
1625 1795 835
1628 1714 835
1673 1714 835
1695 1757 835
1695 1920 835
1698 1787 835
1700 1763 835
1704 1708 835
1704 1912 835
1708 1732 835
1708 1912 835
1714 1723 835
1714 1916 835
1720 1722 835
1723 1916 835
1757 1790 835
1757 1920 835
1764 1787 835
1765 1911 835
1775 1787 835
1780 1821 835
1787 1792 835
1790 1920 835
1822 1916 835
1838 1909 835
1902 1911 835
1428 1477 836
1428 1578 836
1480 1797 836
1482 1533 836
1503 1815 836
1522 1585 836
1558 1700 836
1558 1763 836
1560 1572 836
1560 1885 836
1567 1815 836
1579 1700 836
1613 1767 836
1625 1902 836
1625 1911 836
1673 1822 836
1673 1916 836
1684 1749 836
1695 1757 836
1695 1920 836
1697 1787 836
1698 1775 836
1700 1763 836
1708 1761 836
1714 1767 836
1714 1822 836
1722 1795 836
1757 1920 836
1761 1766 836
1767 1822 836
1775 1787 836
1780 1821 836
1790 1838 836
1822 1916 836
1890 1911 836
1429 1552 837
1452 1578 837
1480 1797 837
1552 1567 837
1558 1579 837
1558 1730 837
1560 1885 837
1613 1767 837
1613 1916 837
1628 1916 837
1648 1889 837
1665 1792 837
1673 1822 837
1673 1916 837
1695 1757 837
1695 1761 837
1695 1920 837
1697 1765 837
1698 1792 837
1700 1763 837
1704 1912 837
1708 1761 837
1714 1889 837
1722 1795 837
1722 1911 837
1757 1920 837
1765 1775 837
1767 1916 837
1780 1835 837
1795 1909 837
1795 1911 837
1902 1911 837
1471 1578 838
1480 1797 838
1482 1533 838
1558 1579 838
1558 1700 838
1558 1730 838
1563 1567 838
1579 1700 838
1613 1666 838
1628 1916 838
1688 1695 838
1688 1752 838
1695 1757 838
1695 1761 838
1697 1698 838
1697 1787 838
1697 1792 838
1708 1714 838
1708 1761 838
1720 1911 838
1722 1795 838
1752 1757 838
1752 1766 838
1757 1761 838
1757 1920 838
1890 1911 838
1434 1560 839
1480 1797 839
1482 1498 839
1503 1563 839
1552 1567 839
1558 1579 839
1558 1763 839
1563 1567 839
1579 1730 839
1613 1723 839
1613 1767 839
1628 1708 839
1688 1757 839
1695 1757 839
1695 1765 839
1695 1920 839
1700 1730 839
1700 1763 839
1722 1795 839
1732 1911 839
1757 1920 839
1764 1787 839
1787 1792 839
1890 1911 839
1909 1911 839
1434 1560 840
1480 1797 840
1482 1498 840
1482 1533 840
1503 1563 840
1558 1579 840
1558 1700 840
1560 1572 840
1560 1885 840
1572 1885 840
1579 1700 840
1579 1730 840
1604 1749 840
1613 1673 840
1613 1822 840
1613 1916 840
1666 1775 840
1684 1752 840
1695 1757 840
1695 1920 840
1700 1763 840
1702 1749 840
1705 1866 840
1708 1911 840
1714 1767 840
1722 1909 840
1732 1890 840
1743 1765 840
1752 1772 840
1757 1920 840
1780 1821 840
1787 1792 840
1790 1912 840
1792 1909 840
1838 1909 840
1861 1889 840
1431 1480 841
1434 1560 841
1434 1572 841
1443 1480 841
1480 1797 841
1482 1533 841
1501 1837 841
1503 1563 841
1558 1579 841
1558 1700 841
1560 1572 841
1560 1885 841
1572 1885 841
1579 1700 841
1625 1722 841
1625 1795 841
1684 1772 841
1695 1761 841
1700 1763 841
1708 1732 841
1710 1822 841
1714 1767 841
1722 1795 841
1722 1838 841
1722 1909 841
1757 1920 841
1780 1821 841
1795 1909 841
1821 1895 841
1822 1916 841
1835 1847 841
1847 1866 841
1861 1889 841
1902 1909 841
1434 1560 842
1434 1885 842
1471 1578 842
1480 1797 842
1482 1498 842
1501 1837 842
1503 1563 842
1503 1815 842
1519 1885 842
1558 1579 842
1558 1700 842
1560 1572 842
1560 1885 842
1579 1700 842
1628 1890 842
1665 1792 842
1673 1916 842
1688 1761 842
1695 1920 842
1697 1764 842
1697 1766 842
1720 1787 842
1722 1909 842
1752 1766 842
1757 1920 842
1780 1821 842
1780 1833 842
1780 1835 842
1847 1866 842
1861 1889 842
1426 1498 843
1434 1560 843
1434 1572 843
1434 1885 843
1501 1837 843
1503 1563 843
1519 1560 843
1549 1730 843
1558 1579 843
1558 1700 843
1560 1572 843
1560 1885 843
1572 1885 843
1579 1700 843
1604 1702 843
1613 1767 843
1613 1916 843
1628 1765 843
1628 1911 843
1665 1792 843
1673 1767 843
1673 1787 843
1688 1757 843
1688 1761 843
1695 1920 843
1697 1764 843
1698 1775 843
1702 1711 843
1704 1761 843
1723 1916 843
1752 1766 843
1752 1772 843
1757 1761 843
1761 1890 843
1780 1833 843
1780 1835 843
1787 1916 843
1790 1851 843
1795 1911 843
1847 1866 843
1890 1912 843
1431 1797 844
1443 1480 844
1452 1578 844
1501 1837 844
1521 1824 844
1549 1558 844
1558 1579 844
1558 1700 844
1558 1730 844
1560 1572 844
1604 1711 844
1695 1838 844
1697 1708 844
1697 1764 844
1698 1714 844
1700 1763 844
1702 1749 844
1705 1847 844
1708 1732 844
1708 1761 844
1708 1792 844
1711 1749 844
1752 1766 844
1752 1772 844
1767 1916 844
1780 1821 844
1780 1835 844
1790 1855 844
1795 1838 844
1822 1916 844
1431 1797 845
1480 1797 845
1482 1533 845
1558 1700 845
1558 1730 845
1560 1572 845
1560 1885 845
1572 1885 845
1625 1909 845
1628 1708 845
1628 1911 845
1665 1696 845
1673 1767 845
1674 1696 845
1697 1764 845
1700 1763 845
1732 1909 845
1752 1920 845
1757 1920 845
1780 1821 845
1790 1851 845
1790 1855 845
1434 1560 846
1498 1522 846
1503 1563 846
1503 1815 846
1528 1866 846
1552 1700 846
1558 1579 846
1558 1700 846
1560 1572 846
1560 1885 846
1604 1749 846
1613 1673 846
1673 1767 846
1674 1696 846
1684 1912 846
1697 1909 846
1722 1795 846
1752 1766 846
1757 1761 846
1765 1795 846
1821 1833 846
1426 1533 847
1434 1885 847
1503 1563 847
1503 1815 847
1521 1745 847
1521 1824 847
1549 1552 847
1558 1579 847
1558 1700 847
1560 1572 847
1560 1885 847
1572 1885 847
1613 1767 847
1613 1916 847
1628 1838 847
1674 1696 847
1700 1763 847
1702 1749 847
1704 1890 847
1708 1838 847
1745 1824 847
1752 1766 847
1767 1916 847
1775 1890 847
1838 1909 847
1434 1885 848
1457 1730 848
1482 1533 848
1503 1563 848
1519 1885 848
1552 1700 848
1558 1579 848
1558 1700 848
1560 1885 848
1572 1885 848
1604 1711 848
1604 1749 848
1613 1723 848
1628 1704 848
1628 1732 848
1674 1696 848
1695 1757 848
1695 1920 848
1700 1763 848
1704 1890 848
1714 1822 848
1752 1775 848
1757 1920 848
1767 1822 848
1838 1909 848
1437 1563 849
1549 1552 849
1549 1700 849
1552 1700 849
1560 1572 849
1560 1885 849
1572 1885 849
1613 1673 849
1613 1714 849
1625 1902 849
1628 1704 849
1628 1890 849
1684 1772 849
1695 1912 849
1700 1763 849
1704 1890 849
1708 1911 849
1711 1749 849
1720 1722 849
1720 1795 849
1722 1795 849
1752 1772 849
1757 1761 849
1780 1833 849
1429 1489 850
1437 1563 850
1439 1480 850
1471 1578 850
1482 1533 850
1503 1539 850
1503 1563 850
1528 1705 850
1528 1866 850
1539 1563 850
1539 1815 850
1552 1558 850
1552 1579 850
1552 1700 850
1558 1579 850
1558 1700 850
1560 1572 850
1560 1885 850
1572 1885 850
1579 1763 850
1604 1702 850
1628 1704 850
1628 1890 850
1695 1761 850
1695 1912 850
1697 1764 850
1702 1749 850
1702 1890 850
1704 1890 850
1720 1722 850
1720 1795 850
1720 1909 850
1752 1761 850
1752 1766 850
1761 1766 850
1761 1920 850
1780 1835 850
1790 1792 850
1838 1909 850
1851 1855 850
1429 1489 851
1437 1563 851
1452 1477 851
1452 1578 851
1482 1533 851
1503 1539 851
1503 1563 851
1539 1563 851
1549 1552 851
1552 1700 851
1558 1579 851
1560 1572 851
1560 1885 851
1572 1885 851
1625 1772 851
1628 1704 851
1628 1890 851
1648 1889 851
1684 1772 851
1695 1912 851
1697 1792 851
1704 1822 851
1704 1890 851
1714 1916 851
1722 1795 851
1743 1790 851
1752 1766 851
1757 1761 851
1761 1920 851
1765 1911 851
1780 1835 851
1833 1857 851
1851 1855 851
1437 1563 852
1480 1797 852
1521 1824 852
1552 1700 852
1560 1572 852
1560 1885 852
1572 1885 852
1604 1702 852
1628 1665 852
1684 1766 852
1684 1772 852
1695 1757 852
1695 1761 852
1695 1912 852
1695 1920 852
1711 1749 852
1720 1732 852
1720 1838 852
1722 1775 852
1722 1795 852
1732 1911 852
1743 1790 852
1752 1766 852
1757 1761 852
1757 1920 852
1761 1920 852
1780 1835 852
1795 1909 852
1822 1916 852
1833 1857 852
1429 1489 853
1452 1730 853
1560 1885 853
1625 1902 853
1628 1890 853
1673 1714 853
1673 1765 853
1673 1822 853
1695 1702 853
1695 1761 853
1697 1792 853
1714 1822 853
1720 1722 853
1720 1766 853
1743 1790 853
1757 1761 853
1766 1909 853
1767 1822 853
1822 1916 853
1426 1498 854
1434 1885 854
1452 1477 854
1457 1730 854
1459 1498 854
1482 1498 854
1482 1533 854
1498 1522 854
1500 1847 854
1558 1579 854
1567 1763 854
1613 1708 854
1628 1761 854
1695 1912 854
1697 1765 854
1704 1890 854
1704 1911 854
1714 1916 854
1722 1752 854
1722 1795 854
1722 1909 854
1743 1790 854
1752 1772 854
1766 1795 854
1775 1902 854
1780 1821 854
1780 1835 854
1780 1895 854
1795 1909 854
1821 1833 854
1822 1916 854
1838 1909 854
1890 1911 854
1426 1459 855
1429 1489 855
1434 1885 855
1437 1563 855
1452 1477 855
1453 1551 855
1471 1477 855
1471 1578 855
1480 1797 855
1498 1522 855
1500 1847 855
1521 1745 855
1552 1700 855
1613 1911 855
1628 1665 855
1628 1704 855
1628 1711 855
1666 1674 855
1673 1714 855
1673 1822 855
1695 1761 855
1695 1912 855
1702 1749 855
1702 1912 855
1714 1916 855
1722 1795 855
1732 1911 855
1743 1790 855
1780 1835 855
1802 1837 855
1833 1895 855
1847 1866 855
1426 1459 856
1431 1480 856
1434 1885 856
1437 1501 856
1439 1797 856
1459 1498 856
1459 1522 856
1480 1797 856
1482 1498 856
1500 1847 856
1500 1866 856
1501 1532 856
1528 1705 856
1532 1802 856
1567 1700 856
1628 1911 856
1665 1890 856
1674 1696 856
1675 1688 856
1695 1761 856
1695 1920 856
1702 1749 856
1704 1890 856
1705 1866 856
1711 1765 856
1714 1723 856
1714 1916 856
1722 1795 856
1743 1766 856
1743 1790 856
1752 1766 856
1752 1772 856
1757 1761 856
1761 1920 856
1766 1772 856
1766 1790 856
1795 1909 856
1838 1909 856
1847 1866 856
1851 1855 856
1426 1459 857
1426 1498 857
1429 1489 857
1431 1439 857
1431 1480 857
1434 1885 857
1457 1730 857
1459 1498 857
1459 1522 857
1480 1797 857
1482 1498 857
1528 1866 857
1532 1802 857
1613 1732 857
1628 1711 857
1628 1890 857
1665 1890 857
1673 1767 857
1674 1696 857
1684 1761 857
1684 1772 857
1688 1695 857
1688 1702 857
1695 1757 857
1695 1761 857
1702 1749 857
1704 1890 857
1711 1765 857
1714 1723 857
1722 1795 857
1752 1766 857
1757 1761 857
1757 1912 857
1757 1920 857
1766 1772 857
1775 1851 857
1780 1821 857
1821 1833 857
1429 1551 858
1431 1439 858
1431 1480 858
1431 1493 858
1434 1560 858
1434 1885 858
1437 1563 858
1437 1833 858
1439 1480 858
1457 1730 858
1459 1498 858
1482 1498 858
1482 1585 858
1503 1539 858
1503 1563 858
1604 1702 858
1613 1704 858
1613 1708 858
1625 1767 858
1665 1704 858
1665 1732 858
1665 1890 858
1673 1688 858
1673 1902 858
1688 1761 858
1695 1790 858
1697 1698 858
1700 1763 858
1702 1749 858
1714 1723 858
1714 1822 858
1723 1916 858
1761 1790 858
1780 1857 858
1822 1916 858
1851 1855 858
1431 1439 859
1431 1480 859
1434 1885 859
1439 1480 859
1439 1797 859
1443 1493 859
1480 1797 859
1498 1522 859
1502 1532 859
1521 1745 859
1552 1700 859
1560 1572 859
1604 1702 859
1613 1732 859
1625 1688 859
1625 1902 859
1628 1790 859
1665 1704 859
1665 1890 859
1674 1675 859
1674 1696 859
1688 1743 859
1688 1761 859
1688 1909 859
1697 1764 859
1697 1792 859
1698 1792 859
1704 1890 859
1714 1822 859
1720 1761 859
1720 1767 859
1720 1838 859
1722 1795 859
1723 1822 859
1723 1916 859
1743 1766 859
1749 1757 859
1780 1835 859
1822 1916 859
1838 1909 859
1434 1885 860
1439 1480 860
1457 1730 860
1471 1477 860
1471 1578 860
1480 1797 860
1498 1585 860
1503 1563 860
1549 1552 860
1552 1700 860
1560 1572 860
1579 1763 860
1604 1702 860
1613 1732 860
1628 1790 860
1665 1704 860
1665 1890 860
1666 1697 860
1666 1698 860
1674 1696 860
1675 1790 860
1688 1757 860
1688 1761 860
1696 1775 860
1696 1790 860
1698 1787 860
1704 1890 860
1708 1732 860
1714 1723 860
1714 1822 860
1722 1795 860
1780 1835 860
1838 1902 860
1851 1855 860
1434 1560 861
1434 1885 861
1439 1797 861
1471 1477 861
1471 1578 861
1480 1797 861
1482 1522 861
1552 1730 861
1560 1572 861
1563 1567 861
1604 1702 861
1613 1708 861
1628 1708 861
1665 1704 861
1665 1890 861
1674 1790 861
1688 1761 861
1695 1752 861
1695 1761 861
1696 1790 861
1702 1711 861
1704 1890 861
1720 1838 861
1743 1861 861
1775 1792 861
1780 1835 861
1902 1920 861
1434 1885 862
1480 1797 862
1528 1866 862
1539 1815 862
1552 1700 862
1560 1885 862
1563 1567 862
1579 1763 862
1604 1702 862
1604 1749 862
1625 1902 862
1628 1765 862
1628 1890 862
1665 1704 862
1665 1890 862
1666 1787 862
1673 1916 862
1674 1675 862
1688 1761 862
1695 1766 862
1696 1790 862
1700 1763 862
1704 1890 862
1711 1766 862
1714 1916 862
1752 1766 862
1757 1761 862
1757 1902 862
1780 1835 862
1434 1885 863
1480 1797 863
1498 1585 863
1528 1866 863
1552 1700 863
1552 1730 863
1560 1885 863
1604 1749 863
1625 1902 863
1628 1695 863
1628 1752 863
1628 1890 863
1665 1704 863
1673 1822 863
1673 1916 863
1674 1675 863
1674 1790 863
1675 1790 863
1688 1761 863
1695 1704 863
1695 1890 863
1696 1790 863
1697 1787 863
1700 1730 863
1702 1749 863
1704 1890 863
1710 1714 863
1714 1822 863
1720 1757 863
1720 1838 863
1730 1763 863
1757 1761 863
1761 1795 863
1780 1835 863
1429 1437 864
1434 1885 864
1459 1522 864
1482 1522 864
1498 1585 864
1552 1700 864
1560 1885 864
1579 1763 864
1604 1749 864
1625 1902 864
1628 1890 864
1673 1767 864
1673 1912 864
1673 1916 864
1675 1790 864
1675 1822 864
1684 1711 864
1695 1711 864
1695 1772 864
1698 1775 864
1702 1749 864
1708 1911 864
1720 1902 864
1720 1909 864
1757 1761 864
1761 1920 864
1767 1822 864
1780 1835 864
1902 1909 864
1426 1482 865
1434 1885 865
1489 1551 865
1552 1700 865
1558 1730 865
1560 1885 865
1563 1567 865
1579 1763 865
1604 1702 865
1604 1749 865
1613 1708 865
1625 1902 865
1628 1665 865
1628 1704 865
1628 1912 865
1673 1767 865
1673 1890 865
1684 1711 865
1684 1890 865
1684 1916 865
1688 1761 865
1695 1711 865
1698 1787 865
1702 1749 865
1714 1822 865
1720 1909 865
1757 1761 865
1766 1890 865
1780 1835 865
1847 1866 865
1851 1855 865
1429 1551 866
1434 1885 866
1437 1563 866
1489 1551 866
1528 1847 866
1528 1866 866
1549 1700 866
1552 1700 866
1563 1567 866
1579 1700 866
1579 1763 866
1604 1702 866
1604 1749 866
1613 1708 866
1628 1704 866
1666 1787 866
1675 1695 866
1675 1790 866
1684 1711 866
1695 1772 866
1697 1792 866
1698 1792 866
1700 1763 866
1702 1749 866
1708 1911 866
1711 1916 866
1714 1767 866
1720 1722 866
1720 1909 866
1752 1766 866
1752 1890 866
1766 1890 866
1780 1835 866
1795 1909 866
1821 1833 866
1431 1480 867
1434 1519 867
1434 1885 867
1452 1477 867
1471 1578 867
1489 1551 867
1528 1847 867
1528 1866 867
1552 1700 867
1560 1572 867
1579 1763 867
1604 1702 867
1625 1902 867
1666 1697 867
1675 1757 867
1675 1790 867
1684 1711 867
1688 1757 867
1695 1772 867
1698 1775 867
1700 1763 867
1702 1749 867
1720 1909 867
1722 1795 867
1722 1909 867
1723 1822 867
1752 1766 867
1752 1890 867
1766 1890 867
1772 1890 867
1780 1835 867
1795 1838 867
1795 1909 867
1821 1833 867
1833 1857 867
1851 1855 867
1431 1439 868
1452 1477 868
1480 1797 868
1482 1522 868
1528 1560 868
1528 1847 868
1552 1700 868
1552 1730 868
1572 1866 868
1604 1702 868
1604 1749 868
1613 1911 868
1628 1704 868
1628 1890 868
1666 1792 868
1675 1790 868
1684 1711 868
1688 1757 868
1695 1766 868
1695 1772 868
1695 1909 868
1700 1763 868
1702 1749 868
1704 1890 868
1714 1822 868
1720 1909 868
1722 1795 868
1743 1757 868
1752 1766 868
1772 1775 868
1775 1909 868
1780 1835 868
1821 1833 868
1833 1895 868
1480 1797 869
1500 1847 869
1503 1567 869
1519 1560 869
1522 1533 869
1539 1837 869
1552 1700 869
1560 1572 869
1572 1866 869
1604 1702 869
1604 1749 869
1613 1732 869
1628 1704 869
1628 1912 869
1673 1708 869
1673 1766 869
1675 1787 869
1684 1711 869
1696 1790 869
1697 1792 869
1700 1763 869
1702 1749 869
1704 1890 869
1711 1752 869
1714 1723 869
1714 1916 869
1722 1795 869
1743 1861 869
1767 1916 869
1780 1835 869
1821 1833 869
1434 1560 870
1439 1797 870
1480 1797 870
1498 1585 870
1500 1847 870
1519 1560 870
1522 1533 870
1528 1847 870
1549 1700 870
1552 1700 870
1552 1730 870
1558 1730 870
1560 1572 870
1567 1815 870
1579 1763 870
1625 1902 870
1628 1890 870
1665 1704 870
1666 1792 870
1674 1790 870
1674 1909 870
1684 1711 870
1684 1752 870
1695 1761 870
1695 1766 870
1695 1772 870
1704 1890 870
1711 1752 870
1714 1822 870
1722 1749 870
1743 1792 870
1761 1772 870
1767 1775 870
1780 1835 870
1790 1851 870
1426 1533 871
1437 1563 871
1439 1493 871
1452 1477 871
1482 1533 871
1503 1815 871
1522 1533 871
1528 1847 871
1549 1700 871
1558 1700 871
1567 1815 871
1628 1890 871
1648 1697 871
1673 1752 871
1695 1704 871
1695 1772 871
1696 1790 871
1698 1792 871
1702 1749 871
1704 1766 871
1714 1723 871
1714 1822 871
1720 1838 871
1722 1795 871
1780 1835 871
1847 1866 871
1851 1855 871
1890 1912 871
1426 1498 872
1429 1551 872
1434 1572 872
1500 1528 872
1500 1572 872
1522 1533 872
1528 1847 872
1528 1866 872
1549 1700 872
1552 1700 872
1558 1730 872
1572 1866 872
1665 1792 872
1673 1764 872
1673 1766 872
1675 1775 872
1675 1787 872
1695 1761 872
1696 1790 872
1698 1787 872
1700 1763 872
1702 1749 872
1704 1890 872
1711 1749 872
1720 1838 872
1722 1795 872
1757 1761 872
1764 1766 872
1775 1787 872
1780 1835 872
1851 1855 872
1890 1912 872
1911 1916 872
1426 1522 873
1431 1439 873
1459 1522 873
1482 1498 873
1489 1551 873
1522 1533 873
1528 1847 873
1528 1866 873
1532 1802 873
1549 1700 873
1552 1700 873
1572 1885 873
1604 1702 873
1665 1704 873
1665 1890 873
1665 1912 873
1666 1698 873
1673 1916 873
1675 1698 873
1675 1775 873
1696 1790 873
1700 1763 873
1704 1890 873
1711 1749 873
1732 1790 873
1743 1889 873
1752 1792 873
1757 1761 873
1767 1911 873
1780 1835 873
1792 1890 873
1795 1838 873
1802 1837 873
1833 1835 873
1890 1912 873
1459 1522 874
1522 1533 874
1522 1585 874
1532 1802 874
1549 1700 874
1558 1730 874
1579 1700 874
1613 1710 874
1613 1767 874
1613 1772 874
1613 1911 874
1625 1902 874
1628 1838 874
1648 1674 874
1665 1695 874
1665 1704 874
1673 1916 874
1674 1749 874
1675 1787 874
1684 1890 874
1695 1772 874
1696 1732 874
1696 1787 874
1696 1790 874
1698 1723 874
1698 1787 874
1710 1752 874
1714 1775 874
1722 1795 874
1732 1790 874
1766 1916 874
1767 1916 874
1780 1835 874
1802 1837 874
1833 1835 874
1847 1866 874
1851 1855 874
1890 1912 874
1429 1489 875
1429 1551 875
1437 1563 875
1439 1797 875
1482 1498 875
1528 1705 875
1528 1866 875
1549 1700 875
1552 1700 875
1579 1700 875
1613 1822 875
1613 1911 875
1628 1890 875
1673 1767 875
1674 1711 875
1684 1912 875
1688 1757 875
1695 1772 875
1697 1792 875
1702 1749 875
1704 1890 875
1708 1861 875
1720 1838 875
1722 1795 875
1722 1838 875
1767 1916 875
1780 1835 875
1802 1837 875
1821 1833 875
1847 1866 875
1426 1498 876
1429 1551 876
1437 1700 876
1482 1498 876
1533 1802 876
1549 1700 876
1613 1708 876
1625 1790 876
1628 1704 876
1628 1851 876
1628 1890 876
1673 1767 876
1673 1916 876
1675 1711 876
1675 1787 876
1697 1792 876
1700 1763 876
1702 1749 876
1722 1795 876
1732 1911 876
1743 1889 876
1780 1835 876
1833 1835 876
1847 1866 876
1426 1498 877
1437 1533 877
1482 1498 877
1521 1745 877
1528 1705 877
1528 1847 877
1552 1763 877
1579 1700 877
1604 1702 877
1604 1749 877
1613 1708 877
1675 1711 877
1675 1787 877
1675 1790 877
1684 1890 877
1688 1757 877
1695 1766 877
1697 1775 877
1702 1749 877
1705 1847 877
1711 1787 877
1711 1790 877
1714 1723 877
1720 1838 877
1720 1909 877
1752 1766 877
1780 1835 877
1787 1790 877
1822 1912 877
1847 1866 877
1851 1855 877
1439 1797 878
1459 1498 878
1500 1780 878
1500 1835 878
1500 1866 878
1528 1847 878
1549 1700 878
1552 1700 878
1552 1730 878
1604 1702 878
1604 1749 878
1604 1757 878
1648 1889 878
1665 1772 878
1666 1696 878
1673 1767 878
1673 1916 878
1675 1787 878
1688 1761 878
1700 1763 878
1702 1749 878
1705 1847 878
1708 1732 878
1711 1732 878
1711 1790 878
1720 1838 878
1722 1795 878
1723 1822 878
1780 1835 878
1822 1912 878
1833 1895 878
1847 1866 878
1429 1489 879
1429 1551 879
1434 1519 879
1459 1498 879
1498 1585 879
1502 1532 879
1528 1705 879
1528 1847 879
1532 1837 879
1549 1700 879
1552 1730 879
1665 1890 879
1666 1749 879
1673 1767 879
1674 1688 879
1674 1761 879
1675 1787 879
1684 1890 879
1688 1761 879
1697 1792 879
1702 1749 879
1704 1851 879
1705 1847 879
1711 1790 879
1722 1795 879
1723 1822 879
1743 1861 879
1752 1766 879
1761 1795 879
1795 1909 879
1426 1498 880
1434 1519 880
1459 1498 880
1482 1533 880
1498 1533 880
1498 1585 880
1500 1705 880
1503 1815 880
1528 1705 880
1528 1847 880
1549 1552 880
1552 1700 880
1567 1815 880
1613 1708 880
1613 1795 880
1613 1911 880
1625 1902 880
1628 1684 880
1666 1688 880
1673 1767 880
1673 1916 880
1675 1787 880
1684 1890 880
1695 1766 880
1697 1698 880
1698 1792 880
1704 1711 880
1704 1851 880
1708 1732 880
1708 1911 880
1710 1855 880
1711 1790 880
1714 1775 880
1714 1822 880
1720 1795 880
1722 1912 880
1723 1822 880
1766 1772 880
1790 1911 880
1795 1909 880
1847 1866 880
1426 1498 881
1426 1533 881
1429 1489 881
1431 1439 881
1459 1498 881
1498 1585 881
1500 1528 881
1500 1705 881
1522 1533 881
1528 1705 881
1528 1847 881
1552 1700 881
1665 1890 881
1675 1787 881
1675 1902 881
1688 1757 881
1688 1890 881
1688 1902 881
1698 1775 881
1700 1763 881
1702 1749 881
1710 1855 881
1711 1790 881
1722 1909 881
1723 1822 881
1752 1766 881
1838 1909 881
1431 1439 882
1459 1498 882
1498 1585 882
1500 1528 882
1500 1705 882
1500 1866 882
1503 1563 882
1522 1533 882
1528 1705 882
1549 1700 882
1552 1700 882
1613 1732 882
1625 1902 882
1628 1704 882
1628 1890 882
1648 1743 882
1665 1704 882
1673 1675 882
1673 1722 882
1673 1766 882
1673 1916 882
1674 1920 882
1675 1787 882
1688 1757 882
1698 1792 882
1700 1763 882
1702 1749 882
1704 1890 882
1711 1790 882
1711 1822 882
1720 1722 882
1720 1761 882
1720 1795 882
1722 1795 882
1723 1822 882
1743 1861 882
1752 1766 882
1766 1772 882
1767 1916 882
1838 1909 882
1851 1855 882
1429 1489 883
1431 1439 883
1503 1563 883
1522 1533 883
1528 1705 883
1552 1700 883
1558 1700 883
1579 1700 883
1604 1702 883
1625 1764 883
1665 1704 883
1673 1722 883
1673 1916 883
1674 1695 883
1674 1920 883
1675 1787 883
1684 1704 883
1698 1792 883
1700 1763 883
1702 1749 883
1704 1772 883
1711 1790 883
1711 1855 883
1714 1822 883
1720 1722 883
1720 1761 883
1720 1795 883
1732 1911 883
1743 1861 883
1752 1787 883
1780 1833 883
1790 1851 883
1861 1889 883
1429 1489 884
1431 1439 884
1439 1797 884
1489 1551 884
1503 1563 884
1522 1533 884
1528 1705 884
1560 1572 884
1579 1700 884
1604 1702 884
1613 1916 884
1625 1902 884
1666 1688 884
1675 1787 884
1684 1890 884
1698 1792 884
1700 1763 884
1702 1720 884
1702 1749 884
1704 1772 884
1711 1790 884
1720 1722 884
1720 1795 884
1722 1749 884
1722 1795 884
1743 1861 884
1790 1851 884
1838 1909 884
1861 1889 884
1429 1489 885
1431 1439 885
1437 1563 885
1489 1551 885
1498 1522 885
1503 1563 885
1528 1705 885
1549 1558 885
1549 1700 885
1558 1700 885
1563 1567 885
1579 1700 885
1604 1702 885
1613 1911 885
1628 1665 885
1628 1890 885
1648 1861 885
1673 1916 885
1674 1675 885
1674 1696 885
1684 1890 885
1695 1697 885
1695 1752 885
1698 1792 885
1700 1763 885
1711 1790 885
1720 1795 885
1743 1861 885
1790 1851 885
1838 1909 885
1851 1855 885
1861 1889 885
1429 1489 886
1503 1563 886
1519 1847 886
1528 1705 886
1549 1730 886
1558 1730 886
1560 1572 886
1563 1567 886
1579 1700 886
1604 1749 886
1628 1890 886
1665 1838 886
1675 1696 886
1675 1787 886
1684 1890 886
1688 1702 886
1688 1761 886
1695 1697 886
1695 1752 886
1697 1752 886
1697 1766 886
1700 1730 886
1704 1890 886
1714 1723 886
1720 1722 886
1720 1795 886
1723 1822 886
1790 1855 886
1838 1909 886
1429 1489 887
1437 1567 887
1503 1563 887
1522 1533 887
1528 1705 887
1558 1730 887
1558 1763 887
1560 1572 887
1579 1763 887
1613 1708 887
1613 1911 887
1675 1787 887
1688 1761 887
1695 1697 887
1695 1909 887
1698 1792 887
1711 1765 887
1711 1912 887
1714 1911 887
1720 1795 887
1723 1822 887
1838 1909 887
1437 1563 888
1452 1578 888
1459 1522 888
1482 1522 888
1522 1533 888
1528 1705 888
1579 1700 888
1579 1763 888
1604 1702 888
1625 1902 888
1628 1665 888
1628 1684 888
1648 1861 888
1648 1889 888
1665 1752 888
1665 1902 888
1666 1688 888
1668 1745 888
1673 1890 888
1674 1675 888
1675 1688 888
1675 1787 888
1695 1790 888
1697 1838 888
1697 1902 888
1698 1792 888
1700 1763 888
1704 1902 888
1711 1765 888
1720 1722 888
1720 1795 888
1743 1861 888
1752 1766 888
1752 1909 888
1767 1775 888
1780 1833 888
1790 1920 888
1861 1889 888
1429 1489 889
1437 1563 889
1482 1498 889
1528 1705 889
1552 1700 889
1558 1700 889
1613 1890 889
1625 1902 889
1628 1697 889
1648 1743 889
1666 1688 889
1673 1732 889
1675 1698 889
1675 1787 889
1675 1792 889
1688 1722 889
1688 1795 889
1698 1792 889
1702 1749 889
1704 1890 889
1708 1916 889
1720 1722 889
1720 1795 889
1722 1795 889
1743 1861 889
1764 1787 889
1780 1833 889
1790 1920 889
1847 1866 889
1861 1889 889
1429 1489 890
1437 1563 890
1482 1498 890
1498 1533 890
1528 1705 890
1552 1700 890
1558 1700 890
1579 1700 890
1648 1861 890
1665 1890 890
1675 1787 890
1695 1790 890
1697 1752 890
1697 1766 890
1698 1792 890
1700 1763 890
1711 1765 890
1711 1912 890
1714 1822 890
1720 1722 890
1720 1795 890
1722 1795 890
1743 1861 890
1752 1766 890
1761 1909 890
1765 1912 890
1780 1833 890
1790 1920 890
1838 1909 890
1861 1889 890
1437 1563 891
1482 1498 891
1498 1522 891
1522 1533 891
1528 1705 891
1549 1558 891
1558 1700 891
1579 1700 891
1604 1702 891
1604 1749 891
1613 1673 891
1613 1708 891
1688 1765 891
1695 1772 891
1695 1790 891
1695 1920 891
1696 1711 891
1697 1752 891
1697 1766 891
1698 1764 891
1700 1730 891
1700 1763 891
1711 1790 891
1714 1822 891
1720 1722 891
1720 1795 891
1722 1795 891
1743 1861 891
1780 1833 891
1790 1920 891
1902 1909 891
1437 1563 892
1439 1797 892
1480 1797 892
1482 1498 892
1482 1522 892
1498 1522 892
1528 1705 892
1549 1558 892
1558 1579 892
1558 1700 892
1579 1763 892
1604 1702 892
1604 1749 892
1613 1708 892
1613 1911 892
1613 1916 892
1625 1902 892
1648 1743 892
1665 1890 892
1666 1714 892
1673 1708 892
1675 1792 892
1684 1890 892
1688 1722 892
1688 1757 892
1688 1902 892
1696 1711 892
1697 1766 892
1698 1767 892
1698 1792 892
1698 1822 892
1700 1763 892
1702 1749 892
1720 1722 892
1720 1795 892
1720 1838 892
1722 1795 892
1743 1861 892
1752 1790 892
1752 1912 892
1766 1790 892
1766 1912 892
1767 1822 892
1780 1821 892
1790 1912 892
1795 1909 892
1851 1855 892
1429 1489 893
1429 1551 893
1437 1563 893
1439 1797 893
1482 1522 893
1489 1551 893
1498 1522 893
1528 1705 893
1549 1558 893
1549 1700 893
1552 1700 893
1579 1700 893
1579 1763 893
1604 1702 893
1604 1749 893
1613 1916 893
1648 1889 893
1665 1890 893
1673 1708 893
1684 1890 893
1688 1757 893
1688 1775 893
1695 1697 893
1695 1920 893
1696 1711 893
1697 1790 893
1700 1763 893
1702 1749 893
1708 1916 893
1714 1822 893
1720 1722 893
1720 1795 893
1722 1795 893
1722 1838 893
1743 1861 893
1743 1889 893
1752 1766 893
1787 1792 893
1790 1920 893
1795 1838 893
1795 1909 893
1802 1837 893
1911 1912 893
1429 1551 894
1437 1563 894
1459 1522 894
1482 1533 894
1489 1551 894
1503 1567 894
1522 1585 894
1528 1705 894
1532 1802 894
1533 1585 894
1579 1700 894
1604 1702 894
1604 1749 894
1625 1902 894
1628 1665 894
1628 1890 894
1665 1890 894
1666 1688 894
1673 1711 894
1673 1752 894
1675 1787 894
1688 1916 894
1695 1697 894
1695 1790 894
1695 1920 894
1696 1711 894
1697 1790 894
1702 1749 894
1704 1851 894
1708 1711 894
1708 1911 894
1711 1790 894
1720 1722 894
1720 1795 894
1743 1861 894
1767 1822 894
1772 1775 894
1790 1920 894
1838 1909 894
1429 1551 895
1437 1563 895
1482 1498 895
1489 1551 895
1498 1585 895
1503 1815 895
1528 1705 895
1560 1572 895
1563 1567 895
1579 1763 895
1604 1702 895
1625 1902 895
1628 1890 895
1665 1890 895
1675 1787 895
1695 1697 895
1702 1749 895
1704 1765 895
1704 1851 895
1708 1916 895
1714 1822 895
1720 1722 895
1720 1795 895
1722 1795 895
1765 1851 895
1765 1920 895
1767 1822 895
1780 1835 895
1847 1866 895
1851 1855 895
1890 1911 895
1431 1480 896
1437 1503 896
1437 1563 896
1437 1567 896
1482 1533 896
1498 1522 896
1498 1585 896
1501 1837 896
1503 1815 896
1528 1705 896
1579 1763 896
1604 1702 896
1628 1684 896
1628 1890 896
1628 1911 896
1665 1890 896
1684 1911 896
1695 1697 896
1695 1766 896
1697 1766 896
1711 1752 896
1711 1790 896
1720 1722 896
1720 1795 896
1722 1909 896
1743 1787 896
1752 1790 896
1772 1775 896
1780 1835 896
1795 1838 896
1795 1909 896
1890 1911 896
1426 1533 897
1429 1551 897
1431 1480 897
1434 1519 897
1434 1528 897
1434 1560 897
1459 1522 897
1500 1528 897
1501 1837 897
1503 1815 897
1528 1705 897
1528 1866 897
1558 1579 897
1558 1763 897
1579 1763 897
1604 1702 897
1613 1708 897
1613 1890 897
1613 1911 897
1613 1912 897
1628 1684 897
1628 1911 897
1665 1708 897
1665 1890 897
1674 1889 897
1675 1787 897
1684 1911 897
1688 1695 897
1695 1752 897
1695 1766 897
1702 1749 897
1708 1912 897
1711 1790 897
1714 1767 897
1714 1822 897
1720 1722 897
1752 1766 897
1752 1795 897
1772 1775 897
1780 1835 897
1838 1909 897
1851 1855 897
1890 1911 897
1429 1551 898
1434 1560 898
1459 1522 898
1498 1522 898
1500 1528 898
1522 1533 898
1522 1585 898
1549 1558 898
1552 1700 898
1560 1572 898
1560 1885 898
1579 1700 898
1579 1763 898
1613 1708 898
1613 1732 898
1613 1912 898
1625 1902 898
1628 1684 898
1673 1861 898
1688 1911 898
1695 1697 898
1695 1749 898
1697 1702 898
1697 1752 898
1702 1749 898
1708 1795 898
1714 1822 898
1722 1757 898
1780 1835 898
1795 1861 898
1821 1833 898
1426 1482 899
1429 1489 899
1434 1519 899
1452 1578 899
1459 1522 899
1482 1498 899
1519 1885 899
1528 1705 899
1549 1558 899
1552 1700 899
1558 1700 899
1572 1885 899
1579 1763 899
1604 1702 899
1604 1749 899
1628 1684 899
1648 1743 899
1675 1787 899
1695 1752 899
1695 1920 899
1697 1920 899
1702 1749 899
1714 1822 899
1722 1909 899
1772 1775 899
1780 1835 899
1780 1866 899
1821 1833 899
1851 1855 899
1426 1459 900
1426 1533 900
1434 1519 900
1434 1560 900
1459 1522 900
1459 1533 900
1477 1578 900
1480 1578 900
1482 1498 900
1498 1585 900
1503 1539 900
1503 1567 900
1503 1857 900
1539 1857 900
1549 1558 900
1549 1579 900
1558 1579 900
1558 1763 900
1560 1885 900
1567 1847 900
1572 1885 900
1579 1763 900
1613 1673 900
1613 1890 900
1673 1708 900
1684 1890 900
1688 1761 900
1695 1697 900
1695 1752 900
1697 1752 900
1697 1766 900
1697 1920 900
1698 1764 900
1700 1730 900
1704 1765 900
1708 1890 900
1723 1822 900
1767 1822 900
1775 1838 900
1780 1835 900
1821 1833 900
1838 1909 900
1847 1866 900
1426 1459 901
1431 1439 901
1437 1563 901
1459 1498 901
1459 1522 901
1549 1558 901
1552 1560 901
1558 1763 901
1560 1700 901
1567 1815 901
1572 1885 901
1579 1763 901
1585 1857 901
1613 1752 901
1628 1911 901
1648 1861 901
1675 1787 901
1684 1890 901
1688 1757 901
1688 1761 901
1697 1752 901
1697 1766 901
1697 1920 901
1702 1749 901
1752 1790 901
1757 1761 901
1765 1890 901
1766 1920 901
1767 1822 901
1780 1821 901
1795 1909 901
1426 1459 902
1429 1457 902
1429 1551 902
1552 1700 902
1558 1763 902
1613 1916 902
1628 1911 902
1688 1757 902
1695 1697 902
1695 1920 902
1697 1766 902
1702 1749 902
1704 1711 902
1720 1722 902
1722 1795 902
1723 1822 902
1757 1761 902
1766 1851 902
1772 1775 902
1780 1821 902
1426 1459 903
1429 1457 903
1429 1489 903
1429 1551 903
1434 1572 903
1437 1563 903
1503 1815 903
1528 1705 903
1528 1847 903
1549 1552 903
1552 1700 903
1558 1700 903
1572 1866 903
1579 1763 903
1613 1708 903
1613 1772 903
1625 1902 903
1628 1911 903
1674 1889 903
1684 1765 903
1688 1757 903
1697 1766 903
1714 1822 903
1720 1722 903
1722 1795 903
1743 1889 903
1765 1890 903
1772 1775 903
1780 1833 903
1790 1851 903
1821 1833 903
1838 1909 903
1426 1498 904
1429 1489 904
1431 1439 904
1437 1503 904
1471 1477 904
1471 1578 904
1503 1815 904
1519 1866 904
1528 1866 904
1558 1700 904
1558 1730 904
1572 1866 904
1613 1673 904
1625 1902 904
1628 1890 904
1628 1911 904
1684 1765 904
1697 1766 904
1700 1730 904
1704 1732 904
1708 1732 904
1714 1723 904
1714 1822 904
1720 1795 904
1730 1763 904
1743 1889 904
1752 1766 904
1772 1775 904
1851 1855 904
1437 1563 905
1459 1522 905
1471 1578 905
1480 1797 905
1498 1522 905
1503 1539 905
1503 1815 905
1519 1528 905
1522 1533 905
1528 1705 905
1528 1847 905
1549 1552 905
1549 1579 905
1552 1579 905
1567 1815 905
1572 1866 905
1579 1730 905
1579 1763 905
1613 1708 905
1628 1911 905
1648 1861 905
1673 1710 905
1673 1890 905
1674 1711 905
1674 1743 905
1674 1889 905
1675 1787 905
1688 1757 905
1688 1761 905
1688 1765 905
1688 1890 905
1695 1697 905
1695 1752 905
1695 1766 905
1695 1920 905
1697 1752 905
1697 1766 905
1697 1920 905
1711 1743 905
1711 1889 905
1722 1795 905
1723 1822 905
1732 1851 905
1780 1821 905
1780 1833 905
1833 1835 905
1847 1866 905
1851 1855 905
1437 1563 906
1471 1477 906
1498 1585 906
1519 1528 906
1519 1560 906
1522 1533 906
1528 1847 906
1552 1558 906
1552 1579 906
1552 1700 906
1558 1579 906
1558 1700 906
1558 1763 906
1567 1815 906
1572 1885 906
1613 1916 906
1674 1743 906
1674 1861 906
1674 1889 906
1675 1787 906
1688 1722 906
1688 1757 906
1688 1765 906
1695 1697 906
1695 1766 906
1695 1920 906
1697 1752 906
1697 1766 906
1698 1764 906
1698 1792 906
1702 1749 906
1704 1765 906
1705 1847 906
1705 1866 906
1711 1743 906
1711 1889 906
1714 1822 906
1720 1795 906
1723 1822 906
1743 1889 906
1752 1920 906
1772 1775 906
1780 1833 906
1780 1835 906
1790 1851 906
1838 1909 906
1847 1866 906
1851 1855 906
1434 1560 907
1434 1572 907
1434 1885 907
1471 1477 907
1498 1585 907
1503 1815 907
1519 1560 907
1528 1866 907
1549 1558 907
1560 1885 907
1567 1815 907
1579 1700 907
1585 1833 907
1625 1902 907
1648 1861 907
1666 1822 907
1674 1711 907
1674 1743 907
1674 1889 907
1688 1757 907
1688 1761 907
1688 1765 907
1695 1766 907
1697 1766 907
1704 1765 907
1705 1847 907
1705 1866 907
1708 1916 907
1711 1743 907
1714 1723 907
1714 1822 907
1752 1920 907
1780 1835 907
1847 1866 907
1861 1889 907
1426 1522 908
1429 1489 908
1434 1885 908
1459 1522 908
1471 1477 908
1489 1551 908
1498 1522 908
1519 1885 908
1522 1585 908
1528 1705 908
1528 1866 908
1558 1579 908
1558 1700 908
1558 1730 908
1560 1885 908
1579 1700 908
1579 1763 908
1604 1702 908
1625 1902 908
1628 1911 908
1666 1723 908
1666 1822 908
1674 1711 908
1674 1743 908
1675 1787 908
1688 1761 908
1695 1697 908
1695 1766 908
1705 1866 908
1708 1795 908
1711 1743 908
1723 1822 908
1732 1851 908
1752 1766 908
1764 1792 908
1767 1911 908
1772 1775 908
1780 1833 908
1780 1835 908
1790 1851 908
1821 1895 908
1833 1835 908
1838 1909 908
1847 1866 908
1851 1855 908
1855 1916 908
1431 1439 909
1434 1885 909
1437 1567 909
1459 1522 909
1489 1551 909
1498 1522 909
1500 1528 909
1503 1567 909
1503 1815 909
1579 1763 909
1604 1702 909
1625 1902 909
1628 1911 909
1648 1861 909
1665 1698 909
1666 1723 909
1674 1711 909
1674 1743 909
1675 1698 909
1695 1697 909
1695 1752 909
1695 1766 909
1695 1920 909
1697 1766 909
1697 1920 909
1698 1764 909
1698 1792 909
1704 1911 909
1705 1866 909
1711 1743 909
1711 1889 909
1720 1795 909
1743 1889 909
1752 1766 909
1752 1920 909
1764 1792 909
1766 1920 909
1780 1821 909
1780 1833 909
1780 1835 909
1780 1895 909
1790 1851 909
1821 1833 909
1821 1895 909
1833 1835 909
1847 1866 909
1855 1916 909
1857 1895 909
1429 1489 910
1434 1560 910
1434 1885 910
1452 1578 910
1459 1522 910
1480 1797 910
1498 1522 910
1503 1567 910
1539 1567 910
1560 1572 910
1560 1885 910
1579 1763 910
1604 1702 910
1648 1787 910
1674 1711 910
1674 1743 910
1674 1889 910
1675 1787 910
1695 1697 910
1695 1757 910
1695 1766 910
1697 1752 910
1697 1766 910
1697 1920 910
1704 1911 910
1711 1889 910
1720 1909 910
1723 1822 910
1732 1752 910
1752 1920 910
1765 1772 910
1765 1775 910
1772 1775 910
1780 1833 910
1790 1916 910
1795 1838 910
1821 1833 910
1838 1909 910
1851 1916 910
1855 1916 910
1429 1457 911
1429 1489 911
1431 1439 911
1431 1480 911
1434 1560 911
1434 1885 911
1437 1539 911
1439 1480 911
1459 1522 911
1480 1797 911
1498 1522 911
1558 1700 911
1560 1572 911
1579 1763 911
1628 1704 911
1665 1792 911
1695 1697 911
1695 1766 911
1695 1920 911
1697 1757 911
1697 1920 911
1704 1912 911
1711 1889 911
1714 1822 911
1720 1749 911
1720 1795 911
1720 1909 911
1723 1822 911
1757 1766 911
1780 1833 911
1780 1857 911
1790 1920 911
1821 1857 911
1847 1866 911
1851 1916 911
1429 1457 912
1429 1489 912
1437 1501 912
1439 1480 912
1457 1730 912
1459 1522 912
1480 1797 912
1498 1522 912
1528 1705 912
1549 1558 912
1549 1700 912
1579 1763 912
1604 1702 912
1604 1749 912
1613 1708 912
1628 1704 912
1674 1711 912
1695 1697 912
1695 1752 912
1695 1766 912
1697 1752 912
1697 1766 912
1697 1920 912
1702 1749 912
1714 1822 912
1720 1795 912
1720 1909 912
1780 1835 912
1795 1909 912
1851 1855 912
1851 1916 912
1855 1916 912
1426 1533 913
1429 1489 913
1431 1480 913
1457 1730 913
1459 1522 913
1480 1797 913
1528 1705 913
1560 1572 913
1563 1700 913
1579 1763 913
1628 1704 913
1665 1698 913
1665 1714 913
1665 1792 913
1674 1743 913
1684 1695 913
1684 1766 913
1688 1757 913
1695 1752 913
1695 1766 913
1697 1752 913
1698 1792 913
1702 1749 913
1702 1792 913
1702 1795 913
1705 1847 913
1711 1743 913
1723 1822 913
1743 1861 913
1743 1889 913
1765 1795 913
1855 1916 913
1861 1889 913
1426 1533 914
1434 1572 914
1434 1885 914
1439 1480 914
1457 1730 914
1502 1837 914
1549 1558 914
1552 1700 914
1558 1579 914
1560 1572 914
1579 1763 914
1613 1673 914
1625 1902 914
1665 1764 914
1666 1723 914
1674 1743 914
1674 1889 914
1684 1695 914
1684 1697 914
1695 1697 914
1695 1752 914
1697 1752 914
1702 1749 914
1702 1765 914
1704 1790 914
1705 1847 914
1705 1866 914
1714 1723 914
1720 1909 914
1743 1889 914
1761 1772 914
1761 1920 914
1795 1838 914
1795 1909 914
1838 1909 914
1429 1489 915
1437 1815 915
1459 1522 915
1498 1585 915
1503 1563 915
1503 1815 915
1528 1705 915
1552 1700 915
1558 1763 915
1560 1572 915
1560 1866 915
1563 1815 915
1579 1763 915
1613 1628 915
1665 1698 915
1666 1723 915
1666 1822 915
1673 1761 915
1674 1743 915
1674 1861 915
1674 1889 915
1684 1766 915
1695 1697 915
1695 1752 915
1697 1752 915
1698 1792 915
1702 1749 915
1704 1902 915
1708 1909 915
1711 1767 915
1723 1822 915
1743 1861 915
1743 1889 915
1757 1761 915
1764 1792 915
1772 1775 915
1795 1909 915
1855 1916 915
1861 1889 915
1426 1533 916
1429 1489 916
1429 1551 916
1431 1480 916
1431 1493 916
1431 1730 916
1434 1519 916
1434 1572 916
1434 1885 916
1437 1539 916
1437 1563 916
1439 1480 916
1439 1493 916
1459 1522 916
1498 1522 916
1502 1837 916
1522 1533 916
1549 1558 916
1552 1700 916
1560 1572 916
1560 1885 916
1563 1815 916
1579 1763 916
1613 1628 916
1674 1743 916
1674 1861 916
1684 1757 916
1695 1752 916
1697 1752 916
1704 1714 916
1705 1847 916
1711 1743 916
1720 1752 916
1743 1861 916
1743 1889 916
1752 1766 916
1757 1761 916
1757 1920 916
1780 1833 916
1780 1857 916
1795 1909 916
1855 1916 916
1429 1489 917
1437 1563 917
1439 1480 917
1459 1522 917
1480 1493 917
1503 1539 917
1503 1563 917
1528 1705 917
1532 1837 917
1558 1700 917
1567 1815 917
1579 1763 917
1604 1838 917
1613 1628 917
1625 1822 917
1673 1767 917
1684 1757 917
1695 1697 917
1695 1752 917
1697 1752 917
1698 1787 917
1704 1714 917
1704 1822 917
1705 1847 917
1711 1743 917
1714 1822 917
1720 1795 917
1720 1838 917
1752 1766 917
1757 1920 917
1772 1775 917
1795 1838 917
1795 1909 917
1429 1489 918
1434 1885 918
1437 1563 918
1459 1522 918
1459 1533 918
1482 1585 918
1498 1585 918
1503 1563 918
1503 1567 918
1528 1705 918
1528 1847 918
1558 1579 918
1558 1700 918
1560 1572 918
1579 1763 918
1613 1628 918
1613 1851 918
1628 1673 918
1673 1767 918
1674 1711 918
1684 1697 918
1684 1722 918
1702 1720 918
1704 1902 918
1705 1847 918
1705 1866 918
1711 1743 918
1711 1861 918
1714 1822 918
1720 1838 918
1720 1909 918
1722 1911 918
1743 1889 918
1772 1775 918
1780 1833 918
1780 1857 918
1795 1838 918
1795 1909 918
1833 1857 918
1838 1909 918
1855 1916 918
1426 1459 919
1429 1489 919
1434 1885 919
1459 1522 919
1482 1522 919
1482 1585 919
1498 1585 919
1503 1563 919
1503 1567 919
1528 1705 919
1532 1837 919
1560 1572 919
1560 1885 919
1572 1885 919
1579 1763 919
1613 1628 919
1613 1710 919
1625 1902 919
1628 1708 919
1673 1790 919
1684 1757 919
1695 1697 919
1695 1752 919
1697 1761 919
1702 1749 919
1714 1723 919
1714 1822 919
1720 1838 919
1720 1909 919
1723 1822 919
1752 1761 919
1752 1766 919
1772 1775 919
1780 1835 919
1780 1857 919
1780 1895 919
1795 1909 919
1833 1835 919
1855 1916 919
1857 1895 919
1434 1560 920
1459 1522 920
1480 1493 920
1498 1522 920
1498 1585 920
1500 1528 920
1500 1705 920
1501 1532 920
1501 1837 920
1519 1560 920
1519 1572 920
1528 1705 920
1528 1847 920
1532 1837 920
1552 1700 920
1560 1572 920
1579 1763 920
1684 1688 920
1695 1697 920
1695 1761 920
1697 1752 920
1702 1749 920
1705 1847 920
1705 1866 920
1720 1838 920
1723 1822 920
1732 1890 920
1743 1889 920
1752 1761 920
1752 1766 920
1772 1775 920
1780 1833 920
1790 1911 920
1833 1857 920
1835 1895 920
1847 1866 920
1431 1439 921
1434 1885 921
1437 1563 921
1500 1847 921
1500 1866 921
1503 1563 921
1528 1866 921
1532 1837 921
1549 1558 921
1549 1579 921
1552 1700 921
1558 1579 921
1558 1763 921
1560 1572 921
1563 1700 921
1579 1700 921
1579 1763 921
1625 1902 921
1674 1711 921
1695 1752 921
1695 1889 921
1696 1710 921
1697 1761 921
1702 1749 921
1714 1723 921
1714 1822 921
1720 1909 921
1723 1822 921
1743 1861 921
1752 1757 921
1752 1761 921
1752 1766 921
1772 1775 921
1772 1912 921
1795 1909 921
1838 1909 921
1847 1866 921
1434 1885 922
1439 1797 922
1459 1498 922
1459 1533 922
1482 1498 922
1482 1522 922
1498 1522 922
1528 1705 922
1528 1847 922
1552 1700 922
1560 1572 922
1579 1763 922
1613 1666 922
1613 1767 922
1628 1711 922
1628 1714 922
1628 1822 922
1666 1714 922
1666 1723 922
1674 1711 922
1684 1688 922
1695 1697 922
1695 1752 922
1702 1749 922
1714 1723 922
1723 1822 922
1732 1890 922
1772 1775 922
1780 1833 922
1833 1895 922
1434 1519 923
1437 1503 923
1439 1797 923
1459 1533 923
1498 1522 923
1498 1585 923
1500 1866 923
1501 1502 923
1502 1532 923
1522 1533 923
1528 1847 923
1532 1802 923
1532 1837 923
1552 1700 923
1560 1572 923
1579 1730 923
1579 1763 923
1613 1698 923
1613 1710 923
1613 1767 923
1628 1698 923
1674 1711 923
1684 1688 923
1688 1765 923
1695 1697 923
1695 1752 923
1695 1766 923
1697 1752 923
1697 1757 923
1697 1765 923
1710 1851 923
1720 1838 923
1722 1757 923
1732 1890 923
1752 1757 923
1772 1775 923
1790 1911 923
1821 1833 923
1890 1916 923
1426 1533 924
1434 1560 924
1459 1522 924
1480 1797 924
1498 1522 924
1498 1585 924
1500 1705 924
1522 1533 924
1552 1700 924
1560 1572 924
1567 1815 924
1579 1763 924
1613 1628 924
1613 1767 924
1674 1688 924
1684 1909 924
1695 1766 924
1696 1711 924
1697 1761 924
1702 1749 924
1720 1766 924
1722 1911 924
1743 1752 924
1752 1772 924
1752 1775 924
1752 1909 924
1757 1766 924
1765 1790 924
1790 1795 924
1833 1835 924
1838 1909 924
1429 1489 925
1457 1489 925
1459 1533 925
1480 1797 925
1489 1551 925
1522 1533 925
1539 1567 925
1552 1579 925
1552 1700 925
1552 1730 925
1560 1572 925
1579 1763 925
1674 1695 925
1688 1695 925
1688 1697 925
1688 1757 925
1688 1761 925
1695 1761 925
1697 1775 925
1711 1766 925
1714 1822 925
1720 1765 925
1722 1790 925
1722 1795 925
1722 1909 925
1723 1822 925
1749 1861 925
1772 1775 925
1790 1795 925
1790 1909 925
1795 1909 925
1838 1909 925
1855 1916 925
1429 1489 926
1453 1489 926
1459 1522 926
1459 1533 926
1480 1797 926
1498 1522 926
1500 1528 926
1503 1539 926
1522 1533 926
1532 1802 926
1560 1572 926
1579 1763 926
1674 1711 926
1688 1757 926
1695 1697 926
1695 1757 926
1697 1752 926
1708 1916 926
1714 1822 926
1722 1909 926
1723 1822 926
1752 1766 926
1765 1861 926
1765 1889 926
1772 1775 926
1838 1909 926
1855 1916 926
1861 1889 926
1890 1902 926
1426 1459 927
1431 1797 927
1434 1519 927
1434 1560 927
1437 1700 927
1459 1482 927
1459 1498 927
1459 1522 927
1498 1522 927
1539 1567 927
1560 1572 927
1579 1763 927
1613 1628 927
1613 1708 927
1613 1767 927
1628 1708 927
1648 1765 927
1666 1714 927
1673 1708 927
1673 1851 927
1674 1711 927
1695 1757 927
1695 1775 927
1697 1761 927
1698 1792 927
1708 1851 927
1714 1723 927
1743 1749 927
1752 1761 927
1780 1835 927
1795 1838 927
1833 1835 927
1838 1909 927
1855 1916 927
1429 1489 928
1431 1439 928
1434 1560 928
1437 1700 928
1459 1498 928
1498 1522 928
1498 1585 928
1552 1700 928
1613 1628 928
1613 1911 928
1628 1673 928
1673 1708 928
1674 1711 928
1674 1889 928
1697 1752 928
1697 1761 928
1697 1766 928
1708 1767 928
1708 1851 928
1711 1861 928
1711 1889 928
1714 1723 928
1714 1822 928
1720 1722 928
1720 1909 928
1722 1909 928
1752 1766 928
1772 1775 928
1838 1909 928
1855 1916 928
1861 1889 928
1429 1489 929
1434 1885 929
1439 1480 929
1459 1522 929
1539 1567 929
1552 1700 929
1560 1572 929
1579 1763 929
1613 1911 929
1625 1732 929
1625 1902 929
1628 1708 929
1666 1822 929
1674 1861 929
1674 1889 929
1674 1890 929
1684 1696 929
1695 1757 929
1698 1792 929
1708 1790 929
1708 1851 929
1714 1822 929
1720 1722 929
1720 1795 929
1720 1838 929
1720 1909 929
1722 1838 929
1722 1909 929
1790 1851 929
1838 1909 929
1847 1866 929
1851 1916 929
1889 1890 929
1434 1885 930
1457 1730 930
1480 1797 930
1498 1522 930
1498 1585 930
1539 1815 930
1552 1700 930
1558 1700 930
1560 1572 930
1567 1815 930
1579 1730 930
1579 1763 930
1579 1797 930
1604 1749 930
1613 1628 930
1613 1708 930
1613 1916 930
1625 1732 930
1628 1708 930
1674 1711 930
1695 1752 930
1697 1761 930
1697 1838 930
1705 1847 930
1752 1761 930
1761 1766 930
1772 1775 930
1780 1833 930
1780 1857 930
1833 1835 930
1838 1909 930
1851 1916 930
1861 1889 930
1861 1890 930
1426 1459 931
1429 1489 931
1429 1730 931
1431 1439 931
1431 1493 931
1434 1885 931
1443 1493 931
1457 1551 931
1457 1730 931
1552 1700 931
1558 1700 931
1585 1833 931
1613 1628 931
1613 1708 931
1613 1767 931
1613 1916 931
1628 1708 931
1628 1851 931
1674 1765 931
1695 1752 931
1695 1757 931
1697 1752 931
1702 1749 931
1708 1851 931
1708 1916 931
1714 1861 931
1720 1722 931
1723 1822 931
1752 1757 931
1757 1920 931
1767 1851 931
1780 1821 931
1780 1835 931
1795 1838 931
1821 1835 931
1833 1895 931
1838 1909 931
1429 1551 932
1434 1885 932
1439 1493 932
1443 1493 932
1453 1489 932
1457 1551 932
1480 1493 932
1493 1797 932
1502 1837 932
1503 1815 932
1552 1700 932
1558 1700 932
1558 1730 932
1579 1730 932
1604 1749 932
1628 1851 932
1673 1708 932
1673 1767 932
1673 1916 932
1675 1787 932
1695 1697 932
1695 1752 932
1695 1757 932
1697 1752 932
1697 1757 932
1697 1766 932
1698 1764 932
1698 1792 932
1711 1765 932
1714 1822 932
1722 1795 932
1722 1909 932
1732 1890 932
1752 1757 932
1752 1766 932
1757 1761 932
1772 1775 932
1838 1909 932
1851 1911 932
1855 1916 932
1429 1457 933
1434 1885 933
1439 1493 933
1457 1730 933
1471 1520 933
1501 1502 933
1501 1558 933
1501 1802 933
1502 1837 933
1503 1563 933
1503 1815 933
1522 1533 933
1549 1700 933
1674 1711 933
1695 1697 933
1695 1752 933
1695 1766 933
1697 1752 933
1697 1757 933
1697 1766 933
1708 1851 933
1708 1916 933
1711 1765 933
1711 1861 933
1722 1838 933
1749 1761 933
1752 1757 933
1752 1766 933
1772 1775 933
1795 1909 933
1821 1833 933
1838 1909 933
1851 1911 933
1434 1885 934
1459 1522 934
1471 1520 934
1482 1498 934
1501 1502 934
1522 1533 934
1552 1700 934
1560 1572 934
1567 1705 934
1613 1766 934
1625 1902 934
1628 1673 934
1673 1916 934
1675 1787 934
1695 1697 934
1695 1752 934
1695 1757 934
1695 1822 934
1697 1752 934
1714 1822 934
1722 1838 934
1722 1909 934
1772 1775 934
1780 1833 934
1821 1833 934
1822 1889 934
1835 1895 934
1857 1895 934
1434 1885 935
1439 1493 935
1439 1797 935
1459 1522 935
1480 1493 935
1480 1797 935
1501 1802 935
1501 1837 935
1522 1533 935
1528 1705 935
1551 1579 935
1560 1572 935
1567 1705 935
1604 1749 935
1674 1711 935
1674 1889 935
1675 1787 935
1695 1697 935
1695 1752 935
1695 1920 935
1698 1792 935
1702 1761 935
1711 1889 935
1720 1909 935
1722 1909 935
1761 1766 935
1764 1792 935
1780 1833 935
1795 1909 935
1833 1895 935
1847 1866 935
1857 1895 935
1861 1889 935
1429 1457 936
1434 1500 936
1434 1885 936
1437 1563 936
1477 1578 936
1477 1765 936
1482 1498 936
1489 1558 936
1501 1502 936
1501 1802 936
1522 1533 936
1549 1730 936
1552 1700 936
1560 1572 936
1666 1775 936
1674 1711 936
1675 1902 936
1696 1749 936
1708 1916 936
1714 1851 936
1720 1722 936
1722 1909 936
1752 1766 936
1772 1775 936
1780 1833 936
1795 1909 936
1802 1837 936
1833 1835 936
1861 1889 936
1431 1480 937
1434 1885 937
1437 1563 937
1453 1471 937
1457 1477 937
1477 1578 937
1480 1705 937
1501 1502 937
1528 1705 937
1549 1684 937
1549 1730 937
1551 1558 937
1551 1763 937
1552 1560 937
1552 1700 937
1552 1720 937
1558 1579 937
1558 1763 937
1579 1763 937
1604 1749 937
1625 1732 937
1628 1673 937
1666 1772 937
1666 1775 937
1674 1711 937
1675 1688 937
1688 1787 937
1695 1752 937
1695 1757 937
1700 1720 937
1708 1851 937
1732 1902 937
1749 1855 937
1752 1766 937
1764 1792 937
1772 1775 937
1780 1821 937
1780 1833 937
1780 1835 937
1802 1837 937
1821 1833 937
1821 1835 937
1821 1895 937
1833 1835 937
1847 1866 937
1429 1480 938
1431 1480 938
1434 1885 938
1439 1673 938
1452 1578 938
1471 1493 938
1501 1502 938
1528 1705 938
1528 1797 938
1528 1916 938
1539 1815 938
1551 1579 938
1551 1763 938
1552 1572 938
1552 1700 938
1552 1720 938
1560 1572 938
1567 1822 938
1579 1763 938
1604 1702 938
1628 1911 938
1673 1797 938
1673 1916 938
1674 1711 938
1675 1787 938
1695 1714 938
1700 1720 938
1702 1749 938
1705 1916 938
1708 1797 938
1743 1889 938
1752 1766 938
1766 1838 938
1767 1911 938
1772 1775 938
1780 1833 938
1780 1835 938
1795 1838 938
1821 1833 938
1821 1857 938
1835 1857 938
1835 1895 938
1847 1866 938
1429 1453 939
1431 1743 939
1431 1909 939
1437 1489 939
1437 1563 939
1452 1477 939
1457 1471 939
1489 1563 939
1522 1563 939
1522 1666 939
1528 1916 939
1539 1815 939
1549 1730 939
1551 1579 939
1552 1700 939
1552 1720 939
1558 1567 939
1560 1572 939
1604 1749 939
1625 1732 939
1625 1890 939
1625 1902 939
1674 1711 939
1675 1787 939
1695 1757 939
1697 1752 939
1698 1792 939
1700 1720 939
1702 1749 939
1704 1749 939
1705 1916 939
1710 1911 939
1714 1723 939
1732 1890 939
1743 1861 939
1743 1889 939
1752 1766 939
1757 1920 939
1767 1861 939
1780 1833 939
1802 1837 939
1821 1857 939
1861 1889 939
1890 1902 939
1426 1498 940
1429 1453 940
1431 1434 940
1431 1802 940
1437 1563 940
1452 1578 940
1457 1890 940
1459 1498 940
1489 1563 940
1498 1563 940
1500 1787 940
1503 1539 940
1503 1815 940
1519 1533 940
1522 1560 940
1528 1851 940
1549 1730 940
1560 1572 940
1560 1767 940
1560 1911 940
1572 1767 940
1578 1766 940
1675 1787 940
1697 1752 940
1697 1757 940
1698 1764 940
1698 1792 940
1708 1767 940
1708 1911 940
1714 1723 940
1743 1861 940
1743 1889 940
1752 1766 940
1752 1787 940
1772 1775 940
1802 1837 940
1851 1916 940
1857 1895 940
1861 1889 940
1426 1498 941
1426 1833 941
1434 1700 941
1434 1885 941
1437 1549 941
1437 1563 941
1480 1743 941
1493 1578 941
1500 1674 941
1500 1711 941
1503 1539 941
1522 1613 941
1533 1743 941
1549 1730 941
1551 1743 941
1558 1560 941
1558 1572 941
1560 1567 941
1560 1572 941
1560 1666 941
1567 1572 941
1572 1775 941
1625 1732 941
1625 1902 941
1666 1772 941
1673 1708 941
1697 1752 941
1697 1787 941
1698 1792 941
1700 1720 941
1704 1749 941
1714 1723 941
1732 1902 941
1743 1861 941
1752 1761 941
1752 1766 941
1752 1787 941
1764 1795 941
1772 1775 941
1780 1885 941
1802 1837 941
1838 1909 941
1851 1916 941
1861 1889 941
1426 1552 942
1426 1700 942
1429 1457 942
1429 1471 942
1431 1835 942
1434 1501 942
1437 1558 942
1437 1563 942
1443 1500 942
1453 1711 942
1457 1500 942
1480 1837 942
1501 1861 942
1501 1885 942
1502 1666 942
1519 1533 942
1519 1743 942
1533 1743 942
1539 1815 942
1549 1730 942
1551 1579 942
1551 1763 942
1552 1700 942
1552 1720 942
1558 1560 942
1558 1572 942
1560 1572 942
1579 1763 942
1613 1673 942
1628 1851 942
1673 1708 942
1688 1695 942
1695 1920 942
1697 1752 942
1700 1720 942
1704 1749 942
1705 1916 942
1714 1723 942
1722 1795 942
1752 1761 942
1752 1766 942
1772 1775 942
1780 1833 942
1802 1837 942
1821 1895 942
1838 1909 942
1851 1916 942
1861 1889 942
1426 1700 943
1429 1457 943
1434 1501 943
1434 1885 943
1437 1563 943
1437 1822 943
1457 1911 943
1500 1708 943
1522 1613 943
1528 1628 943
1528 1705 943
1533 1743 943
1549 1675 943
1549 1730 943
1552 1720 943
1558 1560 943
1558 1572 943
1558 1890 943
1560 1572 943
1578 1688 943
1578 1730 943
1613 1708 943
1613 1851 943
1625 1902 943
1628 1851 943
1665 1698 943
1665 1792 943
1674 1711 943
1688 1730 943
1688 1757 943
1695 1757 943
1697 1702 943
1697 1752 943
1700 1720 943
1704 1749 943
1705 1851 943
1705 1916 943
1708 1710 943
1708 1911 943
1722 1795 943
1752 1766 943
1752 1787 943
1757 1920 943
1761 1787 943
1766 1787 943
1772 1775 943
1780 1833 943
1821 1857 943
1851 1916 943
1861 1889 943
1429 1457 944
1429 1708 944
1434 1501 944
1437 1563 944
1452 1578 944
1482 1780 944
1498 1585 944
1500 1890 944
1528 1705 944
1528 1851 944
1539 1560 944
1558 1560 944
1558 1802 944
1558 1837 944
1567 1822 944
1567 1837 944
1572 1889 944
1579 1763 944
1625 1902 944
1628 1851 944
1674 1711 944
1688 1695 944
1688 1920 944
1695 1757 944
1695 1920 944
1697 1761 944
1698 1702 944
1698 1730 944
1698 1761 944
1702 1861 944
1702 1911 944
1704 1749 944
1705 1851 944
1714 1916 944
1722 1795 944
1730 1861 944
1752 1761 944
1761 1787 944
1766 1787 944
1772 1775 944
1780 1833 944
1802 1837 944
1821 1895 944
1851 1916 944
1861 1889 944
1426 1498 945
1434 1501 945
1434 1673 945
1434 1885 945
1437 1563 945
1452 1457 945
1471 1477 945
1471 1578 945
1471 1674 945
1471 1711 945
1489 1890 945
1493 1578 945
1501 1551 945
1501 1885 945
1503 1522 945
1503 1767 945
1528 1705 945
1528 1851 945
1528 1866 945
1533 1743 945
1552 1700 945
1552 1720 945
1558 1628 945
1560 1861 945
1567 1797 945
1567 1916 945
1628 1797 945
1666 1775 945
1674 1711 945
1695 1757 945
1696 1730 945
1697 1708 945
1697 1752 945
1697 1761 945
1700 1720 945
1704 1749 945
1705 1851 945
1705 1866 945
1711 1767 945
1752 1761 945
1752 1912 945
1761 1766 945
1761 1787 945
1763 1789 945
1787 1912 945
1821 1895 945
1857 1895 945
1426 1498 946
1429 1522 946
1434 1501 946
1434 1885 946
1437 1563 946
1437 1585 946
1439 1628 946
1439 1855 946
1452 1493 946
1452 1578 946
1471 1578 946
1477 1578 946
1480 1522 946
1500 1802 946
1500 1916 946
1501 1885 946
1528 1705 946
1528 1847 946
1528 1866 946
1532 1558 946
1532 1628 946
1539 1815 946
1549 1730 946
1551 1579 946
1552 1700 946
1558 1628 946
1567 1613 946
1567 1855 946
1604 1665 946
1604 1749 946
1613 1916 946
1666 1775 946
1674 1702 946
1674 1708 946
1674 1711 946
1675 1708 946
1688 1730 946
1695 1861 946
1697 1766 946
1702 1711 946
1704 1749 946
1705 1847 946
1705 1866 946
1708 1711 946
1711 1767 946
1714 1763 946
1723 1763 946
1766 1787 946
1780 1833 946
1847 1866 946
1851 1866 946
1426 1585 947
1429 1502 947
1429 1578 947
1434 1501 947
1434 1885 947
1437 1480 947
1437 1563 947
1452 1578 947
1457 1578 947
1477 1502 947
1501 1885 947
1502 1673 947
1522 1613 947
1528 1705 947
1528 1851 947
1549 1730 947
1551 1579 947
1558 1628 947
1560 1572 947
1560 1674 947
1572 1674 947
1604 1648 947
1666 1772 947
1697 1787 947
1697 1802 947
1704 1749 947
1705 1851 947
1705 1866 947
1714 1723 947
1714 1763 947
1723 1763 947
1732 1890 947
1761 1802 947
1772 1775 947
1780 1833 947
1795 1847 947
1802 1837 947
1851 1855 947
1851 1866 947
1861 1889 947
1426 1585 948
1431 1835 948
1434 1501 948
1434 1885 948
1437 1563 948
1452 1457 948
1453 1457 948
1457 1578 948
1489 1732 948
1489 1890 948
1500 1501 948
1501 1885 948
1503 1520 948
1519 1711 948
1532 1628 948
1533 1743 948
1539 1815 948
1551 1579 948
1551 1763 948
1560 1674 948
1560 1815 948
1579 1763 948
1604 1702 948
1648 1912 948
1666 1772 948
1674 1711 948
1697 1752 948
1697 1787 948
1697 1855 948
1700 1720 948
1702 1708 948
1714 1723 948
1722 1795 948
1732 1890 948
1752 1787 948
1787 1833 948
1821 1857 948
1821 1895 948
1833 1855 948
1847 1866 948
1855 1916 948
1857 1895 948
1426 1498 949
1426 1585 949
1434 1911 949
1437 1563 949
1437 1780 949
1439 1558 949
1452 1477 949
1452 1502 949
1457 1477 949
1457 1493 949
1489 1890 949
1500 1539 949
1500 1789 949
1501 1909 949
1502 1625 949
1503 1539 949
1522 1909 949
1533 1743 949
1549 1675 949
1552 1700 949
1552 1720 949
1560 1684 949
1560 1815 949
1625 1902 949
1666 1772 949
1684 1815 949
1702 1802 949
1704 1749 949
1714 1723 949
1722 1795 949
1732 1890 949
1752 1766 949
1752 1787 949
1766 1787 949
1790 1909 949
1821 1857 949
1855 1916 949
1857 1895 949
1426 1498 950
1429 1489 950
1437 1563 950
1439 1628 950
1452 1493 950
1457 1502 950
1457 1675 950
1457 1730 950
1480 1533 950
1493 1502 950
1498 1585 950
1503 1815 950
1519 1560 950
1532 1628 950
1552 1700 950
1552 1720 950
1558 1567 950
1558 1912 950
1578 1708 950
1578 1730 950
1625 1902 950
1665 1767 950
1665 1792 950
1674 1711 950
1695 1757 950
1697 1752 950
1697 1766 950
1698 1767 950
1700 1720 950
1702 1708 950
1705 1851 950
1708 1802 950
1722 1795 950
1732 1890 950
1752 1766 950
1752 1787 950
1763 1822 950
1764 1767 950
1780 1895 950
1821 1857 950
1821 1895 950
1855 1916 950
1857 1895 950
1861 1889 950
1426 1498 951
1429 1489 951
1437 1563 951
1439 1628 951
1443 1457 951
1443 1711 951
1452 1477 951
1457 1493 951
1493 1502 951
1500 1539 951
1500 1837 951
1522 1560 951
1549 1708 951
1552 1720 951
1558 1567 951
1560 1572 951
1560 1708 951
1563 1857 951
1567 1688 951
1572 1684 951
1613 1708 951
1628 1797 951
1674 1711 951
1675 1757 951
1688 1912 951
1695 1757 951
1695 1761 951
1697 1752 951
1697 1766 951
1697 1787 951
1698 1764 951
1700 1720 951
1705 1851 951
1722 1795 951
1752 1766 951
1752 1787 951
1757 1920 951
1763 1822 951
1764 1767 951
1766 1787 951
1772 1775 951
1780 1833 951
1821 1857 951
1821 1895 951
1857 1895 951
1861 1889 951
1426 1498 952
1429 1489 952
1431 1835 952
1437 1563 952
1439 1628 952
1439 1797 952
1443 1453 952
1453 1457 952
1471 1477 952
1480 1579 952
1482 1563 952
1482 1857 952
1500 1837 952
1549 1613 952
1549 1730 952
1552 1700 952
1560 1572 952
1560 1708 952
1560 1709 952
1563 1857 952
1572 1709 952
1613 1708 952
1613 1767 952
1628 1797 952
1665 1764 952
1666 1775 952
1674 1711 952
1674 1916 952
1675 1790 952
1688 1912 952
1695 1761 952
1697 1752 952
1697 1787 952
1698 1764 952
1705 1851 952
1711 1916 952
1722 1795 952
1732 1890 952
1752 1766 952
1752 1787 952
1764 1792 952
1766 1787 952
1772 1775 952
1780 1833 952
1821 1857 952
1821 1895 952
1857 1895 952
1861 1889 952
1426 1498 953
1429 1452 953
1429 1489 953
1431 1835 953
1437 1563 953
1439 1628 953
1452 1522 953
1457 1916 953
1480 1743 953
1500 1822 953
1549 1730 953
1552 1700 953
1560 1572 953
1560 1709 953
1572 1709 953
1666 1857 953
1674 1711 953
1674 1855 953
1674 1916 953
1695 1757 953
1695 1761 953
1700 1720 953
1704 1749 953
1705 1851 953
1708 1911 953
1711 1855 953
1711 1916 953
1732 1890 953
1743 1763 953
1766 1787 953
1772 1775 953
1772 1789 953
1775 1789 953
1780 1833 953
1821 1857 953
1821 1895 953
1822 1837 953
1847 1866 953
1855 1916 953
1857 1895 953
1429 1489 954
1431 1539 954
1431 1835 954
1434 1708 954
1437 1563 954
1439 1628 954
1443 1457 954
1457 1674 954
1457 1711 954
1477 1502 954
1480 1743 954
1482 1563 954
1500 1503 954
1500 1822 954
1519 1711 954
1560 1572 954
1572 1709 954
1579 1763 954
1666 1775 954
1666 1789 954
1666 1821 954
1674 1711 954
1695 1757 954
1697 1787 954
1698 1764 954
1700 1720 954
1705 1851 954
1708 1749 954
1708 1911 954
1722 1795 954
1764 1792 954
1772 1775 954
1775 1789 954
1780 1833 954
1821 1857 954
1821 1895 954
1822 1837 954
1857 1895 954
1861 1889 954
1429 1489 955
1431 1835 955
1434 1695 955
1434 1822 955
1437 1563 955
1443 1457 955
1477 1684 955
1477 1709 955
1533 1552 955
1533 1857 955
1533 1895 955
1549 1730 955
1551 1579 955
1551 1763 955
1560 1572 955
1560 1578 955
1665 1764 955
1666 1772 955
1666 1775 955
1674 1711 955
1697 1787 955
1698 1764 955
1698 1792 955
1700 1720 955
1702 1822 955
1705 1851 955
1708 1911 955
1710 1911 955
1714 1723 955
1722 1795 955
1730 1790 955
1752 1761 955
1757 1802 955
1764 1792 955
1772 1775 955
1775 1857 955
1780 1833 955
1802 1909 955
1821 1857 955
1821 1895 955
1857 1895 955
1861 1889 955
1426 1501 956
1426 1563 956
1431 1835 956
1434 1695 956
1434 1822 956
1437 1501 956
1437 1563 956
1452 1778 956
1453 1457 956
1480 1711 956
1482 1501 956
1482 1563 956
1501 1563 956
1503 1815 956
1532 1628 956
1549 1698 956
1549 1730 956
1551 1579 956
1560 1802 956
1578 1912 956
1613 1757 956
1673 1855 956
1674 1711 956
1674 1757 956
1697 1752 956
1697 1787 956
1700 1720 956
1705 1851 956
1710 1911 956
1714 1723 956
1720 1795 956
1732 1789 956
1743 1752 956
1743 1861 956
1743 1889 956
1752 1761 956
1752 1787 956
1764 1792 956
1772 1775 956
1775 1821 956
1780 1833 956
1821 1857 956
1821 1895 956
1857 1895 956
1861 1889 956
1426 1501 957
1426 1585 957
1431 1835 957
1434 1695 957
1434 1730 957
1439 1532 957
1443 1457 957
1443 1885 957
1452 1502 957
1453 1457 957
1457 1885 957
1480 1674 957
1489 1695 957
1498 1780 957
1503 1815 957
1528 1532 957
1532 1628 957
1551 1579 957
1625 1902 957
1666 1775 957
1666 1895 957
1674 1711 957
1697 1761 957
1698 1912 957
1700 1720 957
1708 1822 957
1720 1795 957
1732 1890 957
1743 1861 957
1752 1766 957
1761 1787 957
1766 1787 957
1772 1775 957
1772 1895 957
1775 1857 957
1780 1833 957
1780 1838 957
1795 1916 957
1798 1833 957
1821 1857 957
1821 1895 957
1833 1838 957
1838 1909 957
1857 1895 957
1861 1889 957
1429 1489 958
1431 1539 958
1431 1835 958
1434 1695 958
1437 1563 958
1452 1502 958
1477 1578 958
1480 1674 958
1480 1757 958
1500 1815 958
1503 1539 958
1528 1532 958
1539 1815 958
1549 1730 958
1551 1579 958
1625 1902 958
1666 1790 958
1666 1821 958
1674 1711 958
1674 1789 958
1697 1752 958
1697 1761 958
1697 1787 958
1698 1889 958
1700 1720 958
1708 1822 958
1720 1795 958
1720 1916 958
1732 1890 958
1743 1861 958
1752 1761 958
1757 1838 958
1761 1787 958
1772 1775 958
1772 1790 958
1775 1790 958
1775 1857 958
1780 1798 958
1780 1833 958
1798 1833 958
1821 1857 958
1838 1909 958
1429 1434 959
1429 1489 959
1431 1835 959
1434 1443 959
1434 1688 959
1437 1798 959
1452 1471 959
1452 1502 959
1457 1480 959
1457 1579 959
1457 1732 959
1471 1578 959
1477 1578 959
1480 1551 959
1482 1585 959
1489 1760 959
1503 1815 959
1532 1722 959
1533 1710 959
1533 1861 959
1549 1730 959
1666 1772 959
1666 1775 959
1674 1711 959
1695 1743 959
1696 1709 959
1697 1766 959
1700 1795 959
1704 1749 959
1743 1861 959
1752 1761 959
1757 1912 959
1761 1766 959
1761 1787 959
1772 1775 959
1775 1821 959
1780 1833 959
1780 1890 959
1802 1847 959
1821 1857 959
1821 1895 959
1833 1890 959
1847 1866 959
1857 1895 959
1426 1429 960
1426 1498 960
1426 1684 960
1429 1489 960
1429 1757 960
1437 1489 960
1437 1563 960
1439 1628 960
1452 1471 960
1453 1457 960
1471 1477 960
1471 1502 960
1471 1578 960
1480 1732 960
1502 1696 960
1539 1815 960
1551 1579 960
1551 1780 960
1552 1720 960
1552 1885 960
1628 1916 960
1665 1890 960
1666 1775 960
1666 1895 960
1674 1711 960
1697 1752 960
1697 1766 960
1697 1787 960
1698 1792 960
1704 1749 960
1711 1723 960
1711 1822 960
1714 1916 960
1723 1822 960
1723 1855 960
1723 1916 960
1743 1889 960
1752 1766 960
1766 1787 960
1775 1789 960
1821 1857 960
1822 1855 960
1855 1916 960
1857 1895 960
1426 1498 961
1429 1489 961
1434 1443 961
1434 1533 961
1437 1493 961
1437 1563 961
1437 1780 961
1439 1714 961
1452 1477 961
1453 1457 961
1498 1585 961
1532 1857 961
1532 1885 961
1533 1549 961
1533 1578 961
1552 1720 961
1572 1795 961
1578 1764 961
1578 1837 961
1613 1911 961
1628 1916 961
1674 1711 961
1674 1855 961
1697 1752 961
1697 1761 961
1697 1766 961
1697 1787 961
1708 1749 961
1711 1916 961
1714 1855 961
1743 1861 961
1743 1889 961
1752 1761 961
1752 1787 961
1761 1787 961
1772 1775 961
1772 1789 961
1780 1833 961
1802 1847 961
1821 1857 961
1821 1895 961
1861 1889 961
1426 1833 962
1429 1489 962
1431 1533 962
1431 1625 962
1434 1443 962
1437 1563 962
1439 1797 962
1498 1833 962
1500 1539 962
1502 1578 962
1551 1579 962
1560 1572 962
1579 1763 962
1613 1911 962
1666 1772 962
1666 1775 962
1666 1789 962
1666 1821 962
1673 1885 962
1674 1711 962
1674 1916 962
1675 1770 962
1697 1752 962
1698 1792 962
1709 1722 962
1752 1761 962
1752 1787 962
1761 1787 962
1772 1775 962
1772 1789 962
1789 1798 962
1802 1847 962
1821 1857 962
1821 1895 962
1857 1895 962
1426 1780 963
1429 1489 963
1431 1533 963
1431 1579 963
1431 1835 963
1434 1443 963
1437 1563 963
1439 1797 963
1452 1477 963
1459 1522 963
1493 1585 963
1500 1539 963
1500 1815 963
1533 1764 963
1533 1912 963
1552 1709 963
1613 1911 963
1625 1796 963
1665 1890 963
1666 1798 963
1666 1821 963
1666 1857 963
1666 1895 963
1674 1711 963
1684 1912 963
1695 1796 963
1697 1783 963
1698 1792 963
1708 1749 963
1708 1911 963
1732 1890 963
1760 1889 963
1761 1766 963
1761 1783 963
1766 1920 963
1770 1920 963
1775 1789 963
1775 1821 963
1815 1837 963
1821 1895 963
1426 1493 964
1431 1835 964
1437 1563 964
1452 1477 964
1457 1522 964
1459 1522 964
1471 1792 964
1493 1501 964
1500 1503 964
1500 1539 964
1533 1764 964
1549 1770 964
1551 1780 964
1552 1709 964
1560 1572 964
1560 1674 964
1560 1700 964
1560 1847 964
1572 1674 964
1572 1847 964
1579 1780 964
1613 1708 964
1665 1890 964
1666 1775 964
1666 1821 964
1666 1857 964
1674 1711 964
1675 1770 964
1675 1885 964
1695 1796 964
1697 1761 964
1697 1787 964
1698 1855 964
1700 1720 964
1708 1710 964
1708 1911 964
1759 1855 964
1764 1912 964
1772 1775 964
1775 1789 964
1775 1895 964
1798 1855 964
1802 1866 964
1821 1857 964
1821 1895 964
1838 1909 964
1857 1895 964
1861 1889 964
1911 1916 964
1426 1501 965
1429 1489 965
1431 1674 965
1431 1711 965
1431 1835 965
1434 1443 965
1437 1482 965
1437 1563 965
1437 1780 965
1443 1889 965
1457 1522 965
1500 1503 965
1500 1539 965
1503 1539 965
1519 1688 965
1533 1688 965
1549 1770 965
1549 1774 965
1551 1579 965
1560 1572 965
1579 1780 965
1613 1708 965
1665 1890 965
1666 1821 965
1666 1857 965
1666 1895 965
1674 1711 965
1675 1770 965
1695 1796 965
1697 1752 965
1697 1766 965
1697 1783 965
1697 1837 965
1698 1855 965
1704 1749 965
1711 1835 965
1743 1920 965
1752 1761 965
1752 1783 965
1757 1912 965
1761 1766 965
1761 1783 965
1761 1837 965
1766 1787 965
1772 1775 965
1783 1787 965
1802 1866 965
1821 1857 965
1838 1909 965
1857 1895 965
1861 1889 965
1426 1482 966
1426 1493 966
1429 1489 966
1431 1552 966
1431 1674 966
1431 1711 966
1434 1443 966
1437 1563 966
1471 1912 966
1482 1493 966
1500 1539 966
1500 1673 966
1519 1533 966
1522 1774 966
1533 1697 966
1533 1764 966
1549 1675 966
1551 1579 966
1551 1780 966
1552 1787 966
1563 1765 966
1613 1911 966
1625 1902 966
1674 1711 966
1674 1787 966
1697 1752 966
1697 1783 966
1698 1855 966
1702 1774 966
1708 1911 966
1711 1787 966
1732 1796 966
1752 1766 966
1752 1783 966
1757 1912 966
1772 1775 966
1772 1789 966
1774 1911 966
1775 1789 966
1783 1787 966
1802 1866 966
1838 1909 966
1426 1885 967
1429 1489 967
1431 1835 967
1434 1443 967
1437 1560 967
1437 1563 967
1452 1502 967
1453 1457 967
1480 1796 967
1482 1501 967
1482 1889 967
1500 1539 967
1500 1767 967
1501 1889 967
1502 1704 967
1503 1539 967
1532 1837 967
1533 1764 967
1539 1767 967
1549 1675 967
1551 1759 967
1552 1674 967
1552 1684 967
1552 1787 967
1560 1563 967
1560 1572 967
1563 1572 967
1572 1857 967
1579 1759 967
1613 1708 967
1613 1710 967
1625 1902 967
1628 1767 967
1665 1890 967
1666 1775 967
1673 1783 967
1674 1787 967
1675 1770 967
1697 1752 967
1697 1766 967
1697 1866 967
1698 1855 967
1700 1866 967
1702 1774 967
1704 1749 967
1705 1851 967
1708 1710 967
1708 1743 967
1714 1723 967
1752 1766 967
1759 1866 967
1761 1783 967
1772 1789 967
1774 1783 967
1774 1911 967
1775 1895 967
1792 1890 967
1802 1866 967
1821 1857 967
1429 1489 968
1431 1835 968
1434 1443 968
1434 1774 968
1437 1563 968
1439 1797 968
1443 1613 968
1453 1457 968
1457 1752 968
1459 1471 968
1459 1500 968
1480 1796 968
1493 1563 968
1500 1503 968
1500 1539 968
1522 1761 968
1549 1675 968
1551 1759 968
1552 1674 968
1552 1787 968
1560 1572 968
1625 1902 968
1673 1761 968
1673 1783 968
1673 1912 968
1674 1787 968
1674 1835 968
1675 1688 968
1695 1697 968
1697 1752 968
1697 1766 968
1705 1851 968
1714 1815 968
1720 1837 968
1749 1764 968
1752 1766 968
1759 1847 968
1761 1783 968
1761 1912 968
1772 1789 968
1772 1857 968
1775 1789 968
1775 1857 968
1775 1895 968
1783 1912 968
1796 1890 968
1802 1866 968
1821 1857 968
1855 1916 968
1426 1437 969
1426 1482 969
1429 1489 969
1431 1674 969
1431 1711 969
1431 1835 969
1437 1493 969
1437 1563 969
1439 1797 969
1443 1774 969
1457 1711 969
1457 1759 969
1457 1787 969
1482 1563 969
1493 1563 969
1500 1503 969
1500 1539 969
1501 1730 969
1501 1855 969
1501 1885 969
1503 1539 969
1522 1560 969
1533 1673 969
1533 1698 969
1533 1761 969
1533 1912 969
1549 1675 969
1549 1770 969
1551 1579 969
1552 1572 969
1560 1572 969
1560 1765 969
1572 1613 969
1572 1902 969
1604 1625 969
1613 1710 969
1625 1902 969
1666 1895 969
1673 1761 969
1673 1783 969
1673 1912 969
1674 1711 969
1674 1787 969
1674 1835 969
1675 1770 969
1684 1700 969
1695 1697 969
1697 1752 969
1702 1763 969
1705 1851 969
1711 1787 969
1752 1766 969
1759 1802 969
1761 1912 969
1772 1789 969
1821 1857 969
1821 1895 969
1857 1895 969
1426 1482 970
1429 1489 970
1434 1443 970
1434 1774 970
1437 1563 970
1437 1920 970
1443 1688 970
1443 1774 970
1452 1761 970
1457 1835 970
1457 1866 970
1471 1578 970
1480 1833 970
1500 1539 970
1500 1767 970
1503 1539 970
1519 1533 970
1532 1847 970
1532 1866 970
1549 1675 970
1551 1761 970
1552 1666 970
1552 1720 970
1560 1572 970
1604 1775 970
1604 1889 970
1613 1673 970
1613 1698 970
1613 1743 970
1628 1761 970
1666 1772 970
1675 1770 970
1695 1752 970
1697 1752 970
1697 1766 970
1702 1749 970
1708 1855 970
1752 1766 970
1757 1920 970
1759 1766 970
1761 1783 970
1764 1912 970
1772 1789 970
1772 1895 970
1775 1889 970
1792 1798 970
1797 1802 970
1802 1847 970
1802 1866 970
1821 1857 970
1821 1895 970
1837 1920 970
1847 1866 970
1857 1895 970
1429 1489 971
1431 1775 971
1434 1443 971
1434 1501 971
1437 1471 971
1437 1563 971
1443 1774 971
1453 1457 971
1471 1563 971
1471 1578 971
1500 1539 971
1528 1866 971
1532 1847 971
1533 1764 971
1539 1767 971
1549 1675 971
1560 1572 971
1560 1711 971
1560 1787 971
1560 1851 971
1572 1802 971
1604 1625 971
1613 1628 971
1628 1760 971
1666 1772 971
1674 1711 971
1674 1787 971
1697 1752 971
1697 1766 971
1702 1749 971
1702 1792 971
1705 1851 971
1705 1866 971
1708 1855 971
1711 1787 971
1720 1796 971
1730 1838 971
1752 1766 971
1757 1920 971
1759 1821 971
1759 1857 971
1759 1895 971
1761 1772 971
1761 1783 971
1761 1912 971
1780 1833 971
1797 1822 971
1802 1822 971
1821 1857 971
1821 1895 971
1838 1909 971
1851 1866 971
1857 1895 971
1861 1889 971
1426 1437 972
1426 1498 972
1429 1489 972
1431 1835 972
1434 1443 972
1434 1501 972
1434 1688 972
1434 1885 972
1437 1552 972
1437 1563 972
1439 1797 972
1439 1802 972
1443 1501 972
1489 1673 972
1500 1503 972
1500 1539 972
1501 1749 972
1503 1539 972
1519 1792 972
1521 1745 972
1528 1752 972
1528 1866 972
1532 1851 972
1549 1698 972
1551 1723 972
1552 1563 972
1552 1673 972
1560 1572 972
1560 1722 972
1563 1772 972
1572 1722 972
1604 1861 972
1625 1861 972
1625 1902 972
1666 1761 972
1666 1789 972
1673 1796 972
1674 1711 972
1695 1700 972
1695 1759 972
1697 1766 972
1700 1759 972
1702 1749 972
1705 1802 972
1708 1766 972
1711 1787 972
1720 1796 972
1732 1780 972
1732 1833 972
1757 1774 972
1761 1783 972
1763 1838 972
1774 1920 972
1780 1833 972
1787 1851 972
1802 1866 972
1821 1857 972
1821 1895 972
1838 1909 972
1861 1889 972
1426 1482 973
1426 1563 973
1429 1489 973
1431 1522 973
1431 1815 973
1431 1835 973
1437 1563 973
1439 1797 973
1439 1847 973
1443 1774 973
1452 1578 973
1453 1457 973
1459 1889 973
1477 1578 973
1477 1752 973
1500 1539 973
1503 1539 973
1522 1889 973
1539 1767 973
1549 1551 973
1551 1698 973
1552 1673 973
1552 1796 973
1560 1572 973
1572 1722 973
1613 1628 973
1625 1743 973
1625 1861 973
1625 1902 973
1674 1711 973
1674 1787 973
1675 1698 973
1688 1774 973
1688 1920 973
1697 1851 973
1702 1795 973
1704 1730 973
1705 1866 973
1708 1890 973
1711 1787 973
1743 1861 973
1757 1774 973
1757 1920 973
1765 1792 973
1774 1920 973
1780 1833 973
1802 1866 973
1815 1835 973
1837 1912 973
1861 1902 973
1429 1437 974
1429 1489 974
1429 1563 974
1431 1459 974
1431 1835 974
1434 1885 974
1437 1498 974
1437 1563 974
1452 1648 974
1452 1749 974
1452 1861 974
1453 1457 974
1477 1783 974
1482 1498 974
1489 1792 974
1493 1695 974
1493 1705 974
1500 1539 974
1522 1613 974
1522 1822 974
1522 1847 974
1528 1778 974
1532 1796 974
1532 1833 974
1549 1770 974
1552 1857 974
1558 1567 974
1558 1759 974
1560 1572 974
1628 1911 974
1666 1780 974
1666 1789 974
1673 1674 974
1673 1675 974
1673 1698 974
1688 1774 974
1688 1920 974
1697 1752 974
1700 1759 974
1708 1783 974
1714 1723 974
1757 1774 974
1757 1920 974
1761 1770 974
1761 1783 974
1772 1775 974
1772 1780 974
1772 1789 974
1772 1895 974
1774 1920 974
1775 1895 974
1790 1851 974
1429 1489 975
1437 1489 975
1437 1563 975
1437 1705 975
1439 1493 975
1452 1498 975
1452 1613 975
1453 1457 975
1457 1493 975
1459 1493 975
1459 1522 975
1471 1480 975
1477 1480 975
1480 1628 975
1493 1797 975
1503 1815 975
1519 1815 975
1528 1851 975
1528 1866 975
1532 1847 975
1551 1558 975
1560 1572 975
1563 1714 975
1563 1723 975
1579 1763 975
1604 1648 975
1628 1911 975
1673 1675 975
1673 1698 975
1684 1772 975
1688 1920 975
1695 1765 975
1705 1847 975
1710 1890 975
1711 1760 975
1711 1787 975
1714 1723 975
1749 1861 975
1749 1889 975
1749 1890 975
1752 1792 975
1761 1767 975
1761 1789 975
1766 1790 975
1770 1772 975
1770 1798 975
1772 1789 975
1778 1790 975
1822 1838 975
1822 1909 975
1835 1857 975
1837 1847 975
1838 1909 975
1851 1857 975
1851 1866 975
1861 1889 975
1429 1431 976
1429 1439 976
1429 1443 976
1431 1489 976
1434 1443 976
1434 1797 976
1434 1885 976
1434 1895 976
1437 1471 976
1437 1563 976
1439 1489 976
1439 1857 976
1443 1489 976
1443 1885 976
1452 1459 976
1452 1477 976
1452 1493 976
1452 1498 976
1453 1457 976
1459 1498 976
1471 1563 976
1480 1489 976
1480 1493 976
1500 1802 976
1503 1815 976
1519 1539 976
1521 1552 976
1528 1539 976
1528 1705 976
1532 1797 976
1539 1815 976
1539 1847 976
1549 1730 976
1551 1552 976
1551 1579 976
1552 1709 976
1558 1700 976
1560 1572 976
1560 1705 976
1579 1780 976
1604 1628 976
1604 1916 976
1613 1625 976
1613 1648 976
1625 1902 976
1628 1648 976
1628 1911 976
1628 1916 976
1648 1909 976
1648 1916 976
1666 1757 976
1666 1765 976
1674 1697 976
1675 1698 976
1702 1743 976
1704 1855 976
1708 1851 976
1708 1855 976
1711 1761 976
1711 1778 976
1711 1796 976
1714 1723 976
1723 1851 976
1749 1889 976
1749 1890 976
1752 1761 976
1752 1787 976
1757 1774 976
1760 1796 976
1766 1789 976
1770 1798 976
1772 1792 976
1772 1798 976
1780 1833 976
1789 1790 976
1822 1838 976
1822 1851 976
1835 1857 976
1837 1895 976
1847 1866 976
1847 1895 976
1851 1855 976
1861 1889 976
1911 1916 976
1426 1480 977
1429 1443 977
1431 1895 977
1434 1885 977
1437 1563 977
1439 1480 977
1443 1521 977
1443 1885 977
1452 1459 977
1452 1477 977
1459 1477 977
1493 1501 977
1493 1502 977
1500 1539 977
1500 1802 977
1501 1502 977
1503 1539 977
1528 1532 977
1528 1705 977
1528 1797 977
1532 1797 977
1533 1688 977
1533 1697 977
1533 1772 977
1549 1730 977
1551 1560 977
1551 1572 977
1552 1700 977
1558 1700 977
1560 1572 977
1560 1822 977
1572 1579 977
1574 1707 977
1606 1616 977
1613 1902 977
1661 1696 977
1673 1698 977
1675 1698 977
1682 1687 977
1684 1697 977
1697 1765 977
1702 1743 977
1705 1797 977
1708 1743 977
1711 1796 977
1712 1770 977
1714 1723 977
1749 1861 977
1749 1889 977
1749 1890 977
1752 1783 977
1757 1774 977
1757 1789 977
1760 1796 977
1766 1767 977
1766 1775 977
1767 1775 977
1770 1798 977
1772 1792 977
1775 1778 977
1780 1795 977
1780 1833 977
1783 1787 977
1783 1792 977
1792 1798 977
1795 1822 977
1795 1838 977
1800 1820 977
1822 1838 977
1847 1866 977
1851 1855 977
1861 1889 977
1431 1489 978
1434 1712 978
1434 1838 978
1452 1459 978
1452 1477 978
1459 1477 978
1477 1498 978
1493 1501 978
1493 1502 978
1493 1520 978
1498 1522 978
1500 1519 978
1500 1528 978
1500 1797 978
1501 1502 978
1501 1520 978
1503 1539 978
1519 1528 978
1521 1885 978
1528 1797 978
1539 1815 978
1549 1730 978
1551 1560 978
1552 1712 978
1560 1572 978
1567 1579 978
1574 1707 978
1606 1616 978
1673 1696 978
1673 1698 978
1682 1687 978
1702 1743 978
1704 1710 978
1708 1757 978
1708 1790 978
1711 1778 978
1711 1796 978
1714 1723 978
1749 1890 978
1757 1761 978
1757 1766 978
1757 1774 978
1759 1766 978
1759 1767 978
1759 1775 978
1760 1796 978
1761 1774 978
1761 1796 978
1764 1770 978
1765 1912 978
1766 1767 978
1766 1775 978
1770 1783 978
1774 1775 978
1774 1789 978
1780 1795 978
1780 1833 978
1780 1838 978
1783 1787 978
1789 1790 978
1795 1822 978
1795 1909 978
1802 1837 978
1802 1866 978
1821 1885 978
1822 1909 978
1835 1847 978
1835 1857 978
1838 1909 978
1851 1855 978
1861 1889 978
1861 1890 978
1437 1563 979
1452 1477 979
1459 1498 979
1477 1498 979
1493 1501 979
1493 1502 979
1500 1519 979
1500 1528 979
1501 1502 979
1501 1522 979
1521 1653 979
1521 1885 979
1539 1705 979
1539 1815 979
1549 1730 979
1551 1579 979
1560 1572 979
1574 1707 979
1606 1616 979
1653 1835 979
1653 1866 979
1675 1696 979
1682 1687 979
1684 1766 979
1688 1697 979
1702 1743 979
1704 1710 979
1704 1732 979
1708 1890 979
1711 1775 979
1711 1796 979
1714 1723 979
1749 1861 979
1749 1889 979
1749 1890 979
1752 1760 979
1752 1783 979
1752 1796 979
1757 1766 979
1757 1767 979
1760 1796 979
1765 1775 979
1770 1798 979
1772 1798 979
1780 1838 979
1780 1909 979
1783 1796 979
1789 1790 979
1795 1822 979
1800 1820 979
1802 1821 979
1821 1895 979
1838 1909 979
1855 1890 979
1861 1889 979
1426 1437 980
1426 1563 980
1431 1480 980
1437 1563 980
1453 1522 980
1471 1480 980
1471 1482 980
1477 1498 980
1493 1501 980
1493 1502 980
1500 1519 980
1500 1528 980
1500 1837 980
1501 1502 980
1503 1653 980
1503 1815 980
1519 1528 980
1521 1653 980
1521 1815 980
1539 1705 980
1539 1797 980
1574 1707 980
1606 1616 980
1653 1730 980
1668 1795 980
1673 1698 980
1674 1745 980
1682 1687 980
1697 1912 980
1702 1708 980
1702 1743 980
1705 1797 980
1708 1855 980
1714 1723 980
1746 1838 980
1749 1861 980
1749 1889 980
1752 1783 980
1752 1796 980
1757 1759 980
1757 1774 980
1759 1774 980
1759 1775 980
1760 1796 980
1761 1766 980
1761 1767 980
1764 1792 980
1766 1767 980
1770 1798 980
1772 1798 980
1774 1775 980
1778 1796 980
1780 1857 980
1780 1866 980
1780 1909 980
1789 1790 980
1797 1815 980
1800 1820 980
1838 1909 980
1861 1889 980
1429 1431 981
1429 1434 981
1434 1585 981
1437 1480 981
1437 1563 981
1439 1480 981
1453 1457 981
1453 1522 981
1457 1522 981
1477 1498 981
1493 1501 981
1493 1502 981
1500 1528 981
1500 1705 981
1500 1797 981
1501 1502 981
1503 1653 981
1519 1539 981
1519 1705 981
1528 1705 981
1528 1837 981
1539 1653 981
1549 1730 981
1574 1707 981
1606 1616 981
1661 1673 981
1661 1675 981
1674 1765 981
1675 1696 981
1682 1687 981
1695 1696 981
1702 1743 981
1705 1797 981
1708 1851 981
1708 1855 981
1711 1760 981
1711 1778 981
1714 1909 981
1720 1722 981
1720 1795 981
1722 1795 981
1743 1851 981
1743 1855 981
1746 1838 981
1746 1909 981
1749 1861 981
1749 1889 981
1752 1787 981
1752 1792 981
1757 1759 981
1757 1774 981
1757 1775 981
1759 1774 981
1759 1775 981
1761 1774 981
1766 1767 981
1766 1789 981
1766 1790 981
1767 1790 981
1772 1798 981
1774 1775 981
1780 1833 981
1783 1787 981
1783 1792 981
1787 1792 981
1797 1815 981
1800 1820 981
1822 1890 981
1838 1909 981
1851 1855 981
1861 1889 981
1426 1585 982
1431 1443 982
1434 1437 982
1437 1443 982
1437 1480 982
1437 1563 982
1452 1522 982
1453 1457 982
1457 1522 982
1480 1824 982
1493 1501 982
1493 1502 982
1498 1522 982
1500 1528 982
1500 1705 982
1500 1797 982
1501 1502 982
1528 1705 982
1539 1815 982
1549 1730 982
1574 1707 982
1606 1616 982
1661 1673 982
1661 1675 982
1661 1696 982
1673 1674 982
1674 1745 982
1675 1696 982
1682 1687 982
1684 1688 982
1684 1765 982
1688 1765 982
1697 1745 982
1702 1743 982
1705 1797 982
1708 1710 982
1708 1851 982
1708 1855 982
1711 1775 982
1711 1778 982
1711 1796 982
1714 1763 982
1714 1822 982
1722 1795 982
1723 1763 982
1723 1822 982
1746 1780 982
1752 1787 982
1752 1792 982
1757 1774 982
1757 1775 982
1757 1778 982
1759 1775 982
1761 1789 982
1761 1790 982
1766 1767 982
1766 1789 982
1767 1790 982
1772 1798 982
1774 1775 982
1780 1833 982
1789 1790 982
1800 1820 982
1851 1855 982
1861 1889 982
1426 1585 983
1431 1443 983
1437 1480 983
1437 1563 983
1439 1480 983
1452 1498 983
1453 1457 983
1453 1493 983
1457 1493 983
1457 1522 983
1500 1528 983
1500 1705 983
1500 1797 983
1501 1502 983
1528 1705 983
1533 1549 983
1533 1730 983
1539 1815 983
1549 1730 983
1574 1707 983
1661 1675 983
1661 1696 983
1673 1674 983
1673 1698 983
1675 1696 983
1682 1687 983
1684 1688 983
1697 1765 983
1697 1912 983
1705 1746 983
1708 1855 983
1711 1778 983
1714 1723 983
1714 1763 983
1714 1822 983
1720 1909 983
1722 1795 983
1723 1822 983
1746 1815 983
1757 1759 983
1757 1774 983
1757 1775 983
1759 1774 983
1759 1775 983
1760 1796 983
1761 1774 983
1765 1912 983
1767 1790 983
1770 1792 983
1772 1798 983
1772 1822 983
1774 1775 983
1780 1815 983
1780 1833 983
1783 1787 983
1783 1792 983
1783 1796 983
1787 1796 983
1789 1790 983
1802 1895 983
1851 1855 983
1429 1563 984
1431 1443 984
1437 1480 984
1437 1563 984
1439 1480 984
1443 1480 984
1452 1522 984
1453 1493 984
1457 1493 984
1477 1498 984
1501 1502 984
1549 1730 984
1574 1707 984
1606 1616 984
1661 1696 984
1661 1698 984
1668 1761 984
1673 1698 984
1682 1687 984
1684 1688 984
1697 1765 984
1697 1912 984
1713 1863 984
1714 1723 984
1714 1822 984
1720 1909 984
1722 1795 984
1722 1822 984
1757 1759 984
1757 1774 984
1759 1761 984
1759 1775 984
1760 1796 984
1761 1767 984
1761 1775 984
1764 1792 984
1766 1790 984
1772 1798 984
1780 1833 984
1780 1838 984
1789 1790 984
1429 1465 985
1429 1480 985
1437 1563 985
1437 1578 985
1443 1475 985
1452 1459 985
1452 1522 985
1453 1493 985
1459 1477 985
1459 1498 985
1482 1592 985
1498 1522 985
1501 1502 985
1574 1707 985
1661 1696 985
1668 1761 985
1673 1698 985
1674 1745 985
1682 1687 985
1684 1688 985
1695 1696 985
1697 1765 985
1697 1912 985
1720 1909 985
1722 1772 985
1722 1795 985
1723 1772 985
1760 1796 985
1764 1783 985
1764 1792 985
1765 1912 985
1766 1789 985
1766 1790 985
1772 1798 985
1783 1787 985
1783 1792 985
1789 1790 985
1800 1820 985
1802 1895 985
1835 1847 985
1835 1857 985
1857 1866 985
1857 1885 985
1429 1439 986
1435 1437 986
1437 1475 986
1437 1824 986
1439 1480 986
1443 1475 986
1452 1522 986
1453 1457 986
1453 1493 986
1457 1459 986
1457 1493 986
1459 1498 986
1459 1522 986
1477 1498 986
1477 1522 986
1498 1522 986
1501 1502 986
1503 1539 986
1528 1705 986
1539 1815 986
1606 1616 986
1661 1698 986
1673 1698 986
1674 1745 986
1682 1687 986
1684 1688 986
1684 1697 986
1697 1912 986
1752 1783 986
1752 1787 986
1759 1766 986
1759 1774 986
1759 1789 986
1765 1912 986
1766 1789 986
1766 1790 986
1767 1775 986
1789 1790 986
1800 1820 986
1802 1821 986
1857 1866 986
1435 1578 987
1452 1477 987
1452 1522 987
1453 1457 987
1453 1493 987
1457 1493 987
1459 1522 987
1475 1824 987
1477 1522 987
1493 1502 987
1500 1797 987
1503 1653 987
1528 1797 987
1539 1653 987
1549 1730 987
1574 1707 987
1601 1892 987
1606 1616 987
1661 1696 987
1673 1698 987
1682 1687 987
1684 1688 987
1697 1765 987
1697 1912 987
1765 1912 987
1770 1798 987
1800 1820 987
1802 1821 987
1821 1895 987
1435 1578 988
1452 1459 988
1452 1477 988
1452 1522 988
1453 1457 988
1457 1493 988
1457 1502 988
1459 1477 988
1459 1522 988
1477 1522 988
1493 1502 988
1500 1528 988
1500 1705 988
1500 1837 988
1503 1539 988
1528 1705 988
1539 1815 988
1549 1730 988
1574 1707 988
1601 1892 988
1606 1616 988
1653 1797 988
1682 1687 988
1684 1688 988
1684 1920 988
1697 1912 988
1713 1863 988
1800 1820 988
1805 1819 988
1835 1857 988
1880 1895 988
1452 1453 989
1452 1459 989
1452 1477 989
1453 1477 989
1457 1502 989
1493 1498 989
1493 1502 989
1498 1502 989
1500 1797 989
1503 1539 989
1521 1835 989
1528 1705 989
1528 1797 989
1539 1815 989
1552 1700 989
1574 1707 989
1682 1687 989
1705 1797 989
1752 1787 989
1757 1774 989
1767 1789 989
1772 1798 989
1800 1820 989
1807 1857 989
1865 1888 989
1429 1480 990
1452 1477 990
1452 1522 990
1453 1493 990
1457 1501 990
1493 1502 990
1493 1668 990
1500 1653 990
1500 1705 990
1503 1539 990
1519 1797 990
1519 1815 990
1521 1857 990
1528 1705 990
1528 1797 990
1533 1705 990
1539 1653 990
1539 1815 990
1549 1730 990
1574 1707 990
1630 1836 990
1682 1687 990
1711 1759 990
1713 1863 990
1752 1783 990
1752 1787 990
1752 1796 990
1757 1759 990
1757 1774 990
1759 1775 990
1760 1796 990
1766 1790 990
1772 1798 990
1800 1820 990
1802 1821 990
1805 1819 990
1807 1857 990
1807 1880 990
1836 1865 990
1836 1888 990
1426 1429 991
1452 1477 991
1457 1501 991
1493 1502 991
1500 1519 991
1503 1539 991
1519 1528 991
1528 1797 991
1539 1815 991
1552 1700 991
1574 1707 991
1606 1616 991
1682 1687 991
1711 1774 991
1752 1787 991
1757 1774 991
1759 1761 991
1759 1775 991
1760 1796 991
1761 1789 991
1772 1798 991
1778 1796 991
1783 1787 991
1797 1815 991
1847 1857 991
1426 1429 992
1519 1815 992
1528 1705 992
1528 1797 992
1567 1727 992
1567 1731 992
1574 1707 992
1606 1616 992
1653 1789 992
1682 1687 992
1700 1707 992
1705 1797 992
1711 1778 992
1711 1792 992
1711 1796 992
1752 1787 992
1752 1798 992
1757 1772 992
1757 1774 992
1759 1775 992
1761 1767 992
1764 1792 992
1766 1790 992
1772 1774 992
1778 1796 992
1783 1787 992
1783 1798 992
1787 1796 992
1792 1798 992
1800 1820 992
1888 1892 992
1426 1429 993
1500 1528 993
1500 1797 993
1519 1815 993
1528 1797 993
1533 1539 993
1539 1815 993
1549 1730 993
1555 1558 993
1558 1579 993
1562 1574 993
1562 1727 993
1567 1707 993
1567 1727 993
1572 1580 993
1574 1727 993
1682 1687 993
1700 1707 993
1700 1727 993
1711 1774 993
1764 1772 993
1764 1792 993
1772 1792 993
1783 1798 993
1792 1798 993
1800 1820 993
1426 1429 994
1489 1730 994
1489 1797 994
1500 1705 994
1503 1528 994
1519 1528 994
1519 1815 994
1533 1653 994
1539 1797 994
1551 1572 994
1551 1580 994
1560 1731 994
1567 1727 994
1579 1707 994
1606 1616 994
1682 1687 994
1700 1707 994
1702 1749 994
1704 1708 994
1707 1727 994
1709 1712 994
1711 1761 994
1711 1774 994
1711 1775 994
1732 1889 994
1743 1890 994
1749 1863 994
1757 1778 994
1757 1789 994
1759 1789 994
1759 1796 994
1761 1775 994
1761 1790 994
1764 1787 994
1767 1775 994
1770 1772 994
1772 1783 994
1772 1787 994
1774 1775 994
1783 1798 994
1800 1820 994
1851 1855 994
1426 1429 995
1500 1528 995
1500 1539 995
1503 1528 995
1549 1730 995
1560 1731 995
1562 1567 995
1579 1707 995
1606 1616 995
1630 1819 995
1650 1851 995
1682 1687 995
1700 1707 995
1702 1889 995
1709 1712 995
1710 1854 995
1711 1759 995
1711 1761 995
1713 1718 995
1713 1863 995
1718 1855 995
1718 1887 995
1730 1797 995
1739 1872 995
1752 1774 995
1753 1789 995
1757 1770 995
1757 1789 995
1759 1775 995
1759 1787 995
1759 1790 995
1760 1770 995
1770 1796 995
1772 1774 995
1775 1787 995
1783 1798 995
1800 1820 995
1802 1803 995
1855 1877 995
1426 1429 996
1453 1502 996
1459 1498 996
1500 1533 996
1500 1539 996
1500 1705 996
1528 1653 996
1528 1815 996
1539 1815 996
1545 1705 996
1551 1574 996
1574 1709 996
1579 1700 996
1606 1616 996
1653 1730 996
1653 1815 996
1653 1837 996
1682 1687 996
1700 1707 996
1702 1854 996
1706 1851 996
1708 1743 996
1718 1887 996
1718 1890 996
1753 1760 996
1760 1761 996
1760 1796 996
1768 1792 996
1800 1820 996
1890 1898 996
1426 1429 997
1452 1477 997
1457 1501 997
1459 1498 997
1493 1502 997
1500 1539 997
1551 1570 997
1551 1709 997
1558 1580 997
1558 1685 997
1558 1727 997
1562 1574 997
1579 1700 997
1579 1707 997
1606 1616 997
1682 1687 997
1685 1727 997
1700 1707 997
1706 1861 997
1710 1718 997
1711 1759 997
1718 1877 997
1732 1897 997
1761 1783 997
1800 1820 997
1426 1429 998
1452 1477 998
1452 1498 998
1457 1501 998
1459 1498 998
1477 1498 998
1477 1522 998
1486 1585 998
1493 1502 998
1545 1837 998
1558 1685 998
1560 1727 998
1560 1731 998
1562 1574 998
1574 1707 998
1574 1709 998
1579 1700 998
1579 1707 998
1606 1616 998
1637 1751 998
1682 1687 998
1700 1707 998
1707 1727 998
1708 1718 998
1708 1743 998
1710 1877 998
1711 1759 998
1718 1855 998
1727 1731 998
1743 1877 998
1749 1883 998
1757 1768 998
1761 1783 998
1766 1770 998
1780 1833 998
1800 1820 998
1437 1563 999
1452 1668 999
1457 1501 999
1457 1637 999
1457 1668 999
1459 1498 999
1493 1502 999
1504 1519 999
1504 1539 999
1504 1653 999
1519 1539 999
1522 1668 999
1539 1545 999
1545 1837 999
1558 1727 999
1560 1731 999
1574 1700 999
1574 1707 999
1580 1685 999
1601 1892 999
1606 1616 999
1650 1855 999
1663 1681 999
1663 1908 999
1670 1745 999
1680 1908 999
1681 1908 999
1682 1687 999
1700 1707 999
1702 1889 999
1706 1718 999
1708 1743 999
1711 1759 999
1714 1723 999
1714 1780 999
1757 1768 999
1761 1789 999
1800 1820 999
1819 1865 999
1437 1563 1000
1452 1477 1000
1452 1522 1000
1453 1493 1000
1457 1501 1000
1457 1668 1000
1501 1668 1000
1502 1668 1000
1503 1524 1000
1520 1751 1000
1525 1546 1000
1533 1549 1000
1539 1545 1000
1545 1837 1000
1546 1548 1000
1558 1727 1000
1560 1594 1000
1562 1574 1000
1562 1707 1000
1572 1594 1000
1574 1700 1000
1574 1707 1000
1601 1892 1000
1637 1668 1000
1650 1861 1000
1700 1707 1000
1702 1889 1000
1708 1743 1000
1711 1759 1000
1718 1851 1000
1718 1883 1000
1720 1746 1000
1746 1763 1000
1757 1789 1000
1766 1770 1000
1800 1820 1000
1801 1822 1000
1838 1909 1000
1452 1477 1001
1452 1668 1001
1453 1493 1001
1457 1501 1001
1504 1545 1001
1545 1837 1001
1601 1892 1001
1606 1616 1001
1632 1847 1001
1650 1708 1001
1650 1718 1001
1702 1889 1001
1708 1743 1001
1718 1861 1001
1718 1877 1001
1722 1820 1001
1757 1789 1001
1766 1770 1001
1775 1790 1001
1800 1820 1001
1819 1865 1001
1861 1877 1001
1452 1477 1002
1452 1522 1002
1457 1501 1002
1457 1637 1002
1459 1477 1002
1501 1637 1002
1504 1837 1002
1532 1815 1002
1533 1815 1002
1545 1837 1002
1555 1579 1002
1574 1700 1002
1574 1707 1002
1601 1892 1002
1606 1616 1002
1632 1847 1002
1637 1668 1002
1650 1863 1002
1653 1753 1002
1702 1889 1002
1704 1872 1002
1704 1890 1002
1713 1863 1002
1730 1815 1002
1757 1789 1002
1855 1872 1002
1855 1890 1002
1865 1880 1002
1872 1877 1002
1452 1477 1003
1457 1637 1003
1493 1502 1003
1502 1522 1003
1502 1637 1003
1503 1524 1003
1504 1837 1003
1522 1637 1003
1533 1549 1003
1545 1837 1003
1551 1712 1003
1555 1579 1003
1574 1707 1003
1580 1685 1003
1606 1616 1003
1650 1704 1003
1650 1898 1003
1653 1753 1003
1708 1743 1003
1711 1752 1003
1730 1815 1003
1732 1889 1003
1761 1783 1003
1865 1880 1003
1890 1898 1003
1427 1429 1004
1427 1437 1004
1427 1475 1004
1427 1489 1004
1437 1443 1004
1437 1480 1004
1439 1486 1004
1459 1498 1004
1480 1486 1004
1493 1502 1004
1501 1637 1004
1533 1549 1004
1545 1837 1004
1546 1549 1004
1551 1570 1004
1555 1579 1004
1574 1707 1004
1580 1685 1004
1601 1892 1004
1606 1616 1004
1618 1815 1004
1650 1877 1004
1653 1753 1004
1708 1743 1004
1718 1877 1004
1718 1890 1004
1730 1815 1004
1757 1768 1004
1757 1789 1004
1757 1792 1004
1761 1783 1004
1800 1820 1004
1821 1866 1004
1854 1877 1004
1877 1883 1004
1426 1471 1005
1426 1475 1005
1426 1585 1005
1439 1480 1005
1452 1457 1005
1457 1522 1005
1471 1489 1005
1475 1480 1005
1477 1668 1005
1489 1585 1005
1498 1668 1005
1502 1751 1005
1504 1837 1005
1528 1533 1005
1545 1837 1005
1546 1815 1005
1558 1727 1005
1560 1731 1005
1574 1727 1005
1601 1892 1005
1606 1616 1005
1618 1815 1005
1632 1847 1005
1650 1851 1005
1653 1753 1005
1707 1727 1005
1709 1746 1005
1711 1787 1005
1723 1809 1005
1730 1815 1005
1757 1768 1005
1757 1789 1005
1761 1783 1005
1851 1858 1005
1429 1489 1006
1437 1563 1006
1439 1480 1006
1443 1585 1006
1451 1457 1006
1451 1498 1006
1451 1668 1006
1452 1457 1006
1457 1522 1006
1458 1516 1006
1461 1479 1006
1461 1495 1006
1477 1668 1006
1479 1495 1006
1479 1637 1006
1493 1501 1006
1498 1668 1006
1501 1637 1006
1545 1837 1006
1548 1705 1006
1555 1700 1006
1580 1685 1006
1606 1616 1006
1650 1706 1006
1653 1753 1006
1709 1746 1006
1711 1787 1006
1718 1887 1006
1719 1748 1006
1730 1815 1006
1732 1897 1006
1738 1780 1006
1757 1768 1006
1761 1783 1006
1766 1770 1006
1855 1872 1006
1426 1429 1007
1431 1434 1007
1431 1471 1007
1431 1482 1007
1431 1578 1007
1439 1480 1007
1451 1668 1007
1479 1495 1007
1479 1637 1007
1498 1522 1007
1504 1519 1007
1525 1546 1007
1528 1705 1007
1545 1837 1007
1580 1685 1007
1601 1892 1007
1606 1616 1007
1650 1708 1007
1702 1854 1007
1711 1787 1007
1719 1748 1007
1746 1843 1007
1757 1768 1007
1761 1783 1007
1761 1789 1007
1775 1790 1007
1426 1443 1008
1427 1465 1008
1429 1439 1008
1431 1437 1008
1431 1592 1008
1443 1475 1008
1451 1461 1008
1451 1637 1008
1461 1751 1008
1477 1501 1008
1479 1495 1008
1493 1502 1008
1504 1797 1008
1528 1705 1008
1545 1837 1008
1560 1572 1008
1579 1700 1008
1580 1685 1008
1606 1616 1008
1668 1751 1008
1708 1743 1008
1711 1787 1008
1719 1748 1008
1757 1768 1008
1774 1775 1008
1426 1437 1009
1426 1443 1009
1429 1439 1009
1430 1482 1009
1435 1471 1009
1435 1578 1009
1437 1563 1009
1443 1563 1009
1468 1477 1009
1479 1495 1009
1545 1837 1009
1548 1705 1009
1552 1555 1009
1560 1572 1009
1574 1707 1009
1578 1824 1009
1601 1892 1009
1606 1616 1009
1637 1751 1009
1702 1854 1009
1711 1787 1009
1718 1851 1009
1719 1748 1009
1723 1809 1009
1727 1731 1009
1743 1887 1009
1749 1863 1009
1757 1768 1009
1774 1775 1009
1782 1859 1009
1426 1429 1010
1427 1443 1010
1429 1443 1010
1437 1563 1010
1468 1502 1010
1479 1495 1010
1545 1837 1010
1548 1705 1010
1560 1594 1010
1562 1707 1010
1574 1707 1010
1606 1616 1010
1650 1710 1010
1702 1718 1010
1708 1743 1010
1718 1872 1010
1718 1890 1010
1722 1833 1010
1727 1731 1010
1727 1735 1010
1731 1735 1010
1757 1768 1010
1820 1833 1010
1855 1877 1010
1437 1443 1011
1437 1563 1011
1443 1471 1011
1479 1495 1011
1500 1525 1011
1545 1837 1011
1548 1705 1011
1562 1707 1011
1574 1700 1011
1574 1707 1011
1601 1892 1011
1702 1854 1011
1713 1877 1011
1718 1732 1011
1718 1854 1011
1727 1731 1011
1738 1780 1011
1749 1863 1011
1749 1877 1011
1749 1883 1011
1757 1768 1011
1757 1789 1011
1774 1775 1011
1855 1877 1011
1877 1883 1011
1437 1563 1012
1443 1475 1012
1451 1468 1012
1458 1495 1012
1479 1495 1012
1479 1668 1012
1493 1502 1012
1495 1668 1012
1545 1837 1012
1546 1730 1012
1555 1700 1012
1560 1594 1012
1578 1824 1012
1580 1685 1012
1601 1892 1012
1606 1616 1012
1711 1787 1012
1722 1833 1012
1727 1731 1012
1746 1748 1012
1749 1863 1012
1872 1877 1012
1437 1563 1013
1493 1502 1013
1545 1837 1013
1546 1549 1013
1555 1700 1013
1560 1572 1013
1562 1707 1013
1580 1685 1013
1601 1892 1013
1606 1616 1013
1708 1743 1013
1708 1872 1013
1713 1863 1013
1748 1822 1013
1757 1789 1013
1760 1768 1013
1782 1859 1013
1789 1798 1013
1800 1838 1013
1437 1563 1014
1458 1637 1014
1493 1502 1014
1545 1837 1014
1555 1700 1014
1558 1727 1014
1560 1572 1014
1560 1594 1014
1560 1731 1014
1572 1580 1014
1572 1594 1014
1574 1685 1014
1574 1727 1014
1578 1824 1014
1580 1731 1014
1594 1731 1014
1601 1892 1014
1702 1854 1014
1707 1727 1014
1708 1872 1014
1739 1872 1014
1757 1789 1014
1761 1783 1014
1768 1787 1014
1778 1789 1014
1796 1798 1014
1458 1637 1015
1545 1837 1015
1555 1700 1015
1560 1572 1015
1560 1580 1015
1572 1580 1015
1574 1685 1015
1580 1731 1015
1594 1712 1015
1594 1731 1015
1601 1892 1015
1708 1743 1015
1738 1780 1015
1739 1872 1015
1748 1822 1015
1757 1789 1015
1761 1783 1015
1768 1787 1015
1796 1798 1015
1801 1822 1015
1437 1563 1016
1458 1637 1016
1545 1837 1016
1558 1574 1016
1560 1572 1016
1560 1580 1016
1560 1731 1016
1572 1580 1016
1594 1712 1016
1601 1892 1016
1606 1616 1016
1713 1863 1016
1718 1887 1016
1722 1833 1016
1757 1761 1016
1757 1789 1016
1761 1783 1016
1768 1787 1016
1801 1822 1016
1437 1563 1017
1443 1475 1017
1458 1637 1017
1545 1837 1017
1551 1712 1017
1555 1579 1017
1560 1572 1017
1560 1731 1017
1572 1594 1017
1594 1731 1017
1601 1892 1017
1606 1616 1017
1702 1854 1017
1711 1759 1017
1731 1735 1017
1732 1889 1017
1739 1872 1017
1757 1789 1017
1759 1787 1017
1768 1783 1017
1768 1792 1017
1437 1563 1018
1477 1501 1018
1493 1502 1018
1545 1837 1018
1560 1594 1018
1572 1580 1018
1574 1707 1018
1601 1892 1018
1606 1616 1018
1632 1847 1018
1702 1854 1018
1711 1767 1018
1711 1787 1018
1718 1887 1018
1730 1815 1018
1731 1735 1018
1757 1789 1018
1759 1767 1018
1759 1787 1018
1437 1563 1019
1458 1637 1019
1493 1502 1019
1503 1525 1019
1525 1618 1019
1562 1707 1019
1572 1580 1019
1574 1707 1019
1594 1735 1019
1601 1892 1019
1606 1616 1019
1702 1854 1019
1709 1746 1019
1711 1787 1019
1714 1782 1019
1718 1887 1019
1719 1748 1019
1727 1735 1019
1732 1889 1019
1757 1768 1019
1757 1783 1019
1772 1774 1019
1775 1787 1019
1796 1798 1019
1843 1859 1019
1437 1563 1020
1443 1824 1020
1458 1637 1020
1493 1502 1020
1562 1707 1020
1574 1707 1020
1580 1685 1020
1594 1735 1020
1606 1616 1020
1702 1854 1020
1711 1774 1020
1749 1883 1020
1757 1768 1020
1768 1783 1020
1796 1798 1020
1801 1859 1020
1805 1880 1020
1843 1859 1020
1437 1563 1021
1458 1637 1021
1477 1501 1021
1493 1502 1021
1532 1653 1021
1533 1539 1021
1533 1653 1021
1560 1731 1021
1562 1707 1021
1572 1580 1021
1574 1707 1021
1594 1735 1021
1601 1892 1021
1606 1616 1021
1702 1854 1021
1708 1743 1021
1731 1735 1021
1749 1883 1021
1820 1833 1021
1437 1563 1022
1477 1501 1022
1482 1824 1022
1493 1502 1022
1504 1519 1022
1504 1545 1022
1504 1837 1022
1560 1594 1022
1562 1707 1022
1574 1707 1022
1601 1892 1022
1606 1616 1022
1702 1854 1022
1708 1743 1022
1709 1746 1022
1727 1731 1022
1730 1815 1022
1757 1768 1022
1757 1789 1022
1820 1833 1022
1426 1429 1023
1427 1824 1023
1437 1563 1023
1493 1502 1023
1560 1572 1023
1560 1594 1023
1562 1567 1023
1572 1594 1023
1580 1685 1023
1606 1616 1023
1722 1833 1023
1738 1780 1023
1743 1887 1023
1757 1789 1023
1843 1859 1023
1493 1502 1024
1501 1502 1024
1504 1519 1024
1558 1574 1024
1580 1685 1024
1601 1892 1024
1606 1616 1024
1743 1887 1024
1749 1883 1024
1757 1768 1024
1802 1821 1024
1426 1429 1025
1437 1563 1025
1493 1502 1025
1558 1574 1025
1560 1685 1025
1580 1685 1025
1606 1616 1025
1702 1889 1025
1704 1713 1025
1796 1798 1025
1890 1898 1025
1426 1429 1026
1493 1502 1026
1504 1519 1026
1555 1574 1026
1558 1574 1026
1580 1685 1026
1739 1872 1026
1774 1775 1026
1778 1789 1026
1796 1798 1026
1477 1501 1027
1493 1502 1027
1504 1519 1027
1539 1705 1027
1555 1574 1027
1580 1685 1027
1601 1892 1027
1650 1702 1027
1702 1889 1027
1706 1861 1027
1711 1759 1027
1713 1863 1027
1739 1872 1027
1749 1863 1027
1757 1768 1027
1774 1775 1027
1778 1789 1027
1819 1836 1027
1890 1898 1027
1458 1637 1028
1546 1548 1028
1558 1574 1028
1580 1685 1028
1601 1892 1028
1606 1616 1028
1650 1713 1028
1706 1851 1028
1713 1863 1028
1730 1815 1028
1732 1889 1028
1749 1863 1028
1778 1789 1028
1890 1898 1028
1426 1439 1029
1437 1563 1029
1459 1498 1029
1468 1477 1029
1477 1501 1029
1546 1548 1029
1558 1574 1029
1574 1579 1029
1580 1685 1029
1618 1730 1029
1702 1854 1029
1702 1889 1029
1706 1851 1029
1708 1743 1029
1711 1772 1029
1711 1787 1029
1727 1731 1029
1732 1889 1029
1739 1872 1029
1749 1863 1029
1778 1789 1029
1890 1898 1029
1426 1429 1030
1437 1563 1030
1457 1493 1030
1457 1522 1030
1468 1502 1030
1477 1501 1030
1546 1548 1030
1574 1579 1030
1580 1685 1030
1618 1730 1030
1711 1787 1030
1732 1889 1030
1778 1789 1030
1802 1821 1030
1437 1563 1031
1457 1458 1031
1457 1522 1031
1458 1522 1031
1560 1594 1031
1574 1579 1031
1580 1685 1031
1675 1920 1031
1702 1889 1031
1801 1822 1031
1877 1890 1031
1437 1563 1032
1457 1458 1032
1457 1522 1032
1458 1522 1032
1477 1502 1032
1504 1519 1032
1545 1837 1032
1574 1579 1032
1580 1685 1032
1606 1616 1032
1656 1673 1032
1670 1674 1032
1687 1695 1032
1688 1697 1032
1702 1889 1032
1711 1787 1032
1719 1782 1032
1732 1889 1032
1757 1768 1032
1761 1783 1032
1778 1789 1032
1819 1892 1032
1437 1563 1033
1457 1458 1033
1457 1522 1033
1493 1502 1033
1503 1730 1033
1558 1574 1033
1574 1579 1033
1580 1685 1033
1632 1835 1033
1663 1697 1033
1702 1889 1033
1719 1859 1033
1743 1887 1033
1759 1787 1033
1912 1920 1033
1437 1563 1034
1457 1458 1034
1457 1522 1034
1493 1502 1034
1503 1528 1034
1558 1574 1034
1574 1579 1034
1574 1700 1034
1580 1685 1034
1632 1835 1034
1650 1718 1034
1702 1889 1034
1711 1787 1034
1730 1815 1034
1732 1889 1034
1796 1798 1034
1802 1821 1034
1819 1892 1034
1877 1890 1034
1437 1563 1035
1457 1458 1035
1457 1498 1035
1457 1522 1035
1493 1502 1035
1558 1574 1035
1579 1700 1035
1580 1685 1035
1606 1616 1035
1663 1680 1035
1711 1787 1035
1718 1887 1035
1738 1780 1035
1796 1798 1035
1877 1890 1035
1427 1486 1036
1437 1563 1036
1477 1501 1036
1479 1495 1036
1551 1560 1036
1555 1574 1036
1558 1574 1036
1580 1685 1036
1606 1616 1036
1738 1909 1036
1749 1883 1036
1796 1798 1036
1802 1803 1036
1805 1880 1036
1865 1880 1036
1437 1486 1037
1437 1563 1037
1477 1501 1037
1479 1495 1037
1482 1824 1037
1493 1502 1037
1503 1528 1037
1558 1574 1037
1580 1685 1037
1606 1616 1037
1708 1743 1037
1732 1889 1037
1805 1880 1037
1437 1563 1038
1477 1501 1038
1482 1824 1038
1493 1502 1038
1503 1528 1038
1567 1707 1038
1580 1685 1038
1606 1616 1038
1708 1743 1038
1711 1759 1038
1718 1887 1038
1732 1889 1038
1772 1774 1038
1865 1880 1038
1437 1486 1039
1437 1563 1039
1458 1461 1039
1458 1516 1039
1477 1501 1039
1482 1824 1039
1493 1502 1039
1503 1528 1039
1567 1707 1039
1580 1685 1039
1601 1892 1039
1748 1782 1039
1757 1789 1039
1437 1563 1040
1458 1637 1040
1477 1501 1040
1482 1824 1040
1493 1502 1040
1503 1528 1040
1558 1567 1040
1567 1707 1040
1580 1685 1040
1601 1892 1040
1606 1616 1040
1711 1787 1040
1718 1887 1040
1749 1863 1040
1767 1790 1040
1796 1798 1040
1437 1563 1041
1458 1637 1041
1477 1501 1041
1477 1502 1041
1482 1824 1041
1493 1502 1041
1504 1519 1041
1558 1567 1041
1558 1574 1041
1560 1572 1041
1567 1707 1041
1580 1685 1041
1601 1892 1041
1675 1681 1041
1709 1833 1041
1718 1887 1041
1732 1889 1041
1767 1790 1041
1820 1833 1041
1437 1563 1042
1461 1516 1042
1477 1501 1042
1482 1824 1042
1546 1548 1042
1558 1567 1042
1558 1574 1042
1567 1707 1042
1580 1685 1042
1601 1892 1042
1606 1616 1042
1632 1835 1042
1656 1675 1042
1711 1787 1042
1718 1887 1042
1719 1859 1042
1767 1790 1042
1801 1859 1042
1437 1563 1043
1439 1480 1043
1461 1516 1043
1477 1501 1043
1482 1824 1043
1486 1585 1043
1546 1548 1043
1555 1574 1043
1558 1567 1043
1558 1574 1043
1567 1707 1043
1580 1685 1043
1601 1892 1043
1606 1616 1043
1650 1718 1043
1656 1673 1043
1732 1889 1043
1767 1790 1043
1820 1833 1043
1877 1890 1043
1437 1563 1044
1461 1516 1044
1477 1501 1044
1486 1585 1044
1516 1637 1044
1546 1548 1044
1558 1567 1044
1558 1574 1044
1567 1707 1044
1606 1616 1044
1718 1887 1044
1719 1748 1044
1732 1889 1044
1757 1789 1044
1767 1790 1044
1877 1890 1044
1427 1482 1045
1427 1578 1045
1427 1824 1045
1437 1563 1045
1439 1480 1045
1461 1516 1045
1482 1578 1045
1493 1502 1045
1503 1528 1045
1546 1548 1045
1558 1567 1045
1580 1685 1045
1601 1892 1045
1606 1616 1045
1730 1815 1045
1732 1889 1045
1767 1790 1045
1427 1475 1046
1427 1824 1046
1461 1501 1046
1475 1482 1046
1475 1578 1046
1477 1501 1046
1482 1578 1046
1482 1824 1046
1493 1502 1046
1546 1548 1046
1552 1555 1046
1552 1685 1046
1578 1824 1046
1580 1685 1046
1601 1892 1046
1606 1616 1046
1650 1718 1046
1656 1673 1046
1656 1675 1046
1704 1713 1046
1730 1815 1046
1732 1889 1046
1819 1865 1046
1877 1890 1046
1475 1578 1047
1477 1501 1047
1482 1578 1047
1546 1548 1047
1558 1567 1047
1574 1685 1047
1578 1824 1047
1580 1685 1047
1601 1892 1047
1606 1616 1047
1702 1854 1047
1704 1713 1047
1708 1743 1047
1730 1815 1047
1732 1889 1047
1732 1897 1047
1749 1883 1047
1767 1790 1047
1796 1798 1047
1835 1892 1047
1430 1431 1048
1430 1443 1048
1431 1578 1048
1437 1563 1048
1457 1498 1048
1475 1482 1048
1475 1578 1048
1475 1824 1048
1477 1501 1048
1482 1578 1048
1482 1824 1048
1546 1548 1048
1546 1705 1048
1551 1572 1048
1552 1685 1048
1558 1574 1048
1601 1892 1048
1606 1616 1048
1704 1713 1048
1711 1787 1048
1719 1748 1048
1730 1815 1048
1749 1863 1048
1835 1892 1048
1430 1431 1049
1431 1434 1049
1437 1563 1049
1443 1482 1049
1475 1482 1049
1475 1824 1049
1477 1501 1049
1546 1548 1049
1551 1572 1049
1552 1555 1049
1558 1574 1049
1601 1892 1049
1606 1616 1049
1681 1698 1049
1708 1872 1049
1709 1741 1049
1709 1859 1049
1711 1787 1049
1718 1887 1049
1821 1866 1049
1885 1892 1049
1443 1824 1050
1452 1468 1050
1475 1482 1050
1475 1824 1050
1503 1528 1050
1546 1548 1050
1558 1727 1050
1574 1579 1050
1574 1685 1050
1601 1892 1050
1606 1616 1050
1618 1815 1050
1673 1675 1050
1707 1727 1050
1711 1787 1050
1718 1887 1050
1748 1859 1050
1767 1790 1050
1821 1857 1050
1885 1892 1050
1427 1475 1051
1429 1480 1051
1430 1435 1051
1434 1578 1051
1451 1668 1051
1479 1495 1051
1546 1548 1051
1552 1685 1051
1558 1567 1051
1567 1574 1051
1574 1579 1051
1574 1685 1051
1580 1685 1051
1601 1892 1051
1606 1616 1051
1618 1815 1051
1630 1821 1051
1713 1863 1051
1718 1887 1051
1730 1815 1051
1748 1859 1051
1767 1790 1051
1779 1908 1051
1782 1859 1051
1801 1822 1051
1431 1434 1052
1431 1475 1052
1437 1563 1052
1439 1480 1052
1461 1501 1052
1477 1501 1052
1503 1528 1052
1546 1548 1052
1552 1685 1052
1558 1567 1052
1567 1574 1052
1567 1727 1052
1574 1579 1052
1601 1892 1052
1606 1616 1052
1630 1821 1052
1656 1673 1052
1656 1698 1052
1664 1779 1052
1709 1719 1052
1711 1759 1052
1718 1887 1052
1719 1748 1052
1723 1843 1052
1730 1815 1052
1749 1883 1052
1757 1789 1052
1767 1790 1052
1782 1859 1052
1801 1822 1052
1807 1880 1052
1835 1892 1052
1885 1892 1052
1427 1437 1053
1437 1563 1053
1461 1501 1053
1493 1502 1053
1504 1519 1053
1546 1548 1053
1551 1572 1053
1552 1685 1053
1558 1567 1053
1558 1727 1053
1567 1574 1053
1567 1727 1053
1574 1727 1053
1601 1892 1053
1606 1616 1053
1630 1821 1053
1663 1697 1053
1664 1779 1053
1666 1670 1053
1670 1674 1053
1673 1698 1053
1675 1765 1053
1702 1854 1053
1711 1759 1053
1718 1887 1053
1719 1748 1053
1730 1815 1053
1757 1789 1053
1759 1787 1053
1761 1789 1053
1767 1790 1053
1427 1437 1054
1427 1563 1054
1427 1578 1054
1427 1824 1054
1437 1563 1054
1437 1824 1054
1461 1501 1054
1482 1563 1054
1493 1502 1054
1504 1519 1054
1504 1837 1054
1520 1668 1054
1539 1705 1054
1546 1548 1054
1551 1572 1054
1558 1567 1054
1563 1824 1054
1567 1574 1054
1567 1727 1054
1574 1685 1054
1601 1892 1054
1606 1616 1054
1656 1673 1054
1661 1908 1054
1674 1912 1054
1702 1889 1054
1711 1759 1054
1718 1887 1054
1719 1859 1054
1730 1815 1054
1767 1790 1054
1801 1822 1054
1427 1431 1055
1427 1435 1055
1427 1563 1055
1431 1437 1055
1431 1563 1055
1434 1475 1055
1437 1563 1055
1437 1824 1055
1439 1480 1055
1486 1585 1055
1493 1502 1055
1504 1519 1055
1539 1705 1055
1546 1548 1055
1551 1572 1055
1552 1555 1055
1558 1567 1055
1558 1574 1055
1558 1685 1055
1558 1727 1055
1560 1731 1055
1567 1574 1055
1567 1727 1055
1574 1579 1055
1601 1892 1055
1618 1815 1055
1656 1673 1055
1664 1687 1055
1670 1674 1055
1696 1908 1055
1702 1889 1055
1711 1759 1055
1718 1887 1055
1730 1815 1055
1757 1768 1055
1757 1789 1055
1767 1790 1055
1877 1890 1055
1434 1443 1056
1435 1578 1056
1437 1482 1056
1437 1824 1056
1439 1480 1056
1493 1502 1056
1503 1528 1056
1504 1519 1056
1520 1668 1056
1539 1705 1056
1546 1548 1056
1558 1567 1056
1558 1574 1056
1558 1727 1056
1560 1731 1056
1567 1707 1056
1567 1727 1056
1601 1892 1056
1606 1616 1056
1663 1695 1056
1664 1779 1056
1711 1759 1056
1718 1887 1056
1719 1748 1056
1737 1738 1056
1737 1780 1056
1757 1789 1056
1807 1880 1056
1821 1888 1056
1877 1890 1056
1426 1429 1057
1430 1482 1057
1431 1437 1057
1431 1443 1057
1437 1475 1057
1437 1824 1057
1443 1475 1057
1457 1498 1057
1458 1502 1057
1493 1495 1057
1493 1637 1057
1495 1637 1057
1502 1637 1057
1504 1519 1057
1520 1668 1057
1539 1705 1057
1546 1548 1057
1558 1567 1057
1558 1685 1057
1563 1824 1057
1567 1707 1057
1567 1727 1057
1601 1892 1057
1606 1616 1057
1632 1835 1057
1656 1673 1057
1656 1675 1057
1656 1681 1057
1661 1908 1057
1663 1697 1057
1666 1670 1057
1685 1727 1057
1711 1759 1057
1713 1749 1057
1718 1887 1057
1719 1748 1057
1730 1815 1057
1757 1789 1057
1821 1888 1057
1835 1892 1057
1426 1429 1058
1427 1430 1058
1427 1443 1058
1427 1475 1058
1430 1475 1058
1437 1563 1058
1443 1475 1058
1458 1493 1058
1458 1637 1058
1458 1668 1058
1504 1519 1058
1546 1548 1058
1552 1555 1058
1558 1567 1058
1558 1574 1058
1560 1731 1058
1567 1727 1058
1601 1892 1058
1606 1616 1058
1637 1668 1058
1656 1673 1058
1656 1698 1058
1661 1664 1058
1661 1908 1058
1664 1687 1058
1666 1670 1058
1708 1743 1058
1711 1759 1058
1718 1887 1058
1719 1748 1058
1719 1782 1058
1730 1815 1058
1749 1883 1058
1801 1822 1058
1802 1821 1058
1821 1857 1058
1427 1430 1059
1437 1563 1059
1439 1443 1059
1458 1637 1059
1503 1524 1059
1504 1519 1059
1504 1705 1059
1520 1668 1059
1521 1831 1059
1528 1532 1059
1546 1548 1059
1551 1572 1059
1552 1555 1059
1558 1574 1059
1560 1731 1059
1567 1727 1059
1601 1892 1059
1618 1815 1059
1632 1835 1059
1650 1708 1059
1650 1890 1059
1656 1675 1059
1702 1889 1059
1708 1743 1059
1708 1851 1059
1711 1759 1059
1719 1748 1059
1743 1887 1059
1801 1822 1059
1427 1431 1060
1430 1443 1060
1458 1637 1060
1475 1578 1060
1495 1637 1060
1503 1524 1060
1504 1528 1060
1504 1532 1060
1504 1539 1060
1551 1572 1060
1551 1712 1060
1558 1727 1060
1560 1731 1060
1567 1727 1060
1572 1712 1060
1601 1892 1060
1606 1616 1060
1618 1815 1060
1632 1835 1060
1702 1889 1060
1708 1743 1060
1711 1759 1060
1749 1863 1060
1757 1789 1060
1429 1480 1061
1437 1563 1061
1458 1493 1061
1458 1516 1061
1461 1495 1061
1461 1516 1061
1461 1637 1061
1516 1751 1061
1548 1797 1061
1551 1572 1061
1558 1574 1061
1601 1892 1061
1618 1815 1061
1661 1664 1061
1702 1854 1061
1711 1759 1061
1749 1863 1061
1757 1789 1061
1820 1833 1061
1861 1887 1061
1429 1480 1062
1437 1563 1062
1443 1824 1062
1458 1493 1062
1528 1548 1062
1552 1555 1062
1572 1712 1062
1574 1707 1062
1606 1616 1062
1632 1835 1062
1711 1759 1062
1749 1863 1062
1757 1789 1062
1759 1787 1062
1783 1789 1062
1430 1443 1063
1437 1563 1063
1443 1824 1063
1458 1493 1063
1552 1555 1063
1560 1731 1063
1618 1730 1063
1618 1815 1063
1711 1759 1063
1757 1789 1063
1759 1767 1063
1759 1787 1063
1427 1824 1064
1431 1439 1064
1439 1443 1064
1443 1824 1064
1458 1493 1064
1461 1495 1064
1516 1751 1064
1560 1731 1064
1601 1892 1064
1606 1616 1064
1618 1730 1064
1618 1815 1064
1661 1779 1064
1661 1908 1064
1687 1779 1064
1719 1748 1064
1757 1789 1064
1759 1767 1064
1801 1822 1064
1427 1824 1065
1429 1578 1065
1430 1824 1065
1461 1495 1065
1461 1516 1065
1516 1751 1065
1552 1555 1065
1558 1567 1065
1558 1574 1065
1567 1727 1065
1601 1892 1065
1618 1815 1065
1661 1664 1065
1702 1889 1065
1706 1861 1065
1711 1759 1065
1753 1783 1065
1757 1768 1065
1757 1789 1065
1759 1767 1065
1802 1803 1065
1802 1821 1065
1865 1895 1065
1429 1471 1066
1431 1434 1066
1443 1475 1066
1551 1572 1066
1558 1567 1066
1558 1574 1066
1558 1727 1066
1567 1574 1066
1567 1727 1066
1574 1727 1066
1601 1892 1066
1606 1616 1066
1618 1815 1066
1656 1673 1066
1681 1765 1066
1702 1889 1066
1706 1861 1066
1711 1759 1066
1757 1789 1066
1761 1789 1066
1890 1898 1066
1429 1475 1067
1429 1592 1067
1443 1475 1067
1471 1592 1067
1475 1592 1067
1538 1815 1067
1558 1567 1067
1558 1574 1067
1558 1727 1067
1567 1727 1067
1601 1892 1067
1606 1616 1067
1618 1815 1067
1711 1759 1067
1429 1592 1068
1443 1578 1068
1458 1493 1068
1558 1574 1068
1558 1727 1068
1567 1727 1068
1606 1616 1068
1618 1815 1068
1712 1746 1068
1719 1748 1068
1739 1872 1068
1757 1768 1068
1759 1787 1068
1759 1790 1068
1857 1866 1068
1468 1477 1069
1482 1578 1069
1558 1574 1069
1558 1579 1069
1558 1727 1069
1567 1727 1069
1601 1892 1069
1606 1616 1069
1618 1730 1069
1618 1815 1069
1661 1908 1069
1675 1765 1069
1719 1748 1069
1730 1815 1069
1739 1872 1069
1803 1821 1069
1819 1865 1069
1912 1920 1069
1457 1522 1070
1458 1493 1070
1552 1555 1070
1558 1567 1070
1558 1574 1070
1558 1700 1070
1558 1727 1070
1601 1892 1070
1606 1616 1070
1618 1815 1070
1656 1675 1070
1656 1765 1070
1661 1695 1070
1661 1908 1070
1663 1675 1070
1663 1688 1070
1666 1674 1070
1673 1675 1070
1673 1698 1070
1706 1861 1070
1706 1887 1070
1719 1748 1070
1727 1746 1070
1731 1746 1070
1779 1908 1070
1782 1859 1070
1803 1821 1070
1890 1898 1070
1912 1920 1070
1427 1431 1071
1431 1434 1071
1457 1522 1071
1458 1493 1071
1493 1501 1071
1493 1516 1071
1560 1580 1071
1560 1731 1071
1567 1727 1071
1601 1892 1071
1606 1616 1071
1618 1730 1071
1618 1815 1071
1664 1908 1071
1673 1765 1071
1675 1765 1071
1706 1887 1071
1718 1887 1071
1739 1872 1071
1757 1778 1071
1427 1431 1072
1429 1482 1072
1429 1592 1072
1443 1475 1072
1458 1493 1072
1458 1637 1072
1482 1592 1072
1495 1637 1072
1552 1555 1072
1558 1567 1072
1567 1727 1072
1601 1892 1072
1606 1616 1072
1675 1765 1072
1687 1779 1072
1706 1861 1072
1706 1887 1072
1719 1748 1072
1800 1820 1072
1890 1898 1072
1429 1482 1073
1431 1578 1073
1482 1592 1073
1552 1555 1073
1558 1727 1073
1567 1727 1073
1606 1616 1073
1706 1861 1073
1718 1887 1073
1730 1815 1073
1757 1778 1073
1890 1898 1073
1427 1431 1074
1429 1434 1074
1429 1482 1074
1431 1824 1074
1458 1637 1074
1475 1482 1074
1482 1592 1074
1501 1502 1074
1503 1524 1074
1552 1555 1074
1552 1712 1074
1558 1731 1074
1567 1727 1074
1579 1712 1074
1601 1892 1074
1663 1688 1074
1711 1752 1074
1718 1887 1074
1757 1778 1074
1778 1792 1074
1801 1822 1074
1426 1443 1075
1427 1431 1075
1458 1461 1075
1458 1637 1075
1475 1482 1075
1475 1592 1075
1477 1502 1075
1482 1592 1075
1528 1539 1075
1548 1705 1075
1567 1727 1075
1601 1892 1075
1606 1616 1075
1709 1843 1075
1718 1887 1075
1719 1748 1075
1727 1731 1075
1730 1815 1075
1749 1883 1075
1759 1767 1075
1801 1843 1075
1801 1859 1075
1821 1847 1075
1426 1443 1076
1477 1502 1076
1479 1495 1076
1501 1502 1076
1504 1705 1076
1552 1555 1076
1567 1727 1076
1601 1892 1076
1606 1616 1076
1656 1673 1076
1661 1908 1076
1663 1684 1076
1673 1765 1076
1702 1854 1076
1718 1887 1076
1719 1748 1076
1737 1780 1076
1759 1767 1076
1802 1803 1076
1877 1890 1076
1429 1431 1077
1429 1482 1077
1457 1498 1077
1458 1461 1077
1458 1516 1077
1458 1637 1077
1477 1493 1077
1482 1592 1077
1501 1502 1077
1552 1555 1077
1558 1574 1077
1558 1727 1077
1592 1824 1077
1601 1892 1077
1606 1616 1077
1656 1675 1077
1656 1765 1077
1661 1908 1077
1666 1674 1077
1673 1765 1077
1675 1697 1077
1675 1765 1077
1718 1887 1077
1719 1748 1077
1720 1737 1077
1727 1735 1077
1730 1815 1077
1737 1780 1077
1757 1789 1077
1855 1872 1077
1877 1890 1077
1890 1898 1077
1434 1465 1078
1457 1498 1078
1458 1516 1078
1459 1495 1078
1465 1482 1078
1468 1522 1078
1477 1502 1078
1558 1574 1078
1567 1727 1078
1592 1824 1078
1601 1892 1078
1656 1673 1078
1661 1908 1078
1673 1765 1078
1674 1912 1078
1706 1887 1078
1709 1801 1078
1757 1778 1078
1757 1792 1078
1761 1789 1078
1782 1859 1078
1835 1892 1078
1847 1857 1078
1877 1890 1078
1457 1522 1079
1458 1637 1079
1516 1751 1079
1546 1548 1079
1558 1574 1079
1567 1727 1079
1592 1824 1079
1601 1892 1079
1606 1616 1079
1663 1680 1079
1664 1687 1079
1719 1748 1079
1749 1863 1079
1757 1778 1079
1761 1789 1079
1764 1774 1079
1770 1774 1079
1821 1857 1079
1855 1872 1079
1877 1890 1079
1426 1427 1080
1427 1430 1080
1434 1824 1080
1458 1459 1080
1458 1461 1080
1458 1637 1080
1516 1751 1080
1592 1824 1080
1702 1889 1080
1737 1909 1080
1749 1863 1080
1761 1789 1080
1764 1774 1080
1780 1909 1080
1855 1872 1080
1877 1890 1080
1426 1427 1081
1439 1585 1081
1495 1637 1081
1500 1528 1081
1503 1524 1081
1546 1548 1081
1558 1574 1081
1558 1727 1081
1601 1892 1081
1718 1887 1081
1735 1746 1081
1737 1780 1081
1737 1801 1081
1738 1780 1081
1749 1863 1081
1801 1909 1081
1877 1890 1081
1427 1441 1082
1434 1824 1082
1458 1495 1082
1503 1524 1082
1545 1837 1082
1546 1548 1082
1558 1727 1082
1574 1727 1082
1601 1892 1082
1606 1616 1082
1650 1718 1082
1650 1743 1082
1650 1887 1082
1695 1697 1082
1706 1887 1082
1709 1780 1082
1718 1887 1082
1732 1889 1082
1738 1780 1082
1749 1863 1082
1778 1789 1082
1778 1792 1082
1807 1880 1082
1847 1857 1082
1458 1461 1083
1480 1489 1083
1493 1502 1083
1532 1546 1083
1558 1727 1083
1574 1727 1083
1601 1892 1083
1606 1616 1083
1650 1718 1083
1650 1743 1083
1653 1837 1083
1702 1854 1083
1723 1843 1083
1749 1863 1083
1757 1789 1083
1801 1859 1083
1803 1857 1083
1807 1880 1083
1429 1482 1084
1431 1824 1084
1437 1563 1084
1458 1493 1084
1551 1572 1084
1558 1727 1084
1574 1727 1084
1606 1616 1084
1656 1673 1084
1663 1675 1084
1673 1675 1084
1719 1748 1084
1749 1863 1084
1752 1792 1084
1757 1789 1084
1807 1880 1084
1429 1482 1085
1431 1824 1085
1458 1461 1085
1501 1502 1085
1516 1751 1085
1558 1574 1085
1558 1727 1085
1574 1727 1085
1601 1892 1085
1606 1616 1085
1656 1673 1085
1656 1675 1085
1664 1687 1085
1666 1674 1085
1670 1912 1085
1673 1675 1085
1673 1765 1085
1675 1698 1085
1675 1765 1085
1697 1765 1085
1711 1767 1085
1737 1801 1085
1743 1887 1085
1431 1482 1086
1431 1824 1086
1501 1502 1086
1516 1751 1086
1558 1727 1086
1574 1727 1086
1606 1616 1086
1664 1779 1086
1670 1674 1086
1673 1675 1086
1673 1765 1086
1706 1861 1086
1732 1889 1086
1737 1780 1086
1738 1780 1086
1770 1774 1086
1780 1843 1086
1431 1824 1087
1437 1563 1087
1459 1483 1087
1477 1501 1087
1479 1495 1087
1482 1592 1087
1482 1824 1087
1493 1501 1087
1495 1668 1087
1516 1751 1087
1555 1727 1087
1558 1567 1087
1558 1727 1087
1574 1579 1087
1574 1727 1087
1685 1727 1087
1706 1861 1087
1706 1887 1087
1708 1887 1087
1718 1887 1087
1732 1889 1087
1737 1780 1087
1738 1780 1087
1770 1774 1087
1807 1880 1087
1431 1824 1088
1437 1563 1088
1458 1461 1088
1479 1495 1088
1482 1824 1088
1501 1751 1088
1504 1705 1088
1516 1751 1088
1521 1857 1088
1558 1727 1088
1574 1727 1088
1601 1892 1088
1606 1616 1088
1706 1861 1088
1711 1752 1088
1718 1887 1088
1719 1833 1088
1737 1780 1088
1748 1833 1088
1770 1774 1088
1780 1909 1088
1835 1892 1088
1429 1471 1089
1437 1563 1089
1458 1459 1089
1461 1493 1089
1482 1578 1089
1482 1824 1089
1504 1705 1089
1516 1751 1089
1558 1727 1089
1574 1727 1089
1601 1892 1089
1606 1616 1089
1711 1752 1089
1719 1748 1089
1719 1833 1089
1732 1889 1089
1737 1780 1089
1748 1833 1089
1770 1774 1089
1822 1859 1089
1429 1471 1090
1429 1489 1090
1430 1482 1090
1437 1563 1090
1493 1516 1090
1533 1815 1090
1558 1727 1090
1606 1616 1090
1656 1673 1090
1670 1674 1090
1719 1723 1090
1719 1748 1090
1719 1782 1090
1801 1859 1090
1807 1880 1090
1890 1898 1090
1429 1489 1091
1430 1482 1091
1437 1563 1091
1458 1493 1091
1486 1585 1091
1493 1516 1091
1504 1519 1091
1504 1705 1091
1516 1751 1091
1533 1815 1091
1549 1653 1091
1558 1574 1091
1601 1892 1091
1606 1616 1091
1650 1898 1091
1653 1705 1091
1711 1759 1091
1719 1859 1091
1720 1909 1091
1743 1887 1091
1782 1859 1091
1801 1859 1091
1807 1880 1091
1855 1872 1091
1429 1489 1092
1434 1471 1092
1437 1563 1092
1471 1480 1092
1504 1837 1092
1516 1751 1092
1549 1653 1092
1601 1892 1092
1713 1749 1092
1719 1859 1092
1737 1909 1092
1738 1780 1092
1782 1859 1092
1807 1880 1092
1854 1889 1092
1429 1489 1093
1431 1824 1093
1458 1459 1093
1477 1493 1093
1500 1504 1093
1504 1545 1093
1516 1751 1093
1558 1727 1093
1606 1616 1093
1666 1682 1093
1670 1674 1093
1713 1749 1093
1719 1859 1093
1737 1780 1093
1789 1792 1093
1807 1880 1093
1426 1429 1094
1429 1578 1094
1429 1824 1094
1431 1475 1094
1458 1459 1094
1458 1483 1094
1471 1480 1094
1479 1495 1094
1516 1751 1094
1558 1574 1094
1558 1727 1094
1560 1731 1094
1578 1824 1094
1601 1892 1094
1606 1616 1094
1632 1847 1094
1656 1673 1094
1656 1698 1094
1663 1680 1094
1663 1684 1094
1663 1697 1094
1664 1779 1094
1698 1765 1094
1711 1759 1094
1737 1780 1094
1737 1909 1094
1779 1908 1094
1807 1880 1094
1890 1898 1094
1912 1920 1094
1426 1824 1095
1429 1441 1095
1458 1459 1095
1458 1461 1095
1480 1489 1095
1493 1502 1095
1516 1751 1095
1558 1574 1095
1601 1892 1095
1606 1616 1095
1650 1851 1095
1656 1673 1095
1698 1765 1095
1711 1759 1095
1718 1887 1095
1720 1909 1095
1737 1909 1095
1749 1883 1095
1779 1908 1095
1426 1592 1096
1443 1475 1096
1451 1452 1096
1458 1459 1096
1461 1501 1096
1532 1533 1096
1592 1824 1096
1601 1892 1096
1650 1851 1096
1702 1854 1096
1711 1759 1096
1737 1780 1096
1737 1909 1096
1748 1833 1096
1764 1774 1096
1767 1787 1096
1854 1889 1096
1429 1471 1097
1429 1824 1097
1458 1459 1097
1458 1461 1097
1461 1501 1097
1480 1489 1097
1532 1533 1097
1552 1712 1097
1558 1579 1097
1592 1824 1097
1680 1684 1097
1702 1854 1097
1711 1759 1097
1757 1778 1097
1778 1789 1097
1778 1792 1097
1426 1429 1098
1451 1520 1098
1458 1459 1098
1461 1501 1098
1480 1489 1098
1532 1533 1098
1580 1685 1098
1601 1892 1098
1606 1616 1098
1680 1684 1098
1711 1759 1098
1778 1789 1098
1835 1836 1098
1855 1872 1098
1435 1578 1099
1435 1824 1099
1439 1578 1099
1458 1493 1099
1480 1489 1099
1516 1751 1099
1525 1528 1099
1601 1892 1099
1606 1616 1099
1663 1697 1099
1680 1684 1099
1711 1759 1099
1836 1885 1099
1435 1578 1100
1435 1824 1100
1458 1493 1100
1459 1637 1100
1475 1585 1100
1480 1489 1100
1516 1751 1100
1558 1567 1100
1580 1685 1100
1601 1892 1100
1606 1616 1100
1656 1673 1100
1663 1673 1100
1664 1908 1100
1666 1920 1100
1681 1765 1100
1801 1859 1100
1435 1578 1101
1435 1824 1101
1439 1486 1101
1439 1585 1101
1458 1477 1101
1458 1493 1101
1486 1585 1101
1503 1524 1101
1516 1751 1101
1578 1824 1101
1601 1892 1101
1606 1616 1101
1632 1847 1101
1661 1663 1101
1661 1664 1101
1661 1687 1101
1663 1695 1101
1664 1696 1101
1664 1908 1101
1670 1674 1101
1675 1681 1101
1702 1889 1101
1718 1855 1101
1730 1815 1101
1749 1863 1101
1757 1761 1101
1757 1778 1101
1778 1792 1101
1435 1578 1102
1457 1498 1102
1458 1493 1102
1486 1585 1102
1503 1524 1102
1516 1751 1102
1545 1837 1102
1601 1892 1102
1606 1616 1102
1632 1847 1102
1663 1697 1102
1664 1908 1102
1673 1675 1102
1702 1854 1102
1702 1889 1102
1720 1737 1102
1757 1761 1102
1757 1778 1102
1778 1792 1102
1854 1889 1102
1877 1890 1102
1890 1898 1102
1912 1920 1102
1457 1498 1103
1458 1493 1103
1475 1824 1103
1480 1489 1103
1516 1751 1103
1545 1837 1103
1580 1685 1103
1601 1892 1103
1606 1616 1103
1661 1908 1103
1663 1675 1103
1673 1675 1103
1698 1765 1103
1702 1854 1103
1718 1887 1103
1761 1789 1103
1778 1792 1103
1805 1880 1103
1457 1498 1104
1458 1493 1104
1475 1824 1104
1500 1519 1104
1500 1545 1104
1516 1751 1104
1552 1685 1104
1580 1685 1104
1601 1892 1104
1606 1616 1104
1650 1851 1104
1656 1673 1104
1656 1675 1104
1702 1889 1104
1704 1713 1104
1706 1887 1104
1711 1759 1104
1718 1855 1104
1718 1887 1104
1749 1883 1104
1757 1789 1104
1767 1775 1104
1775 1787 1104
1789 1792 1104
1802 1803 1104
1457 1498 1105
1475 1824 1105
1516 1751 1105
1521 1888 1105
1532 1533 1105
1580 1685 1105
1601 1892 1105
1606 1616 1105
1702 1889 1105
1704 1713 1105
1711 1759 1105
1718 1855 1105
1737 1909 1105
1739 1872 1105
1749 1863 1105
1757 1778 1105
1757 1789 1105
1757 1792 1105
1767 1775 1105
1778 1789 1105
1778 1792 1105
1789 1792 1105
1457 1498 1106
1458 1493 1106
1475 1824 1106
1516 1751 1106
1580 1685 1106
1601 1892 1106
1606 1616 1106
1632 1847 1106
1680 1688 1106
1739 1872 1106
1749 1863 1106
1757 1778 1106
1757 1789 1106
1778 1789 1106
1778 1792 1106
1802 1803 1106
1854 1889 1106
1458 1498 1107
1471 1824 1107
1475 1824 1107
1477 1501 1107
1479 1495 1107
1498 1522 1107
1498 1637 1107
1516 1751 1107
1552 1555 1107
1560 1594 1107
1580 1685 1107
1601 1892 1107
1606 1616 1107
1656 1765 1107
1661 1908 1107
1663 1680 1107
1664 1687 1107
1664 1908 1107
1673 1698 1107
1702 1854 1107
1702 1889 1107
1730 1815 1107
1732 1889 1107
1749 1863 1107
1757 1792 1107
1760 1768 1107
1760 1798 1107
1768 1798 1107
1800 1838 1107
1802 1803 1107
1819 1888 1107
1872 1890 1107
1458 1522 1108
1475 1824 1108
1498 1522 1108
1504 1519 1108
1528 1548 1108
1539 1653 1108
1552 1555 1108
1558 1567 1108
1578 1824 1108
1580 1685 1108
1601 1892 1108
1606 1616 1108
1632 1847 1108
1675 1765 1108
1702 1889 1108
1730 1815 1108
1757 1778 1108
1768 1798 1108
1854 1889 1108
1429 1439 1109
1458 1522 1109
1475 1824 1109
1479 1495 1109
1498 1522 1109
1552 1555 1109
1552 1685 1109
1558 1685 1109
1578 1824 1109
1580 1685 1109
1601 1892 1109
1606 1616 1109
1632 1847 1109
1702 1889 1109
1718 1887 1109
1732 1889 1109
1737 1909 1109
1749 1863 1109
1770 1774 1109
1775 1787 1109
1796 1798 1109
1885 1892 1109
1451 1522 1110
1493 1522 1110
1498 1522 1110
1552 1555 1110
1552 1685 1110
1578 1824 1110
1580 1685 1110
1601 1892 1110
1630 1632 1110
1632 1835 1110
1702 1889 1110
1718 1887 1110
1770 1774 1110
1778 1789 1110
1778 1792 1110
1796 1798 1110
1435 1824 1111
1468 1477 1111
1493 1522 1111
1498 1522 1111
1528 1546 1111
1552 1555 1111
1552 1685 1111
1702 1889 1111
1718 1887 1111
1748 1833 1111
1749 1863 1111
1778 1792 1111
1796 1798 1111
1835 1892 1111
1861 1887 1111
1877 1890 1111
1435 1578 1112
1458 1498 1112
1458 1522 1112
1461 1516 1112
1498 1522 1112
1500 1653 1112
1516 1751 1112
1528 1546 1112
1552 1555 1112
1552 1685 1112
1579 1700 1112
1601 1892 1112
1606 1616 1112
1702 1889 1112
1743 1887 1112
1748 1833 1112
1749 1863 1112
1766 1772 1112
1775 1787 1112
1778 1792 1112
1890 1898 1112
1452 1457 1113
1458 1522 1113
1458 1637 1113
1498 1522 1113
1552 1555 1113
1552 1685 1113
1558 1567 1113
1606 1616 1113
1632 1835 1113
1663 1684 1113
1666 1674 1113
1702 1889 1113
1730 1815 1113
1748 1782 1113
1748 1833 1113
1749 1863 1113
1757 1789 1113
1802 1888 1113
1835 1892 1113
1458 1637 1114
1468 1477 1114
1498 1522 1114
1552 1555 1114
1552 1685 1114
1558 1579 1114
1558 1685 1114
1560 1594 1114
1606 1616 1114
1632 1835 1114
1656 1673 1114
1663 1680 1114
1663 1697 1114
1664 1687 1114
1670 1674 1114
1673 1765 1114
1687 1908 1114
1708 1858 1114
1711 1759 1114
1748 1782 1114
1749 1863 1114
1766 1772 1114
1783 1789 1114
1802 1888 1114
1847 1892 1114
1883 1897 1114
1458 1522 1115
1458 1637 1115
1477 1501 1115
1498 1522 1115
1521 1892 1115
1522 1637 1115
1551 1572 1115
1552 1685 1115
1558 1579 1115
1558 1685 1115
1606 1616 1115
1632 1835 1115
1663 1680 1115
1664 1908 1115
1681 1765 1115
1698 1765 1115
1702 1889 1115
1711 1759 1115
1749 1863 1115
1757 1789 1115
1800 1820 1115
1819 1835 1115
1819 1892 1115
1831 1865 1115
1435 1578 1116
1458 1522 1116
1458 1637 1116
1461 1637 1116
1498 1522 1116
1546 1815 1116
1551 1572 1116
1552 1685 1116
1558 1579 1116
1606 1616 1116
1632 1835 1116
1706 1851 1116
1706 1861 1116
1711 1759 1116
1757 1789 1116
1766 1772 1116
1818 1865 1116
1819 1847 1116
1831 1865 1116
1835 1847 1116
1883 1897 1116
1452 1468 1117
1458 1637 1117
1498 1522 1117
1504 1705 1117
1516 1751 1117
1522 1637 1117
1551 1594 1117
1552 1685 1117
1558 1579 1117
1562 1567 1117
1606 1616 1117
1704 1872 1117
1706 1708 1117
1711 1759 1117
1723 1809 1117
1737 1780 1117
1749 1863 1117
1757 1789 1117
1766 1772 1117
1795 1859 1117
1855 1872 1117
1877 1890 1117
1883 1897 1117
1458 1522 1118
1458 1637 1118
1498 1522 1118
1504 1705 1118
1562 1567 1118
1567 1707 1118
1687 1908 1118
1711 1759 1118
1718 1855 1118
1723 1809 1118
1749 1863 1118
1766 1772 1118
1778 1789 1118
1452 1468 1119
1458 1522 1119
1498 1522 1119
1504 1705 1119
1552 1685 1119
1567 1707 1119
1650 1718 1119
1661 1687 1119
1706 1851 1119
1711 1759 1119
1718 1855 1119
1739 1872 1119
1749 1863 1119
1835 1865 1119
1452 1468 1120
1458 1522 1120
1504 1705 1120
1552 1685 1120
1562 1567 1120
1650 1718 1120
1656 1675 1120
1670 1920 1120
1673 1674 1120
1698 1765 1120
1702 1889 1120
1706 1851 1120
1738 1780 1120
1770 1774 1120
1775 1787 1120
1778 1789 1120
1835 1865 1120
1458 1493 1121
1498 1522 1121
1516 1751 1121
1552 1555 1121
1580 1685 1121
1632 1835 1121
1656 1698 1121
1661 1687 1121
1663 1765 1121
1675 1681 1121
1675 1765 1121
1687 1908 1121
1696 1908 1121
1702 1889 1121
1704 1713 1121
1706 1851 1121
1711 1759 1121
1738 1780 1121
1748 1833 1121
1778 1789 1121
1803 1865 1121
1835 1847 1121
1457 1522 1122
1458 1493 1122
1458 1637 1122
1468 1477 1122
1516 1751 1122
1551 1572 1122
1552 1685 1122
1567 1707 1122
1580 1685 1122
1632 1835 1122
1656 1675 1122
1673 1675 1122
1711 1759 1122
1723 1809 1122
1749 1863 1122
1760 1768 1122
1775 1787 1122
1427 1429 1123
1457 1498 1123
1458 1637 1123
1516 1751 1123
1551 1572 1123
1552 1555 1123
1552 1685 1123
1580 1685 1123
1606 1616 1123
1663 1688 1123
1704 1713 1123
1706 1851 1123
1778 1789 1123
1835 1847 1123
1452 1522 1124
1504 1797 1124
1525 1815 1124
1546 1815 1124
1552 1555 1124
1552 1685 1124
1650 1718 1124
1702 1854 1124
1711 1759 1124
1748 1820 1124
1748 1833 1124
1774 1787 1124
1775 1787 1124
1877 1890 1124
1451 1468 1125
1452 1457 1125
1452 1522 1125
1457 1458 1125
1457 1498 1125
1493 1637 1125
1504 1705 1125
1552 1685 1125
1606 1616 1125
1702 1854 1125
1704 1877 1125
1706 1851 1125
1711 1759 1125
1719 1748 1125
1738 1909 1125
1757 1789 1125
1774 1787 1125
1775 1787 1125
1818 1888 1125
1835 1847 1125
1877 1890 1125
1451 1468 1126
1457 1498 1126
1458 1493 1126
1458 1637 1126
1493 1637 1126
1552 1555 1126
1606 1616 1126
1632 1835 1126
1719 1748 1126
1732 1889 1126
1757 1789 1126
1780 1909 1126
1802 1803 1126
1835 1847 1126
1457 1498 1127
1458 1637 1127
1552 1555 1127
1606 1616 1127
1632 1835 1127
1666 1920 1127
1670 1920 1127
1675 1681 1127
1675 1920 1127
1680 1697 1127
1680 1908 1127
1702 1854 1127
1713 1863 1127
1718 1887 1127
1738 1780 1127
1774 1787 1127
1802 1803 1127
1861 1887 1127
1890 1898 1127
1451 1468 1128
1458 1493 1128
1458 1637 1128
1552 1555 1128
1552 1685 1128
1606 1616 1128
1661 1675 1128
1661 1745 1128
1670 1682 1128
1675 1697 1128
1680 1697 1128
1680 1745 1128
1697 1779 1128
1706 1851 1128
1713 1863 1128
1718 1887 1128
1719 1748 1128
1730 1815 1128
1738 1780 1128
1757 1789 1128
1789 1792 1128
1802 1803 1128
1821 1866 1128
1831 1892 1128
1890 1898 1128
1458 1493 1129
1458 1637 1129
1475 1824 1129
1521 1821 1129
1552 1555 1129
1552 1685 1129
1606 1616 1129
1661 1675 1129
1664 1670 1129
1664 1745 1129
1670 1908 1129
1684 1745 1129
1688 1745 1129
1713 1863 1129
1718 1887 1129
1738 1780 1129
1778 1789 1129
1855 1872 1129
1883 1897 1129
1890 1898 1129
1908 1912 1129
1457 1498 1130
1458 1461 1130
1458 1493 1130
1493 1502 1130
1521 1821 1130
1552 1555 1130
1552 1685 1130
1558 1707 1130
1572 1712 1130
1594 1746 1130
1606 1616 1130
1656 1674 1130
1656 1779 1130
1663 1670 1130
1663 1779 1130
1664 1682 1130
1665 1666 1130
1675 1696 1130
1675 1745 1130
1680 1779 1130
1687 1698 1130
1696 1779 1130
1702 1854 1130
1711 1759 1130
1718 1855 1130
1738 1780 1130
1770 1774 1130
1780 1909 1130
1855 1872 1130
1877 1890 1130
1451 1452 1131
1451 1468 1131
1451 1477 1131
1451 1520 1131
1452 1468 1131
1452 1477 1131
1453 1457 1131
1458 1493 1131
1459 1498 1131
1459 1522 1131
1498 1522 1131
1521 1821 1131
1525 1528 1131
1545 1837 1131
1552 1555 1131
1560 1746 1131
1594 1746 1131
1606 1616 1131
1663 1673 1131
1666 1680 1131
1675 1696 1131
1706 1851 1131
1713 1863 1131
1718 1855 1131
1718 1872 1131
1719 1801 1131
1766 1772 1131
1768 1787 1131
1778 1789 1131
1780 1909 1131
1801 1859 1131
1802 1803 1131
1855 1872 1131
1908 1912 1131
1451 1468 1132
1452 1468 1132
1452 1502 1132
1452 1522 1132
1457 1477 1132
1458 1637 1132
1461 1468 1132
1461 1751 1132
1468 1546 1132
1502 1520 1132
1551 1572 1132
1560 1746 1132
1606 1616 1132
1656 1681 1132
1656 1765 1132
1656 1779 1132
1661 1696 1132
1663 1674 1132
1664 1673 1132
1664 1680 1132
1664 1682 1132
1666 1682 1132
1670 1698 1132
1673 1680 1132
1673 1908 1132
1675 1696 1132
1675 1765 1132
1675 1779 1132
1681 1696 1132
1696 1765 1132
1702 1854 1132
1706 1851 1132
1711 1759 1132
1718 1887 1132
1719 1748 1132
1749 1863 1132
1757 1789 1132
1765 1779 1132
1768 1787 1132
1778 1789 1132
1801 1822 1132
1801 1859 1132
1802 1803 1132
1822 1859 1132
1855 1872 1132
1426 1429 1133
1429 1465 1133
1435 1578 1133
1435 1824 1133
1439 1480 1133
1451 1468 1133
1451 1637 1133
1452 1498 1133
1452 1522 1133
1453 1468 1133
1458 1493 1133
1461 1516 1133
1468 1520 1133
1520 1522 1133
1520 1637 1133
1551 1572 1133
1560 1746 1133
1594 1746 1133
1606 1616 1133
1661 1663 1133
1670 1688 1133
1670 1920 1133
1673 1908 1133
1675 1687 1133
1675 1697 1133
1680 1912 1133
1681 1697 1133
1681 1912 1133
1687 1697 1133
1702 1854 1133
1706 1851 1133
1711 1759 1133
1745 1912 1133
1745 1920 1133
1749 1883 1133
1801 1822 1133
1801 1859 1133
1802 1803 1133
1822 1859 1133
1855 1872 1133
1877 1890 1133
1451 1468 1134
1451 1520 1134
1451 1637 1134
1453 1502 1134
1459 1498 1134
1459 1502 1134
1459 1637 1134
1468 1477 1134
1468 1498 1134
1477 1522 1134
1498 1502 1134
1500 1546 1134
1503 1528 1134
1503 1653 1134
1521 1821 1134
1528 1546 1134
1528 1653 1134
1606 1616 1134
1656 1908 1134
1664 1682 1134
1675 1745 1134
1675 1912 1134
1680 1765 1134
1681 1912 1134
1696 1697 1134
1702 1854 1134
1708 1743 1134
1711 1759 1134
1718 1887 1134
1720 1737 1134
1749 1863 1134
1749 1883 1134
1768 1787 1134
1801 1822 1134
1801 1859 1134
1822 1859 1134
1854 1889 1134
1855 1872 1134
1437 1563 1135
1453 1457 1135
1458 1493 1135
1468 1477 1135
1493 1502 1135
1521 1821 1135
1551 1572 1135
1666 1779 1135
1680 1779 1135
1681 1697 1135
1681 1765 1135
1681 1912 1135
1688 1695 1135
1697 1920 1135
1698 1779 1135
1706 1851 1135
1711 1759 1135
1718 1887 1135
1737 1780 1135
1737 1909 1135
1745 1765 1135
1765 1912 1135
1767 1787 1135
1802 1818 1135
1855 1872 1135
1437 1563 1136
1504 1653 1136
1521 1821 1136
1558 1574 1136
1574 1579 1136
1650 1851 1136
1650 1854 1136
1663 1912 1136
1664 1670 1136
1664 1696 1136
1664 1745 1136
1664 1779 1136
1670 1765 1136
1670 1779 1136
1675 1912 1136
1680 1688 1136
1681 1698 1136
1696 1779 1136
1700 1735 1136
1700 1746 1136
1720 1737 1136
1760 1768 1136
1765 1779 1136
1801 1822 1136
1818 1865 1136
1865 1888 1136
1890 1898 1136
1437 1563 1137
1501 1502 1137
1521 1821 1137
1606 1616 1137
1632 1835 1137
1650 1732 1137
1650 1897 1137
1656 1920 1137
1664 1696 1137
1666 1681 1137
1681 1687 1137
1700 1735 1137
1702 1854 1137
1718 1887 1137
1801 1822 1137
1818 1865 1137
1854 1889 1137
1437 1563 1138
1458 1483 1138
1532 1549 1138
1606 1616 1138
1650 1855 1138
1650 1872 1138
1650 1887 1138
1650 1898 1138
1656 1765 1138
1656 1779 1138
1661 1920 1138
1663 1912 1138
1666 1912 1138
1670 1674 1138
1670 1765 1138
1674 1765 1138
1680 1698 1138
1688 1745 1138
1688 1765 1138
1695 1920 1138
1696 1779 1138
1760 1768 1138
1766 1770 1138
1801 1822 1138
1818 1865 1138
1854 1889 1138
1437 1563 1139
1495 1637 1139
1504 1653 1139
1521 1821 1139
1606 1616 1139
1650 1708 1139
1650 1743 1139
1661 1765 1139
1663 1675 1139
1670 1675 1139
1674 1765 1139
1687 1698 1139
1695 1920 1139
1696 1779 1139
1737 1738 1139
1737 1909 1139
1738 1909 1139
1752 1792 1139
1779 1908 1139
1801 1822 1139
1854 1889 1139
1427 1578 1140
1528 1533 1140
1552 1555 1140
1606 1616 1140
1656 1920 1140
1661 1680 1140
1663 1684 1140
1664 1675 1140
1664 1745 1140
1666 1765 1140
1681 1920 1140
1702 1854 1140
1718 1855 1140
1718 1887 1140
1738 1909 1140
1818 1831 1140
1818 1865 1140
1822 1859 1140
1835 1847 1140
1877 1890 1140
1427 1437 1141
1458 1637 1141
1493 1502 1141
1504 1539 1141
1558 1574 1141
1574 1707 1141
1580 1685 1141
1661 1908 1141
1666 1908 1141
1673 1765 1141
1680 1908 1141
1682 1688 1141
1688 1920 1141
1702 1854 1141
1711 1787 1141
1718 1749 1141
1718 1855 1141
1718 1890 1141
1732 1889 1141
1738 1909 1141
1761 1783 1141
1766 1772 1141
1775 1787 1141
1835 1847 1141
1855 1872 1141
1877 1890 1141
1521 1819 1142
1546 1815 1142
1558 1574 1142
1574 1707 1142
1606 1616 1142
1680 1908 1142
1681 1682 1142
1681 1688 1142
1681 1698 1142
1697 1912 1142
1706 1708 1142
1708 1743 1142
1708 1861 1142
1718 1855 1142
1718 1890 1142
1727 1731 1142
1738 1909 1142
1753 1761 1142
1757 1787 1142
1759 1778 1142
1759 1790 1142
1766 1772 1142
1835 1847 1142
1437 1563 1143
1461 1516 1143
1479 1495 1143
1532 1549 1143
1552 1555 1143
1606 1616 1143
1661 1908 1143
1664 1912 1143
1673 1908 1143
1708 1743 1143
1711 1798 1143
1718 1855 1143
1718 1887 1143
1727 1731 1143
1730 1815 1143
1737 1909 1143
1738 1909 1143
1749 1863 1143
1757 1772 1143
1757 1783 1143
1759 1760 1143
1759 1783 1143
1760 1787 1143
1760 1798 1143
1764 1778 1143
1765 1908 1143
1766 1770 1143
1770 1798 1143
1772 1783 1143
1801 1822 1143
1802 1803 1143
1835 1847 1143
1429 1439 1144
1504 1653 1144
1521 1803 1144
1572 1712 1144
1574 1707 1144
1594 1746 1144
1656 1908 1144
1661 1670 1144
1663 1684 1144
1670 1680 1144
1681 1682 1144
1697 1920 1144
1698 1908 1144
1698 1920 1144
1702 1854 1144
1708 1743 1144
1711 1761 1144
1711 1766 1144
1753 1761 1144
1757 1774 1144
1759 1778 1144
1759 1796 1144
1761 1783 1144
1764 1787 1144
1766 1775 1144
1767 1775 1144
1767 1796 1144
1772 1798 1144
1780 1909 1144
1787 1792 1144
1801 1822 1144
1803 1835 1144
1818 1865 1144
1835 1847 1144
1890 1898 1144
1908 1920 1144
1429 1439 1145
1437 1563 1145
1479 1495 1145
1504 1653 1145
1521 1807 1145
1528 1546 1145
1552 1555 1145
1552 1685 1145
1572 1712 1145
1574 1707 1145
1580 1685 1145
1650 1718 1145
1661 1670 1145
1661 1912 1145
1663 1675 1145
1664 1908 1145
1673 1687 1145
1673 1695 1145
1680 1697 1145
1680 1698 1145
1680 1908 1145
1698 1908 1145
1706 1851 1145
1708 1743 1145
1711 1759 1145
1711 1761 1145
1718 1855 1145
1730 1815 1145
1749 1863 1145
1752 1774 1145
1752 1787 1145
1757 1774 1145
1757 1798 1145
1759 1783 1145
1760 1783 1145
1770 1796 1145
1772 1798 1145
1774 1783 1145
1774 1798 1145
1778 1783 1145
1801 1822 1145
1802 1803 1145
1807 1835 1145
1818 1865 1145
1835 1892 1145
1429 1439 1146
1437 1563 1146
1486 1585 1146
1501 1751 1146
1545 1837 1146
1567 1574 1146
1574 1707 1146
1606 1616 1146
1661 1912 1146
1663 1675 1146
1670 1765 1146
1680 1681 1146
1680 1908 1146
1680 1920 1146
1682 1687 1146
1684 1688 1146
1695 1908 1146
1702 1854 1146
1711 1759 1146
1711 1761 1146
1718 1897 1146
1741 1780 1146
1749 1863 1146
1752 1787 1146
1757 1774 1146
1759 1789 1146
1761 1783 1146
1766 1789 1146
1767 1775 1146
1770 1796 1146
1772 1798 1146
1783 1796 1146
1802 1803 1146
1807 1819 1146
1807 1835 1146
1437 1563 1147
1532 1533 1147
1558 1574 1147
1574 1727 1147
1580 1685 1147
1606 1616 1147
1666 1673 1147
1666 1680 1147
1666 1765 1147
1670 1680 1147
1670 1765 1147
1670 1912 1147
1673 1920 1147
1681 1687 1147
1681 1920 1147
1708 1743 1147
1711 1789 1147
1713 1863 1147
1718 1855 1147
1749 1863 1147
1757 1774 1147
1759 1766 1147
1761 1783 1147
1765 1912 1147
1767 1775 1147
1767 1778 1147
1770 1796 1147
1772 1798 1147
1775 1778 1147
1801 1822 1147
1818 1831 1147
1835 1847 1147
1457 1477 1148
1532 1549 1148
1574 1707 1148
1574 1727 1148
1580 1685 1148
1606 1616 1148
1618 1730 1148
1618 1815 1148
1663 1684 1148
1664 1908 1148
1670 1765 1148
1680 1908 1148
1681 1682 1148
1681 1687 1148
1682 1687 1148
1687 1920 1148
1708 1743 1148
1711 1789 1148
1713 1863 1148
1761 1783 1148
1763 1833 1148
1764 1775 1148
1765 1912 1148
1770 1796 1148
1802 1831 1148
1427 1437 1149
1435 1578 1149
1437 1563 1149
1437 1824 1149
1504 1653 1149
1528 1546 1149
1532 1533 1149
1532 1549 1149
1594 1746 1149
1606 1616 1149
1618 1815 1149
1632 1807 1149
1656 1675 1149
1661 1912 1149
1663 1684 1149
1664 1675 1149
1670 1765 1149
1670 1920 1149
1675 1680 1149
1681 1682 1149
1681 1920 1149
1695 1908 1149
1704 1713 1149
1711 1759 1149
1711 1761 1149
1735 1746 1149
1761 1783 1149
1778 1796 1149
1779 1789 1149
1780 1909 1149
1802 1831 1149
1435 1578 1150
1437 1563 1150
1458 1501 1150
1504 1539 1150
1532 1533 1150
1574 1707 1150
1594 1746 1150
1606 1616 1150
1618 1730 1150
1618 1815 1150
1632 1803 1150
1632 1807 1150
1650 1718 1150
1661 1687 1150
1663 1688 1150
1664 1670 1150
1664 1682 1150
1670 1908 1150
1680 1687 1150
1680 1765 1150
1681 1682 1150
1687 1765 1150
1695 1698 1150
1697 1698 1150
1697 1908 1150
1698 1908 1150
1708 1743 1150
1801 1822 1150
1802 1831 1150
1435 1578 1151
1437 1563 1151
1457 1477 1151
1468 1522 1151
1532 1533 1151
1551 1572 1151
1558 1567 1151
1567 1574 1151
1574 1707 1151
1606 1616 1151
1618 1730 1151
1618 1815 1151
1632 1803 1151
1632 1807 1151
1650 1872 1151
1664 1670 1151
1664 1682 1151
1670 1681 1151
1670 1687 1151
1675 1687 1151
1675 1697 1151
1682 1687 1151
1684 1688 1151
1687 1765 1151
1698 1908 1151
1704 1877 1151
1730 1815 1151
1739 1872 1151
1749 1883 1151
1765 1920 1151
1801 1822 1151
1807 1847 1151
1855 1872 1151
1890 1898 1151
1435 1578 1152
1437 1563 1152
1532 1533 1152
1532 1549 1152
1533 1539 1152
1538 1539 1152
1539 1815 1152
1580 1685 1152
1632 1807 1152
1632 1847 1152
1656 1698 1152
1661 1673 1152
1661 1688 1152
1663 1684 1152
1664 1698 1152
1670 1682 1152
1673 1688 1152
1675 1697 1152
1682 1687 1152
1684 1688 1152
1695 1765 1152
1730 1815 1152
1739 1872 1152
1743 1861 1152
1748 1833 1152
1749 1883 1152
1765 1920 1152
1819 1847 1152
1820 1833 1152
1877 1890 1152
1890 1898 1152
1437 1563 1153
1458 1461 1153
1501 1516 1153
1525 1538 1153
1538 1545 1153
1539 1618 1153
1545 1837 1153
1551 1572 1153
1574 1707 1153
1580 1685 1153
1606 1616 1153
1632 1803 1153
1632 1847 1153
1632 1880 1153
1661 1908 1153
1673 1688 1153
1680 1698 1153
1682 1687 1153
1687 1698 1153
1695 1765 1153
1702 1854 1153
1704 1713 1153
1706 1851 1153
1743 1861 1153
1748 1833 1153
1749 1863 1153
1749 1883 1153
1765 1920 1153
1819 1865 1153
1847 1892 1153
1855 1872 1153
1458 1461 1154
1477 1501 1154
1501 1637 1154
1504 1545 1154
1504 1815 1154
1519 1538 1154
1524 1538 1154
1525 1815 1154
1528 1545 1154
1532 1653 1154
1538 1546 1154
1538 1653 1154
1551 1572 1154
1555 1558 1154
1558 1574 1154
1580 1685 1154
1606 1616 1154
1663 1920 1154
1666 1673 1154
1666 1920 1154
1670 1698 1154
1673 1688 1154
1673 1912 1154
1675 1680 1154
1675 1765 1154
1680 1695 1154
1680 1698 1154
1681 1682 1154
1681 1687 1154
1682 1687 1154
1698 1908 1154
1748 1782 1154
1748 1833 1154
1820 1833 1154
1847 1892 1154
1855 1872 1154
1437 1563 1155
1461 1516 1155
1500 1546 1155
1503 1815 1155
1504 1519 1155
1504 1797 1155
1519 1545 1155
1519 1837 1155
1525 1528 1155
1525 1618 1155
1532 1533 1155
1538 1653 1155
1555 1558 1155
1558 1685 1155
1562 1700 1155
1580 1685 1155
1606 1616 1155
1653 1815 1155
1664 1697 1155
1664 1908 1155
1666 1688 1155
1666 1912 1155
1666 1920 1155
1670 1697 1155
1673 1674 1155
1673 1688 1155
1675 1695 1155
1675 1698 1155
1681 1682 1155
1681 1687 1155
1682 1687 1155
1697 1745 1155
1697 1908 1155
1702 1854 1155
1706 1743 1155
1708 1743 1155
1748 1833 1155
1802 1803 1155
1819 1880 1155
1820 1838 1155
1847 1880 1155
1847 1892 1155
1437 1563 1156
1437 1824 1156
1500 1546 1156
1504 1797 1156
1525 1546 1156
1528 1546 1156
1532 1533 1156
1532 1549 1156
1580 1685 1156
1606 1616 1156
1650 1851 1156
1666 1912 1156
1670 1697 1156
1670 1698 1156
1680 1688 1156
1681 1682 1156
1681 1687 1156
1682 1687 1156
1688 1698 1156
1688 1908 1156
1697 1698 1156
1697 1908 1156
1698 1908 1156
1708 1743 1156
1748 1833 1156
1801 1859 1156
1802 1803 1156
1847 1880 1156
1847 1892 1156
1437 1563 1157
1437 1824 1157
1493 1502 1157
1525 1546 1157
1525 1815 1157
1528 1546 1157
1532 1549 1157
1552 1685 1157
1555 1574 1157
1558 1574 1157
1580 1685 1157
1601 1888 1157
1606 1616 1157
1618 1815 1157
1632 1847 1157
1656 1765 1157
1663 1698 1157
1663 1908 1157
1666 1673 1157
1666 1765 1157
1673 1674 1157
1673 1684 1157
1674 1745 1157
1674 1912 1157
1680 1920 1157
1681 1682 1157
1681 1687 1157
1682 1687 1157
1688 1908 1157
1698 1908 1157
1702 1854 1157
1708 1743 1157
1708 1872 1157
1738 1909 1157
1748 1782 1157
1748 1833 1157
1749 1883 1157
1802 1803 1157
1820 1838 1157
1847 1892 1157
1880 1892 1157
1431 1434 1158
1435 1578 1158
1437 1563 1158
1437 1824 1158
1504 1837 1158
1524 1538 1158
1524 1539 1158
1525 1653 1158
1548 1705 1158
1551 1572 1158
1552 1685 1158
1558 1574 1158
1580 1685 1158
1585 1824 1158
1618 1815 1158
1664 1675 1158
1664 1697 1158
1670 1908 1158
1673 1674 1158
1673 1684 1158
1674 1912 1158
1675 1697 1158
1682 1687 1158
1698 1908 1158
1702 1854 1158
1708 1743 1158
1712 1746 1158
1730 1815 1158
1738 1909 1158
1739 1858 1158
1748 1833 1158
1749 1883 1158
1802 1803 1158
1819 1865 1158
1820 1838 1158
1880 1888 1158
1880 1892 1158
1431 1434 1159
1437 1563 1159
1503 1532 1159
1525 1730 1159
1539 1653 1159
1552 1685 1159
1558 1574 1159
1580 1685 1159
1656 1675 1159
1656 1912 1159
1661 1680 1159
1663 1920 1159
1670 1688 1159
1670 1698 1159
1670 1908 1159
1675 1697 1159
1680 1697 1159
1688 1698 1159
1688 1908 1159
1697 1912 1159
1698 1908 1159
1702 1854 1159
1704 1713 1159
1706 1851 1159
1708 1743 1159
1718 1855 1159
1732 1889 1159
1735 1746 1159
1738 1909 1159
1748 1782 1159
1805 1819 1159
1818 1888 1159
1820 1833 1159
1431 1434 1160
1435 1578 1160
1437 1563 1160
1504 1528 1160
1504 1546 1160
1504 1653 1160
1521 1821 1160
1532 1730 1160
1548 1653 1160
1551 1572 1160
1552 1685 1160
1580 1685 1160
1606 1616 1160
1656 1670 1160
1663 1695 1160
1663 1908 1160
1663 1920 1160
1670 1680 1160
1680 1697 1160
1681 1682 1160
1688 1908 1160
1708 1743 1160
1718 1855 1160
1718 1887 1160
1732 1889 1160
1738 1909 1160
1749 1863 1160
1749 1883 1160
1801 1822 1160
1877 1890 1160
1908 1920 1160
1430 1482 1161
1435 1578 1161
1437 1563 1161
1502 1520 1161
1504 1653 1161
1618 1815 1161
1650 1718 1161
1650 1855 1161
1650 1872 1161
1650 1887 1161
1653 1797 1161
1656 1670 1161
1656 1675 1161
1656 1697 1161
1663 1920 1161
1664 1908 1161
1666 1697 1161
1673 1745 1161
1675 1697 1161
1680 1697 1161
1680 1908 1161
1684 1765 1161
1695 1765 1161
1698 1745 1161
1702 1854 1161
1706 1851 1161
1708 1739 1161
1718 1887 1161
1732 1889 1161
1749 1863 1161
1801 1859 1161
1802 1803 1161
1807 1835 1161
1820 1833 1161
1430 1475 1162
1430 1482 1162
1437 1563 1162
1502 1520 1162
1524 1618 1162
1580 1685 1162
1606 1616 1162
1650 1854 1162
1650 1861 1162
1656 1675 1162
1656 1697 1162
1666 1908 1162
1673 1765 1162
1675 1680 1162
1675 1687 1162
1675 1697 1162
1681 1687 1162
1698 1765 1162
1698 1908 1162
1708 1739 1162
1708 1743 1162
1732 1889 1162
1739 1858 1162
1745 1765 1162
1749 1863 1162
1749 1872 1162
1765 1908 1162
1801 1822 1162
1807 1835 1162
1821 1835 1162
1835 1847 1162
1855 1872 1162
1865 1880 1162
1430 1475 1163
1430 1482 1163
1437 1563 1163
1519 1797 1163
1521 1831 1163
1524 1538 1163
1525 1528 1163
1525 1538 1163
1528 1538 1163
1528 1546 1163
1539 1837 1163
1546 1549 1163
1551 1572 1163
1552 1685 1163
1558 1685 1163
1606 1616 1163
1618 1815 1163
1650 1854 1163
1650 1883 1163
1650 1889 1163
1650 1897 1163
1656 1680 1163
1663 1670 1163
1663 1675 1163
1663 1697 1163
1666 1697 1163
1673 1681 1163
1673 1687 1163
1681 1682 1163
1681 1687 1163
1684 1697 1163
1687 1765 1163
1697 1908 1163
1702 1889 1163
1708 1739 1163
1708 1743 1163
1718 1855 1163
1732 1889 1163
1745 1908 1163
1765 1908 1163
1805 1819 1163
1883 1897 1163
1430 1475 1164
1430 1482 1164
1437 1563 1164
1504 1525 1164
1504 1797 1164
1521 1865 1164
1524 1653 1164
1525 1546 1164
1551 1572 1164
1555 1579 1164
1558 1574 1164
1558 1685 1164
1618 1815 1164
1650 1713 1164
1650 1883 1164
1650 1890 1164
1656 1765 1164
1664 1765 1164
1664 1908 1164
1670 1674 1164
1670 1920 1164
1673 1698 1164
1681 1682 1164
1708 1739 1164
1708 1743 1164
1718 1887 1164
1739 1858 1164
1748 1833 1164
1807 1880 1164
1855 1872 1164
1877 1890 1164
1430 1475 1165
1430 1482 1165
1431 1434 1165
1437 1563 1165
1486 1585 1165
1504 1545 1165
1525 1546 1165
1528 1730 1165
1546 1730 1165
1558 1574 1165
1574 1685 1165
1606 1616 1165
1650 1898 1165
1656 1765 1165
1656 1908 1165
1661 1670 1165
1663 1673 1165
1664 1765 1165
1666 1765 1165
1670 1920 1165
1681 1682 1165
1697 1912 1165
1702 1889 1165
1708 1743 1165
1739 1858 1165
1748 1833 1165
1765 1908 1165
1805 1819 1165
1855 1872 1165
1430 1475 1166
1430 1482 1166
1437 1563 1166
1437 1824 1166
1500 1528 1166
1500 1549 1166
1504 1519 1166
1538 1618 1166
1555 1558 1166
1558 1574 1166
1567 1685 1166
1574 1700 1166
1606 1616 1166
1630 1836 1166
1650 1898 1166
1664 1666 1166
1670 1674 1166
1670 1920 1166
1673 1908 1166
1674 1920 1166
1675 1698 1166
1680 1920 1166
1681 1682 1166
1697 1912 1166
1698 1765 1166
1702 1889 1166
1706 1851 1166
1708 1743 1166
1718 1887 1166
1738 1909 1166
1749 1863 1166
1765 1912 1166
1802 1821 1166
1807 1880 1166
1831 1865 1166
1855 1872 1166
1437 1563 1167
1525 1705 1167
1538 1618 1167
1538 1815 1167
1546 1549 1167
1606 1616 1167
1650 1890 1167
1650 1898 1167
1656 1920 1167
1661 1697 1167
1663 1666 1167
1663 1684 1167
1664 1765 1167
1670 1674 1167
1670 1920 1167
1673 1681 1167
1673 1682 1167
1681 1682 1167
1681 1687 1167
1682 1687 1167
1696 1779 1167
1702 1889 1167
1706 1851 1167
1708 1743 1167
1718 1887 1167
1738 1909 1167
1739 1858 1167
1748 1833 1167
1802 1803 1167
1807 1880 1167
1855 1872 1167
1426 1429 1168
1437 1563 1168
1504 1525 1168
1532 1538 1168
1558 1574 1168
1567 1574 1168
1606 1616 1168
1650 1898 1168
1656 1697 1168
1670 1920 1168
1674 1697 1168
1681 1682 1168
1684 1920 1168
1696 1779 1168
1698 1908 1168
1738 1909 1168
1739 1858 1168
1739 1872 1168
1749 1863 1168
1802 1803 1168
1807 1880 1168
1437 1563 1169
1437 1824 1169
1486 1585 1169
1504 1545 1169
1567 1574 1169
1606 1616 1169
1650 1898 1169
1656 1675 1169
1661 1697 1169
1661 1920 1169
1663 1684 1169
1663 1688 1169
1663 1920 1169
1664 1666 1169
1670 1920 1169
1675 1697 1169
1681 1682 1169
1684 1688 1169
1687 1912 1169
1688 1765 1169
1718 1887 1169
1738 1909 1169
1739 1858 1169
1748 1833 1169
1807 1880 1169
1890 1898 1169
1427 1465 1170
1437 1563 1170
1486 1585 1170
1552 1685 1170
1555 1579 1170
1558 1574 1170
1567 1574 1170
1574 1707 1170
1580 1685 1170
1663 1688 1170
1663 1765 1170
1666 1765 1170
1670 1920 1170
1674 1920 1170
1675 1697 1170
1684 1688 1170
1684 1920 1170
1695 1908 1170
1698 1908 1170
1738 1909 1170
1739 1872 1170
1748 1833 1170
1807 1880 1170
1872 1877 1170
1528 1546 1171
1545 1653 1171
1546 1549 1171
1551 1572 1171
1555 1558 1171
1555 1567 1171
1558 1574 1171
1558 1579 1171
1567 1574 1171
1580 1685 1171
1606 1616 1171
1650 1858 1171
1656 1697 1171
1663 1688 1171
1663 1765 1171
1666 1765 1171
1670 1920 1171
1674 1920 1171
1675 1680 1171
1680 1697 1171
1688 1765 1171
1696 1779 1171
1698 1908 1171
1708 1743 1171
1732 1889 1171
1738 1909 1171
1739 1872 1171
1749 1883 1171
1890 1898 1171
1503 1524 1172
1528 1546 1172
1546 1549 1172
1549 1705 1172
1555 1579 1172
1574 1700 1172
1606 1616 1172
1650 1898 1172
1656 1675 1172
1656 1680 1172
1656 1697 1172
1663 1908 1172
1670 1698 1172
1670 1920 1172
1675 1680 1172
1675 1697 1172
1680 1697 1172
1681 1687 1172
1684 1908 1172
1695 1698 1172
1702 1854 1172
1738 1909 1172
1748 1833 1172
1801 1822 1172
1819 1865 1172
1890 1898 1172
1437 1563 1173
1546 1549 1173
1574 1700 1173
1606 1616 1173
1650 1890 1173
1656 1697 1173
1663 1684 1173
1663 1765 1173
1670 1688 1173
1688 1908 1173
1688 1920 1173
1696 1779 1173
1698 1908 1173
1702 1854 1173
1718 1855 1173
1738 1909 1173
1739 1872 1173
1743 1887 1173
1748 1833 1173
1749 1883 1173
1437 1563 1174
1532 1533 1174
1545 1837 1174
1546 1549 1174
1546 1730 1174
1549 1705 1174
1552 1685 1174
1606 1616 1174
1656 1663 1174
1661 1687 1174
1663 1698 1174
1663 1765 1174
1663 1908 1174
1682 1687 1174
1698 1765 1174
1698 1908 1174
1702 1854 1174
1795 1859 1174
1427 1465 1175
1437 1563 1175
1539 1545 1175
1546 1549 1175
1549 1705 1175
1551 1572 1175
1552 1685 1175
1663 1666 1175
1663 1698 1175
1663 1765 1175
1666 1687 1175
1670 1765 1175
1673 1912 1175
1675 1680 1175
1702 1854 1175
1706 1851 1175
1749 1863 1175
1795 1859 1175
1801 1822 1175
1802 1803 1175
1820 1838 1175
1877 1890 1175
1890 1898 1175
1427 1465 1176
1437 1563 1176
1458 1495 1176
1532 1533 1176
1532 1549 1176
1546 1549 1176
1551 1572 1176
1552 1685 1176
1564 1572 1176
1606 1616 1176
1656 1680 1176
1656 1765 1176
1664 1779 1176
1673 1912 1176
1675 1697 1176
1687 1920 1176
1698 1908 1176
1712 1746 1176
1802 1803 1176
1890 1898 1176
1426 1427 1177
1427 1465 1177
1458 1495 1177
1502 1520 1177
1532 1533 1177
1546 1549 1177
1551 1572 1177
1555 1558 1177
1570 1572 1177
1606 1616 1177
1650 1855 1177
1661 1696 1177
1663 1664 1177
1663 1698 1177
1663 1765 1177
1663 1908 1177
1666 1684 1177
1673 1912 1177
1675 1680 1177
1702 1854 1177
1749 1883 1177
1877 1890 1177
1486 1585 1178
1503 1730 1178
1546 1549 1178
1580 1685 1178
1606 1616 1178
1656 1680 1178
1661 1684 1178
1661 1696 1178
1663 1698 1178
1664 1684 1178
1673 1912 1178
1675 1680 1178
1675 1697 1178
1680 1697 1178
1684 1688 1178
1698 1908 1178
1706 1861 1178
1709 1909 1178
1718 1855 1178
1890 1898 1178
1439 1480 1179
1486 1585 1179
1546 1549 1179
1552 1685 1179
1606 1616 1179
1650 1872 1179
1663 1908 1179
1663 1920 1179
1664 1765 1179
1675 1680 1179
1675 1697 1179
1695 1696 1179
1698 1765 1179
1702 1854 1179
1718 1855 1179
1741 1780 1179
1890 1898 1179
1486 1585 1180
1504 1653 1180
1552 1685 1180
1606 1616 1180
1632 1847 1180
1650 1872 1180
1663 1684 1180
1663 1765 1180
1663 1908 1180
1666 1908 1180
1673 1912 1180
1675 1680 1180
1681 1687 1180
1688 1695 1180
1688 1696 1180
1698 1765 1180
1698 1908 1180
1708 1743 1180
1718 1855 1180
1739 1858 1180
1741 1780 1180
1749 1883 1180
1765 1908 1180
1890 1898 1180
1426 1429 1181
1453 1751 1181
1480 1489 1181
1486 1585 1181
1493 1501 1181
1546 1730 1181
1606 1616 1181
1632 1847 1181
1650 1718 1181
1656 1697 1181
1663 1698 1181
1663 1765 1181
1664 1779 1181
1673 1912 1181
1675 1680 1181
1684 1765 1181
1698 1765 1181
1708 1743 1181
1718 1855 1181
1739 1858 1181
1890 1898 1181
1426 1429 1182
1480 1489 1182
1495 1516 1182
1495 1637 1182
1551 1572 1182
1552 1685 1182
1606 1616 1182
1650 1887 1182
1656 1661 1182
1656 1696 1182
1663 1698 1182
1663 1908 1182
1664 1779 1182
1666 1908 1182
1675 1680 1182
1681 1687 1182
1698 1765 1182
1698 1908 1182
1708 1739 1182
1737 1909 1182
1739 1858 1182
1749 1883 1182
1765 1908 1182
1877 1890 1182
1890 1898 1182
1426 1429 1183
1495 1637 1183
1539 1545 1183
1606 1616 1183
1663 1664 1183
1663 1908 1183
1664 1698 1183
1664 1908 1183
1675 1680 1183
1680 1920 1183
1698 1908 1183
1708 1739 1183
1710 1861 1183
1741 1780 1183
1861 1887 1183
1877 1890 1183
1426 1429 1184
1429 1578 1184
1538 1618 1184
1606 1616 1184
1670 1908 1184
1674 1698 1184
1674 1908 1184
1675 1920 1184
1682 1687 1184
1698 1908 1184
1707 1746 1184
1710 1861 1184
1723 1801 1184
1820 1838 1184
1439 1480 1185
1503 1546 1185
1503 1653 1185
1538 1618 1185
1606 1616 1185
1656 1661 1185
1661 1675 1185
1663 1684 1185
1666 1908 1185
1673 1912 1185
1681 1687 1185
1684 1908 1185
1695 1765 1185
1698 1908 1185
1737 1741 1185
1737 1780 1185
1737 1782 1185
1741 1780 1185
1741 1909 1185
1743 1889 1185
1782 1859 1185
1807 1895 1185
1820 1838 1185
1912 1920 1185
1439 1480 1186
1504 1519 1186
1533 1653 1186
1538 1618 1186
1637 1668 1186
1656 1661 1186
1656 1675 1186
1656 1912 1186
1661 1673 1186
1661 1675 1186
1661 1680 1186
1665 1673 1186
1666 1684 1186
1675 1912 1186
1681 1682 1186
1682 1687 1186
1688 1908 1186
1698 1908 1186
1730 1815 1186
1737 1909 1186
1741 1780 1186
1743 1887 1186
1782 1838 1186
1807 1895 1186
1890 1898 1186
1439 1480 1187
1443 1475 1187
1443 1578 1187
1606 1616 1187
1637 1668 1187
1656 1697 1187
1661 1673 1187
1661 1912 1187
1663 1674 1187
1664 1688 1187
1675 1912 1187
1681 1687 1187
1682 1687 1187
1708 1739 1187
1713 1749 1187
1718 1887 1187
1730 1815 1187
1737 1909 1187
1739 1858 1187
1741 1780 1187
1743 1887 1187
1749 1883 1187
1782 1838 1187
1802 1803 1187
1820 1838 1187
1890 1898 1187
1443 1475 1188
1546 1549 1188
1606 1616 1188
1663 1698 1188
1663 1765 1188
1664 1684 1188
1664 1688 1188
1673 1912 1188
1682 1687 1188
1684 1698 1188
1709 1748 1188
1713 1863 1188
1718 1887 1188
1720 1737 1188
1737 1909 1188
1741 1780 1188
1749 1863 1188
1749 1883 1188
1800 1838 1188
1802 1803 1188
1807 1895 1188
1820 1838 1188
1880 1895 1188
1890 1898 1188
1439 1480 1189
1443 1475 1189
1480 1489 1189
1504 1519 1189
1546 1549 1189
1555 1746 1189
1606 1616 1189
1656 1661 1189
1656 1680 1189
1656 1697 1189
1661 1680 1189
1661 1697 1189
1663 1698 1189
1663 1765 1189
1680 1697 1189
1681 1682 1189
1681 1687 1189
1681 1688 1189
1682 1687 1189
1682 1688 1189
1684 1779 1189
1688 1908 1189
1698 1765 1189
1720 1737 1189
1730 1815 1189
1741 1780 1189
1820 1838 1189
1890 1898 1189
1443 1475 1190
1501 1637 1190
1504 1519 1190
1525 1528 1190
1538 1815 1190
1555 1746 1190
1606 1616 1190
1656 1661 1190
1661 1697 1190
1663 1664 1190
1670 1765 1190
1680 1908 1190
1681 1682 1190
1681 1687 1190
1682 1687 1190
1685 1731 1190
1698 1765 1190
1702 1854 1190
1719 1748 1190
1720 1737 1190
1730 1815 1190
1741 1780 1190
1748 1820 1190
1426 1429 1191
1443 1475 1191
1525 1528 1191
1661 1697 1191
1663 1675 1191
1663 1698 1191
1665 1908 1191
1666 1673 1191
1674 1684 1191
1675 1698 1191
1681 1682 1191
1681 1687 1191
1682 1687 1191
1685 1731 1191
1698 1912 1191
1720 1737 1191
1732 1889 1191
1737 1909 1191
1748 1820 1191
1765 1908 1191
1820 1838 1191
1877 1890 1191
1437 1563 1192
1443 1475 1192
1451 1668 1192
1493 1498 1192
1504 1519 1192
1525 1528 1192
1546 1549 1192
1656 1661 1192
1656 1697 1192
1661 1697 1192
1664 1688 1192
1670 1696 1192
1673 1688 1192
1681 1682 1192
1681 1687 1192
1682 1687 1192
1708 1739 1192
1720 1737 1192
1730 1815 1192
1732 1889 1192
1737 1909 1192
1738 1780 1192
1749 1863 1192
1807 1895 1192
1426 1429 1193
1439 1480 1193
1477 1501 1193
1495 1751 1193
1504 1519 1193
1525 1528 1193
1546 1549 1193
1551 1572 1193
1606 1616 1193
1663 1670 1193
1663 1779 1193
1666 1920 1193
1670 1696 1193
1682 1687 1193
1687 1779 1193
1688 1920 1193
1706 1861 1193
1708 1739 1193
1720 1737 1193
1720 1909 1193
1730 1815 1193
1732 1889 1193
1737 1909 1193
1807 1880 1193
1807 1895 1193
1820 1838 1193
1887 1889 1193
1437 1563 1194
1502 1520 1194
1504 1519 1194
1525 1528 1194
1555 1746 1194
1606 1616 1194
1650 1710 1194
1650 1861 1194
1656 1661 1194
1656 1697 1194
1663 1696 1194
1663 1779 1194
1664 1675 1194
1668 1751 1194
1675 1680 1194
1675 1682 1194
1682 1687 1194
1730 1815 1194
1737 1909 1194
1872 1890 1194
1495 1668 1195
1502 1520 1195
1525 1528 1195
1606 1616 1195
1650 1710 1195
1650 1861 1195
1656 1697 1195
1661 1664 1195
1661 1779 1195
1670 1698 1195
1670 1745 1195
1675 1908 1195
1680 1908 1195
1680 1920 1195
1682 1687 1195
1682 1912 1195
1687 1688 1195
1696 1779 1195
1702 1854 1195
1708 1887 1195
1720 1737 1195
1730 1815 1195
1737 1909 1195
1749 1883 1195
1807 1895 1195
1908 1912 1195
1437 1563 1196
1525 1528 1196
1538 1815 1196
1606 1616 1196
1656 1697 1196
1673 1698 1196
1675 1698 1196
1681 1698 1196
1702 1854 1196
1708 1739 1196
1720 1737 1196
1737 1909 1196
1749 1883 1196
1801 1822 1196
1807 1895 1196
1872 1890 1196
1888 1892 1196
1427 1429 1197
1437 1563 1197
1558 1574 1197
1606 1616 1197
1656 1663 1197
1656 1908 1197
1661 1663 1197
1661 1696 1197
1661 1779 1197
1663 1696 1197
1663 1779 1197
1664 1697 1197
1665 1698 1197
1666 1765 1197
1670 1688 1197
1670 1697 1197
1670 1765 1197
1681 1698 1197
1682 1687 1197
1687 1920 1197
1696 1779 1197
1697 1745 1197
1702 1854 1197
1718 1887 1197
1720 1737 1197
1720 1909 1197
1765 1912 1197
1807 1895 1197
1820 1833 1197
1427 1429 1198
1500 1524 1198
1502 1516 1198
1524 1538 1198
1524 1549 1198
1538 1549 1198
1538 1653 1198
1538 1837 1198
1549 1653 1198
1549 1837 1198
1552 1558 1198
1606 1616 1198
1661 1663 1198
1661 1664 1198
1661 1696 1198
1663 1696 1198
1666 1670 1198
1675 1680 1198
1681 1698 1198
1681 1745 1198
1682 1687 1198
1682 1920 1198
1697 1912 1198
1698 1745 1198
1718 1887 1198
1730 1815 1198
1732 1889 1198
1737 1738 1198
1738 1780 1198
1807 1880 1198
1807 1895 1198
1500 1538 1199
1500 1815 1199
1524 1815 1199
1524 1837 1199
1538 1815 1199
1539 1815 1199
1606 1616 1199
1674 1697 1199
1718 1887 1199
1800 1822 1199
1426 1429 1200
1502 1516 1200
1504 1519 1200
1524 1549 1200
1525 1528 1200
1533 1815 1200
1539 1549 1200
1718 1887 1200
1720 1909 1200
1730 1815 1200
1737 1738 1200
1737 1909 1200
1795 1822 1200
1836 1865 1200
1500 1549 1201
1504 1519 1201
1528 1548 1201
1538 1539 1201
1539 1549 1201
1551 1572 1201
1560 1580 1201
1708 1739 1201
1737 1909 1201
1800 1859 1201
1500 1538 1202
1538 1539 1202
1538 1549 1202
1539 1549 1202
1560 1580 1202
1673 1698 1202
1675 1680 1202
1681 1698 1202
1708 1739 1202
1718 1855 1202
1718 1887 1202
1737 1909 1202
1738 1780 1202
1872 1890 1202
1503 1524 1203
1549 1815 1203
1730 1815 1203
1737 1909 1203
1749 1863 1203
1818 1831 1203
1426 1429 1204
1439 1480 1204
1480 1489 1204
1500 1539 1204
1525 1528 1204
1539 1653 1204
1552 1555 1204
1562 1746 1204
1606 1616 1204
1665 1673 1204
1700 1746 1204
1702 1854 1204
1718 1887 1204
1732 1889 1204
1737 1909 1204
1872 1890 1204
1426 1429 1205
1480 1489 1205
1520 1668 1205
1539 1545 1205
1539 1546 1205
1539 1797 1205
1545 1546 1205
1545 1653 1205
1560 1572 1205
1560 1731 1205
1606 1616 1205
1682 1687 1205
1695 1920 1205
1708 1743 1205
1708 1858 1205
1718 1887 1205
1727 1731 1205
1730 1815 1205
1738 1780 1205
1805 1819 1205
1820 1838 1205
1872 1890 1205
1877 1890 1205
1890 1898 1205
1426 1429 1206
1500 1528 1206
1500 1539 1206
1502 1668 1206
1520 1668 1206
1525 1539 1206
1539 1546 1206
1545 1546 1206
1606 1616 1206
1675 1680 1206
1708 1743 1206
1718 1743 1206
1718 1887 1206
1730 1815 1206
1737 1909 1206
1738 1780 1206
1749 1863 1206
1820 1838 1206
1872 1883 1206
1426 1429 1207
1427 1475 1207
1437 1563 1207
1439 1486 1207
1457 1468 1207
1468 1477 1207
1500 1525 1207
1500 1528 1207
1502 1520 1207
1539 1545 1207
1539 1546 1207
1545 1705 1207
1560 1731 1207
1606 1616 1207
1682 1687 1207
1718 1887 1207
1720 1737 1207
1737 1738 1207
1738 1780 1207
1738 1909 1207
1749 1863 1207
1805 1818 1207
1807 1895 1207
1427 1475 1208
1430 1482 1208
1480 1489 1208
1500 1539 1208
1503 1524 1208
1521 1821 1208
1539 1653 1208
1552 1555 1208
1606 1616 1208
1656 1661 1208
1661 1663 1208
1666 1688 1208
1666 1765 1208
1673 1674 1208
1673 1698 1208
1674 1675 1208
1674 1745 1208
1687 1920 1208
1696 1779 1208
1713 1872 1208
1720 1737 1208
1737 1738 1208
1737 1909 1208
1738 1780 1208
1745 1920 1208
1749 1863 1208
1818 1821 1208
1427 1475 1209
1468 1668 1209
1500 1539 1209
1525 1545 1209
1525 1815 1209
1528 1546 1209
1549 1797 1209
1549 1815 1209
1552 1555 1209
1560 1572 1209
1567 1727 1209
1572 1580 1209
1606 1616 1209
1661 1663 1209
1663 1664 1209
1663 1908 1209
1673 1674 1209
1682 1687 1209
1682 1695 1209
1687 1695 1209
1695 1920 1209
1702 1854 1209
1720 1737 1209
1730 1815 1209
1737 1738 1209
1737 1909 1209
1738 1780 1209
1743 1887 1209
1749 1863 1209
1749 1872 1209
1797 1815 1209
1439 1443 1210
1452 1468 1210
1500 1539 1210
1500 1705 1210
1503 1618 1210
1503 1653 1210
1504 1545 1210
1528 1546 1210
1532 1618 1210
1539 1549 1210
1546 1549 1210
1552 1555 1210
1560 1572 1210
1567 1727 1210
1606 1616 1210
1618 1653 1210
1618 1815 1210
1653 1815 1210
1661 1663 1210
1664 1920 1210
1666 1908 1210
1673 1674 1210
1675 1680 1210
1675 1695 1210
1675 1698 1210
1680 1698 1210
1682 1687 1210
1702 1854 1210
1702 1889 1210
1737 1738 1210
1737 1909 1210
1738 1780 1210
1748 1833 1210
1749 1863 1210
1765 1912 1210
1802 1803 1210
1821 1866 1210
1453 1459 1211
1500 1539 1211
1503 1532 1211
1503 1653 1211
1504 1519 1211
1504 1545 1211
1539 1653 1211
1558 1560 1211
1579 1700 1211
1606 1616 1211
1656 1661 1211
1656 1908 1211
1661 1663 1211
1663 1779 1211
1663 1908 1211
1664 1765 1211
1666 1670 1211
1666 1684 1211
1666 1688 1211
1666 1765 1211
1670 1684 1211
1673 1674 1211
1673 1681 1211
1674 1681 1211
1675 1680 1211
1675 1698 1211
1682 1687 1211
1695 1920 1211
1696 1779 1211
1697 1912 1211
1702 1854 1211
1707 1746 1211
1748 1801 1211
1749 1863 1211
1500 1503 1212
1500 1533 1212
1500 1539 1212
1500 1548 1212
1503 1653 1212
1504 1519 1212
1525 1815 1212
1538 1815 1212
1558 1579 1212
1558 1685 1212
1606 1616 1212
1656 1661 1212
1656 1663 1212
1656 1908 1212
1661 1908 1212
1664 1912 1212
1666 1688 1212
1670 1688 1212
1673 1674 1212
1673 1681 1212
1674 1681 1212
1675 1680 1212
1682 1687 1212
1682 1779 1212
1684 1688 1212
1695 1920 1212
1696 1779 1212
1702 1854 1212
1708 1739 1212
1709 1801 1212
1712 1746 1212
1782 1859 1212
1801 1909 1212
1822 1859 1212
1865 1888 1212
1426 1443 1213
1427 1443 1213
1439 1443 1213
1500 1503 1213
1500 1539 1213
1500 1653 1213
1503 1539 1213
1503 1653 1213
1519 1545 1213
1524 1533 1213
1524 1815 1213
1525 1548 1213
1538 1618 1213
1558 1685 1213
1560 1594 1213
1606 1616 1213
1656 1663 1213
1656 1670 1213
1661 1663 1213
1661 1687 1213
1661 1695 1213
1661 1908 1213
1663 1696 1213
1663 1779 1213
1664 1697 1213
1664 1912 1213
1665 1673 1213
1666 1670 1213
1666 1688 1213
1670 1688 1213
1673 1674 1213
1674 1681 1213
1675 1698 1213
1682 1687 1213
1684 1688 1213
1695 1745 1213
1695 1920 1213
1697 1912 1213
1708 1739 1213
1709 1909 1213
1712 1746 1213
1749 1863 1213
1801 1859 1213
1805 1895 1213
1807 1895 1213
1822 1859 1213
1836 1888 1213
1836 1892 1213
1427 1439 1214
1500 1503 1214
1500 1539 1214
1500 1546 1214
1500 1653 1214
1503 1797 1214
1504 1545 1214
1504 1797 1214
1524 1528 1214
1524 1815 1214
1525 1797 1214
1528 1730 1214
1528 1815 1214
1533 1730 1214
1538 1618 1214
1539 1618 1214
1539 1653 1214
1545 1705 1214
1552 1555 1214
1567 1731 1214
1594 1746 1214
1606 1616 1214
1656 1663 1214
1661 1663 1214
1661 1745 1214
1663 1908 1214
1664 1765 1214
1666 1688 1214
1666 1765 1214
1674 1681 1214
1675 1682 1214
1675 1745 1214
1682 1687 1214
1684 1688 1214
1687 1695 1214
1687 1779 1214
1688 1765 1214
1695 1920 1214
1696 1779 1214
1697 1912 1214
1705 1797 1214
1708 1739 1214
1708 1858 1214
1730 1815 1214
1805 1880 1214
1807 1895 1214
1822 1859 1214
1427 1443 1215
1437 1563 1215
1500 1539 1215
1500 1546 1215
1503 1539 1215
1503 1653 1215
1503 1797 1215
1538 1618 1215
1538 1730 1215
1546 1815 1215
1606 1616 1215
1653 1797 1215
1656 1663 1215
1663 1779 1215
1664 1765 1215
1665 1673 1215
1665 1675 1215
1665 1680 1215
1666 1688 1215
1673 1674 1215
1673 1675 1215
1674 1681 1215
1675 1680 1215
1682 1695 1215
1682 1696 1215
1688 1765 1215
1695 1920 1215
1696 1779 1215
1697 1912 1215
1705 1797 1215
1708 1739 1215
1708 1858 1215
1749 1863 1215
1801 1859 1215
1821 1866 1215
1822 1859 1215
1427 1443 1216
1480 1489 1216
1500 1539 1216
1500 1549 1216
1503 1546 1216
1504 1545 1216
1533 1815 1216
1538 1618 1216
1539 1545 1216
1539 1653 1216
1539 1815 1216
1656 1661 1216
1656 1663 1216
1656 1908 1216
1661 1663 1216
1661 1687 1216
1663 1696 1216
1665 1673 1216
1665 1681 1216
1665 1745 1216
1666 1765 1216
1673 1698 1216
1674 1681 1216
1682 1687 1216
1684 1765 1216
1687 1695 1216
1695 1920 1216
1696 1779 1216
1697 1912 1216
1708 1861 1216
1737 1909 1216
1749 1883 1216
1782 1859 1216
1801 1859 1216
1807 1831 1216
1821 1866 1216
1427 1443 1217
1453 1459 1217
1503 1653 1217
1503 1815 1217
1504 1545 1217
1538 1618 1217
1567 1731 1217
1606 1616 1217
1632 1847 1217
1650 1872 1217
1656 1673 1217
1656 1684 1217
1656 1908 1217
1661 1670 1217
1663 1696 1217
1663 1920 1217
1673 1687 1217
1674 1675 1217
1674 1682 1217
1695 1920 1217
1697 1745 1217
1732 1889 1217
1749 1863 1217
1749 1883 1217
1782 1859 1217
1801 1859 1217
1877 1890 1217
1453 1468 1218
1504 1524 1218
1504 1528 1218
1504 1815 1218
1524 1528 1218
1524 1815 1218
1545 1705 1218
1606 1616 1218
1632 1847 1218
1637 1668 1218
1650 1855 1218
1656 1673 1218
1663 1912 1218
1664 1697 1218
1664 1745 1218
1665 1681 1218
1673 1695 1218
1680 1695 1218
1680 1920 1218
1682 1687 1218
1695 1920 1218
1696 1779 1218
1697 1765 1218
1702 1854 1218
1749 1863 1218
1749 1883 1218
1782 1859 1218
1820 1838 1218
1822 1859 1218
1836 1888 1218
1877 1890 1218
1439 1443 1219
1453 1459 1219
1483 1637 1219
1504 1653 1219
1504 1815 1219
1525 1548 1219
1545 1815 1219
1545 1837 1219
1551 1712 1219
1558 1560 1219
1558 1685 1219
1560 1731 1219
1567 1685 1219
1606 1616 1219
1637 1668 1219
1637 1751 1219
1665 1681 1219
1668 1751 1219
1680 1920 1219
1681 1688 1219
1681 1908 1219
1682 1687 1219
1688 1908 1219
1695 1920 1219
1730 1815 1219
1782 1859 1219
1820 1838 1219
1836 1865 1219
1877 1890 1219
1453 1459 1220
1468 1495 1220
1468 1637 1220
1495 1637 1220
1500 1525 1220
1504 1545 1220
1504 1653 1220
1504 1705 1220
1524 1618 1220
1525 1815 1220
1533 1546 1220
1545 1705 1220
1545 1837 1220
1546 1815 1220
1558 1685 1220
1560 1731 1220
1567 1727 1220
1606 1616 1220
1632 1847 1220
1637 1751 1220
1650 1718 1220
1653 1705 1220
1656 1681 1220
1656 1908 1220
1664 1666 1220
1664 1697 1220
1665 1681 1220
1668 1751 1220
1681 1688 1220
1681 1908 1220
1682 1687 1220
1696 1779 1220
1702 1854 1220
1702 1889 1220
1718 1887 1220
1723 1822 1220
1743 1887 1220
1820 1838 1220
1836 1865 1220
1872 1890 1220
1877 1890 1220
1883 1889 1220
1430 1482 1221
1453 1459 1221
1500 1538 1221
1500 1545 1221
1503 1524 1221
1504 1528 1221
1504 1653 1221
1504 1705 1221
1504 1730 1221
1528 1653 1221
1528 1705 1221
1528 1815 1221
1539 1815 1221
1546 1618 1221
1567 1727 1221
1606 1616 1221
1656 1681 1221
1664 1666 1221
1664 1697 1221
1664 1745 1221
1664 1779 1221
1665 1681 1221
1666 1745 1221
1668 1751 1221
1680 1695 1221
1681 1908 1221
1682 1687 1221
1685 1727 1221
1695 1920 1221
1697 1912 1221
1705 1730 1221
1718 1887 1221
1727 1731 1221
1730 1815 1221
1739 1872 1221
1872 1890 1221
1453 1459 1222
1495 1637 1222
1498 1522 1222
1500 1503 1222
1500 1538 1222
1503 1524 1222
1503 1538 1222
1504 1528 1222
1504 1705 1222
1504 1730 1222
1504 1797 1222
1528 1730 1222
1532 1618 1222
1538 1545 1222
1539 1815 1222
1546 1548 1222
1546 1618 1222
1548 1618 1222
1552 1555 1222
1552 1685 1222
1555 1685 1222
1558 1727 1222
1606 1616 1222
1664 1666 1222
1664 1697 1222
1664 1745 1222
1664 1912 1222
1665 1745 1222
1666 1745 1222
1668 1751 1222
1680 1695 1222
1681 1908 1222
1682 1687 1222
1697 1912 1222
1705 1730 1222
1705 1797 1222
1718 1887 1222
1737 1738 1222
1782 1859 1222
1805 1880 1222
1805 1895 1222
1821 1866 1222
1835 1892 1222
1872 1890 1222
1453 1459 1223
1458 1495 1223
1458 1637 1223
1500 1545 1223
1503 1524 1223
1524 1538 1223
1528 1730 1223
1528 1815 1223
1539 1797 1223
1539 1815 1223
1539 1837 1223
1546 1548 1223
1548 1618 1223
1558 1727 1223
1572 1580 1223
1606 1616 1223
1632 1847 1223
1653 1815 1223
1664 1697 1223
1664 1745 1223
1665 1681 1223
1665 1908 1223
1666 1779 1223
1681 1908 1223
1682 1687 1223
1685 1727 1223
1685 1731 1223
1702 1854 1223
1706 1877 1223
1718 1732 1223
1732 1889 1223
1801 1859 1223
1820 1838 1223
1851 1877 1223
1451 1458 1224
1451 1501 1224
1451 1751 1224
1453 1459 1224
1458 1637 1224
1500 1545 1224
1503 1524 1224
1503 1538 1224
1524 1538 1224
1528 1653 1224
1528 1815 1224
1539 1797 1224
1546 1815 1224
1548 1618 1224
1552 1727 1224
1558 1727 1224
1567 1727 1224
1606 1616 1224
1650 1883 1224
1656 1908 1224
1664 1697 1224
1665 1681 1224
1682 1687 1224
1685 1727 1224
1695 1920 1224
1702 1851 1224
1706 1887 1224
1732 1855 1224
1782 1859 1224
1805 1880 1224
1822 1859 1224
1855 1898 1224
1861 1887 1224
1434 1578 1225
1451 1501 1225
1500 1503 1225
1500 1545 1225
1503 1546 1225
1503 1815 1225
1504 1528 1225
1504 1539 1225
1504 1653 1225
1504 1797 1225
1524 1538 1225
1528 1546 1225
1528 1653 1225
1528 1815 1225
1539 1837 1225
1546 1815 1225
1558 1685 1225
1558 1727 1225
1567 1727 1225
1606 1616 1225
1618 1653 1225
1632 1847 1225
1650 1851 1225
1650 1883 1225
1653 1797 1225
1661 1663 1225
1664 1745 1225
1664 1779 1225
1665 1681 1225
1682 1687 1225
1702 1854 1225
1702 1889 1225
1706 1887 1225
1706 1898 1225
1718 1743 1225
1732 1855 1225
1749 1863 1225
1782 1859 1225
1797 1837 1225
1801 1859 1225
1854 1889 1225
1861 1887 1225
1887 1890 1225
1451 1501 1226
1458 1637 1226
1498 1668 1226
1500 1545 1226
1501 1751 1226
1504 1519 1226
1524 1538 1226
1528 1815 1226
1539 1837 1226
1546 1548 1226
1548 1653 1226
1555 1746 1226
1558 1685 1226
1558 1727 1226
1560 1731 1226
1572 1580 1226
1606 1616 1226
1653 1797 1226
1664 1666 1226
1664 1681 1226
1664 1688 1226
1664 1745 1226
1665 1673 1226
1665 1681 1226
1702 1854 1226
1708 1743 1226
1708 1887 1226
1732 1749 1226
1737 1859 1226
1743 1887 1226
1749 1890 1226
1801 1859 1226
1805 1880 1226
1437 1563 1227
1458 1637 1227
1479 1501 1227
1479 1668 1227
1483 1501 1227
1500 1545 1227
1500 1618 1227
1501 1668 1227
1503 1524 1227
1503 1538 1227
1504 1705 1227
1524 1538 1227
1528 1539 1227
1528 1797 1227
1528 1815 1227
1539 1837 1227
1546 1548 1227
1560 1731 1227
1572 1580 1227
1606 1616 1227
1650 1749 1227
1650 1883 1227
1653 1730 1227
1653 1797 1227
1664 1666 1227
1664 1697 1227
1664 1779 1227
1666 1697 1227
1666 1745 1227
1695 1920 1227
1696 1745 1227
1702 1749 1227
1702 1854 1227
1702 1889 1227
1706 1749 1227
1708 1743 1227
1713 1890 1227
1730 1815 1227
1749 1854 1227
1797 1815 1227
1797 1837 1227
1851 1855 1227
1851 1890 1227
1855 1890 1227
1437 1563 1228
1458 1637 1228
1471 1592 1228
1479 1668 1228
1500 1545 1228
1500 1618 1228
1503 1524 1228
1503 1538 1228
1504 1519 1228
1504 1525 1228
1504 1546 1228
1524 1538 1228
1533 1546 1228
1539 1837 1228
1546 1548 1228
1546 1815 1228
1548 1618 1228
1560 1731 1228
1572 1580 1228
1594 1746 1228
1606 1616 1228
1650 1749 1228
1650 1883 1228
1653 1730 1228
1664 1666 1228
1664 1697 1228
1664 1745 1228
1666 1745 1228
1680 1920 1228
1695 1920 1228
1704 1877 1228
1720 1737 1228
1727 1731 1228
1730 1815 1228
1743 1887 1228
1749 1883 1228
1805 1880 1228
1851 1855 1228
1851 1890 1228
1855 1890 1228
1857 1866 1228
1458 1477 1229
1458 1516 1229
1458 1751 1229
1500 1545 1229
1503 1504 1229
1503 1538 1229
1504 1618 1229
1528 1548 1229
1528 1618 1229
1533 1653 1229
1539 1837 1229
1548 1618 1229
1558 1567 1229
1558 1685 1229
1560 1727 1229
1572 1580 1229
1650 1883 1229
1653 1837 1229
1661 1664 1229
1664 1666 1229
1664 1682 1229
1664 1745 1229
1665 1688 1229
1666 1745 1229
1675 1684 1229
1695 1920 1229
1702 1739 1229
1702 1854 1229
1706 1739 1229
1714 1795 1229
1727 1731 1229
1820 1838 1229
1851 1877 1229
1851 1890 1229
1880 1895 1229
1426 1429 1230
1434 1475 1230
1458 1477 1230
1458 1516 1230
1475 1489 1230
1475 1578 1230
1477 1516 1230
1500 1545 1230
1500 1548 1230
1503 1504 1230
1503 1538 1230
1504 1528 1230
1504 1538 1230
1524 1538 1230
1525 1837 1230
1533 1539 1230
1533 1653 1230
1533 1837 1230
1539 1653 1230
1551 1570 1230
1555 1579 1230
1558 1567 1230
1560 1727 1230
1572 1580 1230
1606 1616 1230
1653 1837 1230
1663 1745 1230
1664 1666 1230
1664 1745 1230
1665 1688 1230
1675 1684 1230
1675 1687 1230
1675 1698 1230
1682 1697 1230
1685 1727 1230
1695 1920 1230
1702 1854 1230
1706 1749 1230
1709 1720 1230
1727 1731 1230
1737 1780 1230
1739 1743 1230
1739 1749 1230
1743 1749 1230
1805 1880 1230
1851 1890 1230
1854 1889 1230
1855 1890 1230
1857 1866 1230
1880 1895 1230
1427 1429 1231
1434 1475 1231
1443 1475 1231
1458 1477 1231
1468 1520 1231
1475 1489 1231
1500 1503 1231
1500 1545 1231
1503 1528 1231
1503 1538 1231
1504 1533 1231
1504 1705 1231
1504 1797 1231
1504 1815 1231
1519 1837 1231
1524 1528 1231
1524 1538 1231
1525 1705 1231
1525 1837 1231
1528 1815 1231
1538 1797 1231
1539 1546 1231
1539 1797 1231
1548 1618 1231
1549 1730 1231
1567 1727 1231
1572 1580 1231
1650 1890 1231
1653 1837 1231
1663 1666 1231
1665 1908 1231
1668 1751 1231
1670 1680 1231
1674 1675 1231
1675 1698 1231
1682 1912 1231
1702 1854 1231
1727 1731 1231
1735 1746 1231
1739 1743 1231
1739 1749 1231
1743 1749 1231
1801 1822 1231
1851 1890 1231
1857 1866 1231
1427 1429 1232
1434 1489 1232
1500 1545 1232
1503 1528 1232
1503 1797 1232
1504 1705 1232
1519 1525 1232
1519 1837 1232
1524 1538 1232
1525 1653 1232
1525 1705 1232
1525 1837 1232
1528 1797 1232
1528 1815 1232
1539 1546 1232
1545 1730 1232
1549 1730 1232
1558 1685 1232
1606 1616 1232
1650 1883 1232
1663 1666 1232
1668 1751 1232
1670 1680 1232
1673 1908 1232
1674 1698 1232
1682 1912 1232
1697 1912 1232
1702 1872 1232
1705 1837 1232
1708 1739 1232
1708 1854 1232
1713 1749 1232
1713 1890 1232
1727 1731 1232
1737 1909 1232
1739 1743 1232
1739 1749 1232
1743 1749 1232
1743 1897 1232
1749 1897 1232
1782 1859 1232
1797 1815 1232
1801 1822 1232
1802 1803 1232
1820 1838 1232
1854 1889 1232
1857 1866 1232
1880 1895 1232
1883 1890 1232
1427 1429 1233
1443 1475 1233
1468 1477 1233
1468 1751 1233
1500 1504 1233
1500 1545 1233
1502 1520 1233
1503 1815 1233
1504 1533 1233
1504 1545 1233
1524 1528 1233
1525 1653 1233
1525 1705 1233
1525 1837 1233
1528 1538 1233
1528 1797 1233
1528 1815 1233
1539 1546 1233
1548 1618 1233
1558 1685 1233
1574 1707 1233
1650 1855 1233
1656 1745 1233
1661 1664 1233
1664 1697 1233
1664 1912 1233
1670 1680 1233
1674 1698 1233
1681 1698 1233
1681 1908 1233
1697 1912 1233
1706 1861 1233
1713 1743 1233
1718 1887 1233
1727 1731 1233
1732 1897 1233
1739 1743 1233
1748 1820 1233
1748 1833 1233
1779 1912 1233
1801 1822 1233
1802 1803 1233
1857 1866 1233
1427 1429 1234
1452 1502 1234
1458 1468 1234
1458 1637 1234
1468 1522 1234
1468 1637 1234
1468 1751 1234
1500 1504 1234
1500 1545 1234
1500 1815 1234
1503 1524 1234
1503 1539 1234
1503 1815 1234
1504 1533 1234
1524 1528 1234
1524 1815 1234
1525 1653 1234
1525 1705 1234
1528 1538 1234
1528 1546 1234
1533 1730 1234
1538 1546 1234
1538 1797 1234
1539 1815 1234
1574 1707 1234
1632 1847 1234
1663 1666 1234
1666 1682 1234
1666 1745 1234
1674 1687 1234
1674 1698 1234
1680 1695 1234
1682 1687 1234
1708 1718 1234
1708 1861 1234
1718 1887 1234
1727 1731 1234
1739 1749 1234
1743 1749 1234
1748 1833 1234
1855 1897 1234
1877 1890 1234
1890 1898 1234
1426 1429 1235
1427 1429 1235
1434 1489 1235
1477 1520 1235
1500 1545 1235
1503 1524 1235
1503 1539 1235
1504 1533 1235
1504 1618 1235
1504 1730 1235
1504 1837 1235
1520 1522 1235
1524 1539 1235
1528 1797 1235
1528 1837 1235
1538 1546 1235
1548 1618 1235
1572 1580 1235
1656 1908 1235
1664 1682 1235
1664 1688 1235
1664 1912 1235
1666 1688 1235
1673 1908 1235
1674 1675 1235
1682 1697 1235
1697 1912 1235
1706 1863 1235
1708 1858 1235
1710 1718 1235
1713 1718 1235
1727 1731 1235
1739 1743 1235
1739 1749 1235
1743 1749 1235
1855 1897 1235
1434 1475 1236
1437 1563 1236
1479 1502 1236
1498 1520 1236
1500 1545 1236
1503 1815 1236
1504 1730 1236
1516 1751 1236
1533 1549 1236
1533 1730 1236
1538 1546 1236
1538 1837 1236
1539 1815 1236
1546 1837 1236
1555 1579 1236
1572 1580 1236
1606 1616 1236
1650 1863 1236
1664 1745 1236
1664 1912 1236
1666 1745 1236
1710 1713 1236
1713 1718 1236
1713 1743 1236
1727 1731 1236
1739 1743 1236
1739 1749 1236
1743 1749 1236
1782 1859 1236
1797 1837 1236
1854 1897 1236
1877 1890 1236
1437 1563 1237
1458 1495 1237
1503 1618 1237
1525 1528 1237
1525 1705 1237
1538 1837 1237
1548 1705 1237
1558 1731 1237
1560 1746 1237
1572 1580 1237
1572 1685 1237
1606 1616 1237
1618 1797 1237
1632 1847 1237
1664 1697 1237
1664 1912 1237
1705 1797 1237
1708 1887 1237
1708 1897 1237
1710 1718 1237
1713 1718 1237
1713 1854 1237
1718 1897 1237
1732 1889 1237
1739 1749 1237
1743 1749 1237
1743 1883 1237
1749 1883 1237
1749 1890 1237
1763 1833 1237
1779 1912 1237
1819 1865 1237
1851 1855 1237
1883 1890 1237
1479 1637 1238
1500 1525 1238
1528 1705 1238
1533 1546 1238
1538 1618 1238
1545 1705 1238
1545 1837 1238
1572 1685 1238
1572 1731 1238
1606 1616 1238
1650 1702 1238
1664 1697 1238
1664 1779 1238
1664 1912 1238
1674 1675 1238
1697 1912 1238
1708 1710 1238
1708 1713 1238
1708 1718 1238
1708 1897 1238
1732 1854 1238
1741 1843 1238
1749 1890 1238
1861 1887 1238
1427 1465 1239
1452 1468 1239
1500 1528 1239
1503 1504 1239
1503 1524 1239
1504 1545 1239
1504 1705 1239
1504 1837 1239
1525 1545 1239
1525 1815 1239
1528 1533 1239
1533 1538 1239
1538 1546 1239
1545 1837 1239
1555 1685 1239
1558 1685 1239
1560 1731 1239
1606 1616 1239
1664 1697 1239
1664 1745 1239
1664 1779 1239
1664 1912 1239
1674 1675 1239
1697 1745 1239
1697 1779 1239
1697 1912 1239
1702 1890 1239
1713 1739 1239
1718 1732 1239
1718 1887 1239
1718 1897 1239
1732 1854 1239
1818 1895 1239
1851 1883 1239
1854 1887 1239
1854 1890 1239
1854 1897 1239
1887 1889 1239
1887 1890 1239
1889 1890 1239
1437 1563 1240
1443 1475 1240
1468 1477 1240
1500 1837 1240
1503 1618 1240
1503 1705 1240
1504 1519 1240
1525 1618 1240
1525 1705 1240
1528 1533 1240
1528 1538 1240
1528 1545 1240
1528 1546 1240
1533 1538 1240
1533 1545 1240
1533 1546 1240
1538 1545 1240
1538 1546 1240
1539 1705 1240
1539 1797 1240
1558 1574 1240
1560 1731 1240
1650 1718 1240
1650 1854 1240
1650 1887 1240
1650 1897 1240
1664 1697 1240
1664 1779 1240
1674 1675 1240
1674 1698 1240
1685 1731 1240
1695 1920 1240
1697 1779 1240
1697 1912 1240
1705 1837 1240
1710 1897 1240
1713 1887 1240
1713 1890 1240
1718 1887 1240
1718 1897 1240
1739 1743 1240
1743 1890 1240
1854 1890 1240
1889 1890 1240
1443 1475 1241
1468 1477 1241
1468 1520 1241
1500 1545 1241
1500 1797 1241
1500 1837 1241
1504 1519 1241
1504 1525 1241
1504 1730 1241
1519 1525 1241
1528 1533 1241
1532 1618 1241
1538 1546 1241
1539 1618 1241
1545 1705 1241
1551 1712 1241
1552 1555 1241
1552 1570 1241
1552 1572 1241
1555 1560 1241
1555 1570 1241
1555 1580 1241
1558 1574 1241
1558 1685 1241
1560 1572 1241
1562 1700 1241
1567 1574 1241
1570 1712 1241
1572 1594 1241
1572 1731 1241
1580 1731 1241
1594 1731 1241
1606 1616 1241
1663 1666 1241
1664 1682 1241
1664 1697 1241
1664 1779 1241
1665 1673 1241
1670 1920 1241
1674 1675 1241
1674 1698 1241
1697 1745 1241
1697 1779 1241
1702 1706 1241
1705 1797 1241
1708 1890 1241
1710 1897 1241
1713 1743 1241
1713 1887 1241
1718 1887 1241
1720 1737 1241
1737 1909 1241
1797 1837 1241
1820 1833 1241
1851 1855 1241
1854 1887 1241
1887 1897 1241
1443 1475 1242
1458 1516 1242
1500 1705 1242
1500 1797 1242
1500 1837 1242
1503 1524 1242
1504 1519 1242
1532 1618 1242
1539 1653 1242
1545 1705 1242
1545 1797 1242
1551 1560 1242
1551 1564 1242
1551 1572 1242
1552 1580 1242
1555 1712 1242
1558 1685 1242
1560 1572 1242
1560 1580 1242
1560 1727 1242
1562 1700 1242
1567 1700 1242
1574 1707 1242
1574 1727 1242
1664 1697 1242
1666 1745 1242
1670 1688 1242
1674 1698 1242
1675 1912 1242
1684 1697 1242
1684 1912 1242
1697 1779 1242
1702 1854 1242
1702 1861 1242
1706 1854 1242
1706 1861 1242
1706 1887 1242
1713 1718 1242
1713 1743 1242
1718 1854 1242
1718 1887 1242
1718 1897 1242
1737 1801 1242
1802 1821 1242
1815 1837 1242
1854 1887 1242
1887 1897 1242
1443 1475 1243
1452 1522 1243
1480 1489 1243
1500 1837 1243
1503 1815 1243
1504 1519 1243
1519 1525 1243
1528 1538 1243
1528 1546 1243
1533 1546 1243
1545 1705 1243
1551 1570 1243
1552 1746 1243
1558 1685 1243
1562 1567 1243
1562 1574 1243
1564 1570 1243
1567 1700 1243
1574 1727 1243
1606 1616 1243
1650 1706 1243
1664 1684 1243
1664 1912 1243
1665 1688 1243
1665 1745 1243
1666 1745 1243
1675 1912 1243
1684 1779 1243
1705 1797 1243
1710 1897 1243
1718 1897 1243
1727 1731 1243
1738 1780 1243
1765 1779 1243
1818 1880 1243
1818 1895 1243
1855 1890 1243
1877 1890 1243
1880 1895 1243
1890 1898 1243
1430 1482 1244
1458 1479 1244
1500 1705 1244
1545 1705 1244
1555 1574 1244
1564 1570 1244
1664 1682 1244
1664 1745 1244
1665 1745 1244
1665 1908 1244
1684 1779 1244
1684 1912 1244
1685 1700 1244
1695 1920 1244
1697 1912 1244
1702 1732 1244
1710 1887 1244
1713 1897 1244
1765 1779 1244
1782 1859 1244
1795 1833 1244
1818 1895 1244
1887 1897 1244
1890 1898 1244
1437 1563 1245
1443 1475 1245
1457 1498 1245
1458 1493 1245
1479 1493 1245
1500 1545 1245
1500 1837 1245
1503 1524 1245
1503 1815 1245
1504 1525 1245
1524 1815 1245
1539 1815 1245
1545 1618 1245
1574 1700 1245
1574 1707 1245
1606 1616 1245
1650 1732 1245
1650 1883 1245
1661 1664 1245
1664 1682 1245
1664 1684 1245
1664 1779 1245
1666 1688 1245
1674 1698 1245
1684 1779 1245
1702 1706 1245
1702 1883 1245
1702 1897 1245
1706 1710 1245
1706 1713 1245
1706 1897 1245
1708 1890 1245
1713 1718 1245
1713 1743 1245
1713 1887 1245
1727 1731 1245
1732 1854 1245
1735 1746 1245
1737 1909 1245
1782 1859 1245
1802 1821 1245
1854 1883 1245
1854 1889 1245
1883 1889 1245
1887 1897 1245
1890 1898 1245
1437 1563 1246
1452 1522 1246
1458 1495 1246
1486 1585 1246
1493 1668 1246
1519 1533 1246
1525 1837 1246
1539 1815 1246
1549 1797 1246
1560 1594 1246
1562 1567 1246
1562 1746 1246
1564 1570 1246
1567 1574 1246
1567 1707 1246
1574 1707 1246
1650 1889 1246
1661 1664 1246
1661 1682 1246
1664 1682 1246
1664 1779 1246
1665 1674 1246
1665 1908 1246
1666 1674 1246
1666 1687 1246
1673 1908 1246
1674 1687 1246
1675 1687 1246
1682 1687 1246
1684 1697 1246
1684 1765 1246
1684 1912 1246
1695 1920 1246
1697 1765 1246
1697 1779 1246
1702 1706 1246
1702 1883 1246
1702 1889 1246
1706 1883 1246
1706 1889 1246
1706 1897 1246
1713 1887 1246
1718 1887 1246
1732 1889 1246
1735 1746 1246
1743 1858 1246
1765 1779 1246
1782 1859 1246
1795 1822 1246
1883 1887 1246
1887 1897 1246
1890 1898 1246
1429 1439 1247
1437 1563 1247
1493 1668 1247
1503 1524 1247
1503 1539 1247
1504 1519 1247
1504 1533 1247
1525 1815 1247
1525 1837 1247
1539 1815 1247
1549 1797 1247
1551 1746 1247
1558 1574 1247
1560 1727 1247
1560 1731 1247
1562 1567 1247
1567 1574 1247
1606 1616 1247
1650 1702 1247
1661 1779 1247
1663 1670 1247
1663 1697 1247
1663 1745 1247
1664 1666 1247
1664 1779 1247
1666 1745 1247
1670 1920 1247
1674 1675 1247
1675 1682 1247
1680 1695 1247
1682 1687 1247
1695 1920 1247
1697 1745 1247
1697 1765 1247
1697 1779 1247
1700 1746 1247
1702 1706 1247
1702 1897 1247
1706 1897 1247
1727 1735 1247
1732 1883 1247
1732 1887 1247
1739 1872 1247
1765 1779 1247
1883 1887 1247
1890 1898 1247
1437 1563 1248
1500 1525 1248
1503 1837 1248
1549 1797 1248
1551 1570 1248
1551 1712 1248
1551 1731 1248
1558 1685 1248
1560 1572 1248
1560 1731 1248
1562 1567 1248
1572 1580 1248
1594 1712 1248
1650 1706 1248
1650 1732 1248
1663 1745 1248
1664 1697 1248
1664 1779 1248
1665 1908 1248
1666 1688 1248
1670 1680 1248
1670 1695 1248
1674 1675 1248
1674 1912 1248
1695 1920 1248
1697 1745 1248
1697 1779 1248
1702 1706 1248
1702 1732 1248
1704 1854 1248
1706 1897 1248
1710 1718 1248
1712 1731 1248
1718 1851 1248
1718 1897 1248
1745 1779 1248
1765 1779 1248
1801 1822 1248
1802 1821 1248
1819 1836 1248
1475 1482 1249
1503 1524 1249
1525 1837 1249
1549 1797 1249
1558 1685 1249
1560 1727 1249
1560 1731 1249
1570 1746 1249
1574 1707 1249
1594 1727 1249
1594 1746 1249
1650 1706 1249
1650 1887 1249
1664 1682 1249
1664 1745 1249
1666 1688 1249
1670 1680 1249
1670 1695 1249
1670 1745 1249
1674 1675 1249
1682 1697 1249
1695 1920 1249
1702 1706 1249
1702 1887 1249
1718 1851 1249
1739 1872 1249
1745 1779 1249
1765 1779 1249
1780 1822 1249
1801 1822 1249
1851 1890 1249
1854 1887 1249
1427 1429 1250
1480 1489 1250
1500 1525 1250
1525 1837 1250
1549 1797 1250
1552 1555 1250
1552 1746 1250
1555 1746 1250
1558 1727 1250
1560 1727 1250
1560 1746 1250
1574 1707 1250
1579 1707 1250
1650 1702 1250
1650 1706 1250
1650 1887 1250
1664 1682 1250
1664 1697 1250
1664 1745 1250
1664 1779 1250
1666 1688 1250
1684 1697 1250
1695 1920 1250
1698 1912 1250
1702 1706 1250
1718 1897 1250
1719 1741 1250
1732 1887 1250
1739 1872 1250
1749 1863 1250
1780 1801 1250
1780 1822 1250
1782 1859 1250
1801 1822 1250
1855 1890 1250
1872 1890 1250
1890 1898 1250
1500 1548 1251
1503 1524 1251
1525 1837 1251
1551 1552 1251
1555 1570 1251
1558 1572 1251
1558 1685 1251
1574 1707 1251
1594 1700 1251
1606 1616 1251
1650 1897 1251
1663 1670 1251
1663 1745 1251
1665 1666 1251
1665 1674 1251
1665 1688 1251
1666 1670 1251
1666 1688 1251
1670 1745 1251
1695 1920 1251
1700 1746 1251
1702 1887 1251
1702 1897 1251
1704 1713 1251
1710 1897 1251
1719 1780 1251
1719 1801 1251
1732 1889 1251
1749 1851 1251
1749 1863 1251
1765 1779 1251
1780 1801 1251
1801 1822 1251
1802 1821 1251
1819 1836 1251
1851 1889 1251
1872 1890 1251
1890 1898 1251
1429 1465 1252
1443 1489 1252
1468 1477 1252
1479 1495 1252
1500 1548 1252
1504 1533 1252
1524 1837 1252
1558 1560 1252
1558 1572 1252
1558 1579 1252
1560 1572 1252
1560 1746 1252
1562 1700 1252
1574 1579 1252
1650 1732 1252
1650 1897 1252
1663 1670 1252
1664 1675 1252
1664 1745 1252
1664 1779 1252
1670 1745 1252
1674 1675 1252
1675 1745 1252
1685 1700 1252
1702 1706 1252
1702 1897 1252
1704 1713 1252
1732 1889 1252
1737 1738 1252
1743 1872 1252
1780 1801 1252
1795 1822 1252
1802 1821 1252
1802 1857 1252
1819 1836 1252
1819 1865 1252
1877 1890 1252
1429 1585 1253
1437 1563 1253
1468 1477 1253
1503 1524 1253
1503 1815 1253
1525 1837 1253
1545 1549 1253
1545 1797 1253
1564 1712 1253
1606 1616 1253
1650 1889 1253
1663 1670 1253
1664 1745 1253
1664 1779 1253
1695 1920 1253
1702 1706 1253
1702 1897 1253
1706 1897 1253
1719 1780 1253
1719 1822 1253
1732 1887 1253
1732 1890 1253
1749 1883 1253
1802 1821 1253
1819 1865 1253
1851 1877 1253
1887 1889 1253
1887 1890 1253
1426 1429 1254
1458 1461 1254
1468 1502 1254
1477 1502 1254
1500 1837 1254
1503 1524 1254
1525 1837 1254
1545 1549 1254
1545 1797 1254
1560 1572 1254
1606 1616 1254
1650 1749 1254
1663 1670 1254
1664 1745 1254
1664 1765 1254
1664 1779 1254
1670 1680 1254
1695 1745 1254
1697 1765 1254
1697 1779 1254
1702 1706 1254
1702 1897 1254
1706 1883 1254
1706 1897 1254
1718 1855 1254
1719 1780 1254
1719 1822 1254
1732 1749 1254
1749 1883 1254
1819 1865 1254
1851 1855 1254
1851 1887 1254
1851 1897 1254
1854 1887 1254
1855 1858 1254
1477 1502 1255
1500 1837 1255
1525 1837 1255
1545 1549 1255
1606 1616 1255
1653 1730 1255
1664 1682 1255
1664 1745 1255
1664 1765 1255
1664 1779 1255
1670 1745 1255
1695 1920 1255
1702 1706 1255
1702 1732 1255
1706 1883 1255
1706 1897 1255
1719 1780 1255
1741 1795 1255
1749 1855 1255
1749 1858 1255
1765 1779 1255
1782 1859 1255
1801 1859 1255
1820 1859 1255
1821 1857 1255
1851 1854 1255
1851 1887 1255
1877 1890 1255
1887 1897 1255
1890 1898 1255
1426 1429 1256
1429 1465 1256
1437 1563 1256
1458 1461 1256
1468 1502 1256
1480 1489 1256
1500 1525 1256
1519 1525 1256
1525 1837 1256
1532 1618 1256
1549 1797 1256
1606 1616 1256
1653 1730 1256
1663 1670 1256
1663 1680 1256
1663 1745 1256
1670 1745 1256
1695 1920 1256
1697 1912 1256
1702 1706 1256
1702 1732 1256
1702 1887 1256
1702 1897 1256
1706 1732 1256
1706 1897 1256
1709 1719 1256
1719 1795 1256
1719 1822 1256
1738 1780 1256
1743 1749 1256
1749 1858 1256
1795 1822 1256
1801 1859 1256
1851 1854 1256
1851 1887 1256
1851 1897 1256
1887 1897 1256
1890 1898 1256
1429 1465 1257
1458 1461 1257
1477 1502 1257
1500 1525 1257
1525 1528 1257
1532 1618 1257
1606 1616 1257
1650 1855 1257
1653 1730 1257
1663 1670 1257
1664 1682 1257
1664 1745 1257
1664 1765 1257
1664 1779 1257
1665 1698 1257
1684 1697 1257
1695 1920 1257
1697 1912 1257
1702 1887 1257
1706 1883 1257
1706 1887 1257
1706 1897 1257
1709 1719 1257
1719 1795 1257
1719 1822 1257
1732 1887 1257
1738 1780 1257
1739 1743 1257
1743 1749 1257
1743 1858 1257
1749 1858 1257
1801 1859 1257
1851 1854 1257
1854 1855 1257
1865 1888 1257
1872 1890 1257
1883 1897 1257
1890 1898 1257
1429 1465 1258
1437 1563 1258
1451 1493 1258
1461 1495 1258
1486 1585 1258
1500 1837 1258
1524 1815 1258
1525 1837 1258
1528 1545 1258
1538 1705 1258
1663 1670 1258
1663 1745 1258
1664 1682 1258
1664 1745 1258
1664 1765 1258
1664 1779 1258
1665 1698 1258
1665 1908 1258
1666 1745 1258
1666 1779 1258
1674 1675 1258
1674 1912 1258
1682 1745 1258
1682 1765 1258
1697 1765 1258
1702 1706 1258
1702 1732 1258
1704 1713 1258
1706 1851 1258
1709 1822 1258
1719 1822 1258
1719 1859 1258
1738 1780 1258
1743 1749 1258
1801 1859 1258
1802 1821 1258
1851 1854 1258
1851 1855 1258
1854 1855 1258
1883 1897 1258
1885 1892 1258
1890 1898 1258
1468 1502 1259
1480 1489 1259
1486 1585 1259
1500 1525 1259
1500 1837 1259
1524 1815 1259
1524 1837 1259
1532 1618 1259
1533 1705 1259
1538 1705 1259
1549 1797 1259
1604 1648 1259
1606 1616 1259
1613 1648 1259
1663 1670 1259
1663 1745 1259
1664 1745 1259
1664 1765 1259
1664 1779 1259
1666 1680 1259
1666 1688 1259
1674 1912 1259
1702 1706 1259
1706 1897 1259
1709 1822 1259
1719 1859 1259
1737 1738 1259
1738 1780 1259
1743 1749 1259
1745 1779 1259
1765 1779 1259
1851 1854 1259
1851 1855 1259
1851 1858 1259
1854 1855 1259
1427 1465 1260
1443 1475 1260
1480 1489 1260
1500 1618 1260
1524 1539 1260
1533 1546 1260
1538 1539 1260
1538 1653 1260
1539 1653 1260
1549 1797 1260
1606 1616 1260
1650 1710 1260
1656 1920 1260
1661 1665 1260
1661 1688 1260
1663 1765 1260
1663 1779 1260
1664 1745 1260
1664 1765 1260
1664 1779 1260
1673 1908 1260
1674 1675 1260
1680 1688 1260
1695 1920 1260
1702 1706 1260
1702 1887 1260
1706 1851 1260
1709 1822 1260
1719 1741 1260
1732 1854 1260
1732 1887 1260
1737 1738 1260
1738 1780 1260
1738 1909 1260
1739 1743 1260
1739 1858 1260
1739 1861 1260
1745 1765 1260
1745 1779 1260
1748 1763 1260
1765 1779 1260
1851 1854 1260
1854 1887 1260
1858 1861 1260
1877 1890 1260
1439 1480 1261
1457 1498 1261
1468 1502 1261
1504 1519 1261
1549 1797 1261
1601 1892 1261
1606 1616 1261
1656 1688 1261
1661 1681 1261
1661 1687 1261
1663 1745 1261
1663 1765 1261
1664 1675 1261
1664 1682 1261
1664 1745 1261
1664 1765 1261
1665 1681 1261
1670 1674 1261
1670 1675 1261
1670 1697 1261
1673 1908 1261
1674 1675 1261
1674 1912 1261
1675 1745 1261
1682 1765 1261
1684 1765 1261
1688 1908 1261
1697 1912 1261
1702 1897 1261
1706 1889 1261
1719 1741 1261
1719 1859 1261
1732 1887 1261
1739 1858 1261
1749 1854 1261
1749 1858 1261
1749 1861 1261
1749 1883 1261
1821 1857 1261
1851 1854 1261
1854 1858 1261
1858 1861 1261
1890 1898 1261
1429 1465 1262
1429 1475 1262
1430 1482 1262
1431 1437 1262
1431 1471 1262
1437 1563 1262
1439 1480 1262
1443 1475 1262
1457 1498 1262
1468 1502 1262
1477 1502 1262
1486 1585 1262
1613 1628 1262
1650 1883 1262
1650 1887 1262
1656 1920 1262
1661 1673 1262
1661 1684 1262
1663 1670 1262
1663 1745 1262
1664 1680 1262
1664 1684 1262
1664 1696 1262
1665 1688 1262
1665 1697 1262
1665 1912 1262
1670 1682 1262
1673 1674 1262
1675 1695 1262
1680 1696 1262
1681 1688 1262
1682 1687 1262
1697 1912 1262
1702 1749 1262
1714 1719 1262
1738 1780 1262
1749 1883 1262
1749 1887 1262
1749 1897 1262
1782 1820 1262
1821 1857 1262
1858 1861 1262
1865 1888 1262
1883 1897 1262
1890 1898 1262
1427 1437 1263
1427 1563 1263
1429 1439 1263
1430 1435 1263
1435 1471 1263
1435 1592 1263
1437 1563 1263
1439 1480 1263
1441 1563 1263
1441 1578 1263
1458 1637 1263
1471 1563 1263
1475 1824 1263
1477 1502 1263
1486 1585 1263
1528 1705 1263
1606 1616 1263
1625 1911 1263
1656 1665 1263
1661 1673 1263
1661 1674 1263
1661 1687 1263
1663 1670 1263
1663 1674 1263
1663 1745 1263
1664 1675 1263
1664 1681 1263
1664 1695 1263
1665 1765 1263
1666 1698 1263
1670 1687 1263
1673 1681 1263
1673 1912 1263
1675 1681 1263
1675 1695 1263
1680 1908 1263
1681 1698 1263
1682 1687 1263
1684 1698 1263
1695 1779 1263
1695 1920 1263
1697 1912 1263
1698 1779 1263
1702 1708 1263
1719 1748 1263
1765 1779 1263
1782 1820 1263
1858 1872 1263
1865 1888 1263
1872 1898 1263
1877 1890 1263
1877 1898 1263
1887 1897 1263
1890 1898 1263
1426 1429 1264
1427 1429 1264
1427 1578 1264
1429 1471 1264
1429 1489 1264
1430 1437 1264
1430 1563 1264
1431 1434 1264
1431 1437 1264
1431 1489 1264
1435 1471 1264
1435 1489 1264
1457 1459 1264
1458 1637 1264
1471 1592 1264
1486 1563 1264
1486 1585 1264
1528 1705 1264
1539 1815 1264
1546 1618 1264
1606 1616 1264
1613 1628 1264
1613 1911 1264
1628 1902 1264
1628 1916 1264
1656 1665 1264
1656 1920 1264
1661 1682 1264
1663 1670 1264
1663 1674 1264
1663 1687 1264
1664 1665 1264
1665 1765 1264
1670 1674 1264
1673 1908 1264
1674 1687 1264
1675 1688 1264
1675 1695 1264
1675 1920 1264
1680 1682 1264
1681 1696 1264
1682 1687 1264
1697 1912 1264
1713 1863 1264
1714 1719 1264
1719 1748 1264
1738 1780 1264
1739 1877 1264
1865 1888 1264
1877 1890 1264
1890 1898 1264
1426 1439 1265
1426 1486 1265
1427 1578 1265
1429 1431 1265
1429 1489 1265
1431 1578 1265
1439 1486 1265
1457 1498 1265
1477 1502 1265
1480 1563 1265
1486 1585 1265
1500 1837 1265
1503 1815 1265
1504 1533 1265
1504 1837 1265
1524 1539 1265
1528 1705 1265
1533 1618 1265
1538 1539 1265
1539 1705 1265
1545 1548 1265
1606 1616 1265
1628 1916 1265
1650 1897 1265
1656 1682 1265
1656 1697 1265
1656 1912 1265
1661 1674 1265
1661 1687 1265
1661 1908 1265
1663 1674 1265
1663 1684 1265
1664 1675 1265
1670 1698 1265
1673 1680 1265
1673 1698 1265
1675 1920 1265
1681 1687 1265
1688 1920 1265
1695 1920 1265
1697 1912 1265
1702 1854 1265
1702 1889 1265
1704 1887 1265
1714 1719 1265
1719 1748 1265
1738 1780 1265
1739 1877 1265
1739 1898 1265
1743 1887 1265
1765 1779 1265
1802 1821 1265
1877 1890 1265
1887 1898 1265
1431 1434 1266
1435 1578 1266
1437 1486 1266
1439 1486 1266
1443 1475 1266
1458 1637 1266
1475 1489 1266
1477 1502 1266
1486 1585 1266
1489 1824 1266
1504 1519 1266
1504 1653 1266
1525 1549 1266
1525 1618 1266
1533 1618 1266
1538 1539 1266
1545 1548 1266
1618 1837 1266
1625 1911 1266
1653 1837 1266
1656 1682 1266
1663 1674 1266
1663 1698 1266
1664 1675 1266
1665 1670 1266
1665 1912 1266
1673 1682 1266
1674 1687 1266
1674 1698 1266
1675 1688 1266
1680 1688 1266
1680 1908 1266
1682 1687 1266
1684 1688 1266
1698 1912 1266
1708 1743 1266
1801 1822 1266
1802 1821 1266
1877 1890 1266
1427 1429 1267
1427 1437 1267
1427 1465 1267
1429 1439 1267
1429 1465 1267
1435 1578 1267
1437 1563 1267
1439 1486 1267
1439 1585 1267
1443 1475 1267
1458 1501 1267
1477 1502 1267
1480 1489 1267
1486 1585 1267
1500 1533 1267
1500 1797 1267
1500 1837 1267
1502 1520 1267
1503 1815 1267
1504 1519 1267
1504 1653 1267
1528 1705 1267
1528 1797 1267
1533 1653 1267
1538 1539 1267
1545 1548 1267
1545 1815 1267
1546 1705 1267
1551 1552 1267
1551 1579 1267
1552 1746 1267
1618 1837 1267
1625 1916 1267
1628 1916 1267
1641 1916 1267
1663 1684 1267
1663 1779 1267
1664 1675 1267
1674 1675 1267
1674 1765 1267
1681 1908 1267
1707 1735 1267
1708 1743 1267
1709 1719 1267
1719 1833 1267
1738 1909 1267
1743 1887 1267
1745 1908 1267
1748 1833 1267
1779 1920 1267
1852 1902 1267
1877 1890 1267
1426 1427 1268
1426 1429 1268
1427 1429 1268
1427 1465 1268
1429 1465 1268
1437 1563 1268
1439 1480 1268
1439 1486 1268
1458 1501 1268
1486 1585 1268
1500 1533 1268
1504 1519 1268
1504 1533 1268
1504 1837 1268
1524 1539 1268
1525 1549 1268
1528 1545 1268
1528 1705 1268
1533 1837 1268
1539 1815 1268
1549 1730 1268
1551 1579 1268
1552 1746 1268
1555 1735 1268
1558 1562 1268
1560 1572 1268
1564 1580 1268
1567 1700 1268
1570 1712 1268
1570 1727 1268
1572 1579 1268
1574 1685 1268
1574 1700 1268
1594 1727 1268
1604 1648 1268
1606 1906 1268
1617 1641 1268
1618 1653 1268
1618 1837 1268
1625 1902 1268
1653 1837 1268
1656 1765 1268
1663 1698 1268
1697 1698 1268
1708 1743 1268
1743 1887 1268
1765 1908 1268
1779 1920 1268
1877 1890 1268
1426 1427 1269
1427 1431 1269
1427 1465 1269
1431 1592 1269
1435 1443 1269
1435 1578 1269
1437 1439 1269
1437 1563 1269
1439 1486 1269
1443 1475 1269
1458 1461 1269
1471 1475 1269
1486 1585 1269
1486 1618 1269
1500 1504 1269
1500 1533 1269
1500 1837 1269
1503 1548 1269
1504 1519 1269
1504 1653 1269
1521 1802 1269
1525 1618 1269
1525 1730 1269
1525 1837 1269
1528 1705 1269
1533 1653 1269
1533 1837 1269
1545 1548 1269
1548 1815 1269
1549 1730 1269
1551 1579 1269
1552 1558 1269
1552 1562 1269
1555 1567 1269
1555 1685 1269
1558 1562 1269
1560 1572 1269
1560 1700 1269
1567 1685 1269
1570 1735 1269
1572 1700 1269
1604 1606 1269
1606 1906 1269
1613 1643 1269
1613 1902 1269
1617 1641 1269
1618 1837 1269
1643 1648 1269
1649 1906 1269
1665 1920 1269
1670 1674 1269
1705 1797 1269
1707 1731 1269
1708 1743 1269
1709 1833 1269
1737 1738 1269
1743 1887 1269
1765 1908 1269
1797 1815 1269
1818 1835 1269
1877 1890 1269
1427 1434 1270
1429 1431 1270
1429 1465 1270
1430 1435 1270
1430 1439 1270
1434 1443 1270
1435 1578 1270
1435 1592 1270
1437 1439 1270
1437 1563 1270
1458 1637 1270
1503 1578 1270
1504 1539 1270
1528 1538 1270
1528 1539 1270
1538 1539 1270
1538 1653 1270
1551 1579 1270
1552 1558 1270
1552 1562 1270
1555 1735 1270
1558 1562 1270
1560 1572 1270
1560 1574 1270
1560 1700 1270
1572 1574 1270
1572 1700 1270
1574 1700 1270
1578 1592 1270
1606 1906 1270
1625 1628 1270
1649 1906 1270
1656 1674 1270
1661 1682 1270
1663 1698 1270
1664 1675 1270
1666 1682 1270
1708 1743 1270
1719 1741 1270
1737 1909 1270
1743 1887 1270
1745 1912 1270
1802 1821 1270
1821 1866 1270
1822 1859 1270
1877 1890 1270
1902 1906 1270
1426 1431 1271
1426 1439 1271
1427 1429 1271
1427 1434 1271
1429 1533 1271
1429 1837 1271
1430 1439 1271
1431 1443 1271
1435 1471 1271
1435 1475 1271
1435 1503 1271
1435 1592 1271
1437 1563 1271
1458 1468 1271
1458 1637 1271
1461 1501 1271
1468 1477 1271
1471 1486 1271
1486 1585 1271
1489 1525 1271
1489 1837 1271
1500 1503 1271
1501 1751 1271
1503 1824 1271
1504 1539 1271
1525 1538 1271
1533 1618 1271
1533 1837 1271
1539 1705 1271
1545 1548 1271
1551 1579 1271
1551 1707 1271
1558 1562 1271
1560 1572 1271
1560 1700 1271
1563 1824 1271
1572 1574 1271
1572 1700 1271
1574 1700 1271
1578 1592 1271
1613 1907 1271
1625 1628 1271
1643 1648 1271
1649 1906 1271
1661 1663 1271
1663 1665 1271
1663 1779 1271
1663 1920 1271
1665 1920 1271
1673 1687 1271
1680 1697 1271
1684 1697 1271
1684 1745 1271
1684 1779 1271
1687 1698 1271
1697 1779 1271
1697 1912 1271
1708 1743 1271
1719 1741 1271
1743 1887 1271
1779 1920 1271
1877 1890 1271
1426 1429 1272
1426 1439 1272
1427 1824 1272
1429 1430 1272
1431 1437 1272
1431 1480 1272
1435 1471 1272
1435 1578 1272
1437 1480 1272
1451 1493 1272
1452 1468 1272
1452 1477 1272
1458 1477 1272
1458 1520 1272
1458 1522 1272
1461 1637 1272
1468 1522 1272
1471 1578 1272
1475 1585 1272
1475 1592 1272
1482 1585 1272
1533 1815 1272
1533 1837 1272
1549 1618 1272
1551 1579 1272
1551 1594 1272
1551 1707 1272
1551 1731 1272
1552 1558 1272
1552 1562 1272
1560 1572 1272
1560 1574 1272
1560 1580 1272
1560 1700 1272
1570 1727 1272
1572 1574 1272
1572 1700 1272
1574 1700 1272
1594 1731 1272
1625 1628 1272
1643 1648 1272
1649 1906 1272
1656 1765 1272
1661 1682 1272
1661 1687 1272
1663 1920 1272
1664 1675 1272
1665 1779 1272
1665 1920 1272
1668 1751 1272
1673 1682 1272
1682 1687 1272
1682 1779 1272
1697 1912 1272
1708 1743 1272
1712 1727 1272
1743 1887 1272
1748 1833 1272
1763 1822 1272
1765 1908 1272
1779 1920 1272
1877 1890 1272
1452 1458 1273
1459 1668 1273
1468 1516 1273
1468 1637 1273
1475 1592 1273
1479 1522 1273
1486 1578 1273
1486 1585 1273
1493 1637 1273
1504 1618 1273
1504 1730 1273
1516 1520 1273
1546 1549 1273
1546 1730 1273
1549 1730 1273
1551 1731 1273
1555 1567 1273
1558 1574 1273
1558 1727 1273
1560 1572 1273
1560 1700 1273
1567 1735 1273
1572 1700 1273
1579 1707 1273
1609 1917 1273
1661 1682 1273
1664 1675 1273
1665 1920 1273
1668 1751 1273
1673 1682 1273
1673 1687 1273
1680 1688 1273
1682 1687 1273
1684 1698 1273
1708 1743 1273
1743 1887 1273
1877 1890 1273
1427 1578 1274
1429 1430 1274
1429 1578 1274
1429 1824 1274
1430 1465 1274
1431 1437 1274
1431 1563 1274
1435 1437 1274
1435 1471 1274
1435 1824 1274
1451 1459 1274
1451 1501 1274
1452 1458 1274
1459 1668 1274
1475 1592 1274
1486 1578 1274
1489 1532 1274
1501 1637 1274
1548 1705 1274
1551 1552 1274
1551 1579 1274
1551 1594 1274
1552 1562 1274
1552 1574 1274
1555 1567 1274
1555 1685 1274
1562 1574 1274
1562 1700 1274
1567 1685 1274
1567 1735 1274
1579 1594 1274
1579 1707 1274
1594 1707 1274
1594 1731 1274
1617 1641 1274
1617 1911 1274
1656 1675 1274
1661 1682 1274
1661 1687 1274
1661 1779 1274
1665 1920 1274
1668 1751 1274
1673 1682 1274
1681 1765 1274
1681 1908 1274
1685 1735 1274
1708 1743 1274
1737 1909 1274
1743 1887 1274
1765 1908 1274
1822 1838 1274
1822 1909 1274
1877 1890 1274
1426 1439 1275
1426 1480 1275
1427 1437 1275
1427 1439 1275
1431 1443 1275
1431 1480 1275
1434 1471 1275
1435 1471 1275
1435 1482 1275
1435 1563 1275
1435 1585 1275
1437 1439 1275
1437 1563 1275
1439 1480 1275
1451 1459 1275
1452 1458 1275
1457 1520 1275
1457 1522 1275
1459 1477 1275
1461 1751 1275
1468 1495 1275
1471 1824 1275
1480 1585 1275
1486 1578 1275
1532 1618 1275
1551 1579 1275
1551 1707 1275
1552 1562 1275
1562 1574 1275
1567 1735 1275
1579 1594 1275
1579 1707 1275
1585 1824 1275
1594 1707 1275
1661 1682 1275
1661 1920 1275
1663 1698 1275
1673 1682 1275
1680 1765 1275
1681 1908 1275
1682 1687 1275
1682 1920 1275
1707 1731 1275
1708 1743 1275
1709 1737 1275
1709 1909 1275
1719 1801 1275
1737 1909 1275
1743 1887 1275
1765 1908 1275
1821 1857 1275
1877 1890 1275
1911 1916 1275
1426 1480 1276
1429 1430 1276
1429 1465 1276
1430 1824 1276
1431 1563 1276
1434 1435 1276
1435 1471 1276
1435 1482 1276
1437 1443 1276
1437 1563 1276
1443 1563 1276
1471 1482 1276
1475 1482 1276
1475 1592 1276
1480 1486 1276
1482 1585 1276
1486 1585 1276
1486 1824 1276
1503 1730 1276
1551 1579 1276
1551 1594 1276
1551 1707 1276
1551 1731 1276
1579 1594 1276
1579 1731 1276
1617 1641 1276
1656 1670 1276
1661 1673 1276
1663 1698 1276
1664 1675 1276
1681 1908 1276
1708 1743 1276
1709 1737 1276
1709 1909 1276
1719 1801 1276
1719 1859 1276
1743 1887 1276
1765 1908 1276
1821 1857 1276
1865 1888 1276
1877 1890 1276
1427 1439 1277
1429 1430 1277
1430 1443 1277
1431 1437 1277
1435 1471 1277
1435 1578 1277
1437 1443 1277
1437 1563 1277
1439 1480 1277
1443 1563 1277
1452 1477 1277
1482 1486 1277
1482 1585 1277
1520 1522 1277
1552 1562 1277
1552 1574 1277
1562 1574 1277
1579 1594 1277
1594 1707 1277
1613 1628 1277
1617 1641 1277
1643 1648 1277
1656 1670 1277
1661 1673 1277
1661 1682 1277
1663 1698 1277
1664 1675 1277
1664 1680 1277
1687 1920 1277
1708 1743 1277
1719 1822 1277
1719 1859 1277
1741 1822 1277
1743 1887 1277
1748 1822 1277
1748 1833 1277
1765 1908 1277
1801 1859 1277
1818 1835 1277
1877 1890 1277
1426 1429 1278
1426 1439 1278
1427 1434 1278
1427 1439 1278
1429 1465 1278
1431 1443 1278
1431 1563 1278
1435 1471 1278
1437 1563 1278
1439 1480 1278
1443 1563 1278
1452 1477 1278
1482 1585 1278
1551 1579 1278
1552 1562 1278
1552 1574 1278
1562 1574 1278
1579 1594 1278
1613 1907 1278
1617 1641 1278
1661 1673 1278
1664 1675 1278
1674 1765 1278
1680 1688 1278
1702 1889 1278
1708 1743 1278
1719 1741 1278
1719 1748 1278
1737 1909 1278
1743 1887 1278
1748 1820 1278
1763 1838 1278
1763 1909 1278
1765 1908 1278
1801 1822 1278
1801 1859 1278
1821 1857 1278
1838 1909 1278
1877 1890 1278
1426 1429 1279
1426 1480 1279
1427 1431 1279
1427 1439 1279
1427 1480 1279
1429 1430 1279
1429 1437 1279
1429 1578 1279
1431 1437 1279
1431 1443 1279
1437 1563 1279
1439 1480 1279
1443 1480 1279
1443 1578 1279
1457 1458 1279
1551 1579 1279
1551 1707 1279
1552 1562 1279
1552 1574 1279
1562 1574 1279
1613 1628 1279
1661 1682 1279
1663 1665 1279
1674 1765 1279
1681 1908 1279
1708 1743 1279
1737 1909 1279
1743 1887 1279
1765 1908 1279
1822 1859 1279
1838 1909 1279
1877 1890 1279
1427 1480 1280
1427 1563 1280
1427 1824 1280
1429 1465 1280
1429 1563 1280
1431 1443 1280
1435 1471 1280
1437 1563 1280
1439 1480 1280
1451 1501 1280
1453 1457 1280
1457 1458 1280
1458 1520 1280
1468 1516 1280
1477 1520 1280
1493 1501 1280
1533 1705 1280
1551 1731 1280
1552 1562 1280
1552 1574 1280
1563 1578 1280
1570 1727 1280
1579 1707 1280
1594 1707 1280
1656 1670 1280
1656 1674 1280
1661 1673 1280
1661 1682 1280
1663 1665 1280
1673 1682 1280
1680 1688 1280
1708 1743 1280
1719 1748 1280
1719 1843 1280
1722 1800 1280
1737 1909 1280
1743 1887 1280
1748 1833 1280
1763 1909 1280
1780 1822 1280
1820 1833 1280
1822 1859 1280
1877 1890 1280
1426 1439 1281
1426 1480 1281
1435 1471 1281
1468 1516 1281
1503 1524 1281
1528 1546 1281
1546 1705 1281
1552 1562 1281
1552 1574 1281
1563 1824 1281
1567 1735 1281
1579 1707 1281
1594 1707 1281
1594 1731 1281
1656 1675 1281
1661 1682 1281
1663 1665 1281
1663 1920 1281
1664 1680 1281
1665 1920 1281
1670 1674 1281
1673 1682 1281
1680 1688 1281
1707 1731 1281
1708 1743 1281
1719 1720 1281
1719 1741 1281
1720 1801 1281
1737 1909 1281
1763 1909 1281
1779 1920 1281
1877 1890 1281
1452 1477 1282
1453 1457 1282
1468 1516 1282
1551 1731 1282
1552 1562 1282
1562 1574 1282
1567 1735 1282
1579 1594 1282
1594 1707 1282
1656 1674 1282
1661 1682 1282
1663 1698 1282
1665 1920 1282
1673 1682 1282
1697 1912 1282
1708 1743 1282
1719 1748 1282
1719 1859 1282
1720 1801 1282
1737 1909 1282
1741 1843 1282
1743 1887 1282
1748 1838 1282
1763 1909 1282
1782 1859 1282
1821 1866 1282
1877 1890 1282
1429 1465 1283
1429 1578 1283
1437 1486 1283
1452 1458 1283
1458 1477 1283
1468 1516 1283
1475 1746 1283
1482 1585 1283
1502 1520 1283
1551 1579 1283
1552 1562 1283
1552 1574 1283
1563 1592 1283
1564 1580 1283
1567 1735 1283
1656 1674 1283
1656 1675 1283
1661 1682 1283
1663 1698 1283
1673 1682 1283
1674 1765 1283
1680 1688 1283
1681 1765 1283
1697 1765 1283
1707 1731 1283
1708 1743 1283
1719 1748 1283
1737 1909 1283
1743 1887 1283
1748 1833 1283
1765 1908 1283
1801 1859 1283
1820 1833 1283
1838 1909 1283
1877 1890 1283
1427 1592 1284
1429 1431 1284
1429 1563 1284
1430 1480 1284
1430 1707 1284
1452 1458 1284
1468 1495 1284
1468 1516 1284
1480 1707 1284
1502 1520 1284
1503 1815 1284
1551 1707 1284
1552 1562 1284
1552 1574 1284
1562 1574 1284
1563 1650 1284
1570 1712 1284
1625 1628 1284
1661 1682 1284
1665 1920 1284
1681 1908 1284
1681 1912 1284
1697 1908 1284
1708 1743 1284
1712 1727 1284
1714 1795 1284
1719 1748 1284
1719 1859 1284
1743 1887 1284
1763 1909 1284
1795 1822 1284
1801 1859 1284
1838 1909 1284
1852 1902 1284
1877 1890 1284
1427 1578 1285
1429 1431 1285
1430 1551 1285
1430 1707 1285
1435 1471 1285
1437 1563 1285
1437 1650 1285
1458 1477 1285
1468 1516 1285
1480 1824 1285
1551 1707 1285
1551 1731 1285
1552 1562 1285
1552 1574 1285
1562 1574 1285
1570 1712 1285
1656 1674 1285
1661 1673 1285
1661 1682 1285
1665 1920 1285
1707 1731 1285
1708 1743 1285
1712 1727 1285
1737 1909 1285
1743 1887 1285
1748 1833 1285
1763 1909 1285
1782 1833 1285
1801 1859 1285
1852 1902 1285
1877 1890 1285
1427 1592 1286
1431 1482 1286
1431 1592 1286
1437 1563 1286
1452 1477 1286
1468 1516 1286
1479 1522 1286
1486 1563 1286
1538 1618 1286
1551 1707 1286
1551 1731 1286
1552 1562 1286
1552 1574 1286
1562 1574 1286
1567 1735 1286
1570 1712 1286
1578 1592 1286
1579 1594 1286
1613 1628 1286
1656 1674 1286
1661 1673 1286
1661 1682 1286
1681 1765 1286
1682 1687 1286
1697 1908 1286
1708 1743 1286
1712 1727 1286
1722 1833 1286
1741 1843 1286
1743 1887 1286
1763 1838 1286
1765 1908 1286
1782 1833 1286
1795 1859 1286
1801 1859 1286
1877 1890 1286
1426 1574 1287
1427 1431 1287
1429 1437 1287
1429 1563 1287
1437 1563 1287
1443 1480 1287
1452 1477 1287
1468 1516 1287
1471 1592 1287
1486 1585 1287
1486 1700 1287
1551 1579 1287
1551 1585 1287
1551 1594 1287
1551 1731 1287
1552 1562 1287
1552 1574 1287
1552 1735 1287
1558 1580 1287
1562 1735 1287
1567 1735 1287
1570 1712 1287
1574 1735 1287
1650 1824 1287
1656 1675 1287
1661 1682 1287
1670 1675 1287
1681 1765 1287
1682 1687 1287
1697 1908 1287
1708 1743 1287
1712 1727 1287
1719 1748 1287
1719 1838 1287
1737 1909 1287
1743 1887 1287
1765 1908 1287
1765 1912 1287
1818 1835 1287
1838 1909 1287
1857 1866 1287
1877 1890 1287
1429 1437 1288
1429 1486 1288
1429 1563 1288
1434 1480 1288
1458 1477 1288
1468 1516 1288
1479 1522 1288
1551 1594 1288
1551 1707 1288
1551 1731 1288
1552 1562 1288
1552 1574 1288
1564 1735 1288
1567 1712 1288
1567 1735 1288
1570 1712 1288
1578 1585 1288
1579 1731 1288
1594 1731 1288
1656 1670 1288
1656 1674 1288
1656 1675 1288
1661 1682 1288
1681 1765 1288
1682 1687 1288
1697 1908 1288
1708 1743 1288
1712 1727 1288
1719 1748 1288
1743 1887 1288
1748 1833 1288
1818 1835 1288
1820 1833 1288
1838 1909 1288
1877 1890 1288
1427 1429 1289
1427 1431 1289
1427 1465 1289
1429 1431 1289
1429 1439 1289
1431 1578 1289
1434 1443 1289
1434 1475 1289
1434 1480 1289
1443 1475 1289
1452 1477 1289
1458 1477 1289
1468 1516 1289
1471 1578 1289
1471 1592 1289
1479 1522 1289
1551 1707 1289
1552 1562 1289
1552 1574 1289
1558 1580 1289
1562 1574 1289
1567 1712 1289
1570 1712 1289
1579 1707 1289
1594 1731 1289
1606 1906 1289
1656 1674 1289
1661 1682 1289
1665 1920 1289
1674 1765 1289
1680 1688 1289
1682 1687 1289
1697 1908 1289
1697 1912 1289
1708 1743 1289
1712 1727 1289
1719 1748 1289
1737 1780 1289
1743 1887 1289
1818 1835 1289
1820 1833 1289
1838 1859 1289
1877 1890 1289
1888 1892 1289
1908 1912 1289
1911 1916 1289
1427 1431 1290
1427 1441 1290
1427 1486 1290
1429 1431 1290
1429 1563 1290
1431 1465 1290
1434 1475 1290
1435 1486 1290
1435 1592 1290
1439 1471 1290
1439 1482 1290
1439 1578 1290
1439 1585 1290
1452 1477 1290
1458 1477 1290
1461 1751 1290
1468 1516 1290
1471 1585 1290
1475 1480 1290
1551 1579 1290
1551 1707 1290
1552 1562 1290
1552 1574 1290
1562 1574 1290
1570 1712 1290
1578 1592 1290
1661 1682 1290
1663 1698 1290
1680 1688 1290
1697 1765 1290
1712 1727 1290
1737 1909 1290
1833 1838 1290
1838 1859 1290
1429 1435 1291
1429 1439 1291
1429 1592 1291
1431 1465 1291
1434 1475 1291
1434 1480 1291
1435 1439 1291
1443 1475 1291
1452 1477 1291
1458 1477 1291
1465 1592 1291
1468 1516 1291
1475 1480 1291
1532 1538 1291
1552 1562 1291
1567 1735 1291
1570 1712 1291
1649 1906 1291
1661 1682 1291
1663 1684 1291
1673 1682 1291
1680 1688 1291
1680 1908 1291
1682 1687 1291
1684 1697 1291
1709 1859 1291
1719 1801 1291
1737 1909 1291
1748 1833 1291
1801 1822 1291
1833 1859 1291
1427 1465 1292
1427 1563 1292
1429 1431 1292
1429 1437 1292
1431 1437 1292
1434 1443 1292
1434 1475 1292
1434 1480 1292
1437 1465 1292
1437 1563 1292
1439 1585 1292
1443 1475 1292
1443 1480 1292
1452 1477 1292
1461 1751 1292
1468 1516 1292
1471 1482 1292
1475 1480 1292
1479 1522 1292
1482 1578 1292
1489 1824 1292
1562 1574 1292
1562 1685 1292
1567 1735 1292
1570 1712 1292
1578 1650 1292
1594 1707 1292
1650 1863 1292
1661 1682 1292
1663 1684 1292
1663 1779 1292
1673 1682 1292
1709 1859 1292
1712 1727 1292
1737 1909 1292
1748 1833 1292
1857 1866 1292
1434 1443 1293
1434 1475 1293
1434 1480 1293
1437 1465 1293
1437 1563 1293
1439 1585 1293
1443 1475 1293
1443 1480 1293
1452 1477 1293
1458 1477 1293
1471 1482 1293
1475 1480 1293
1489 1824 1293
1538 1618 1293
1551 1594 1293
1560 1572 1293
1562 1574 1293
1562 1685 1293
1570 1712 1293
1574 1685 1293
1579 1707 1293
1580 1735 1293
1594 1707 1293
1650 1863 1293
1661 1682 1293
1663 1684 1293
1663 1698 1293
1663 1779 1293
1670 1696 1293
1681 1765 1293
1682 1687 1293
1697 1912 1293
1712 1727 1293
1748 1833 1293
1748 1859 1293
1765 1912 1293
1833 1859 1293
1857 1866 1293
1865 1892 1293
1427 1439 1294
1427 1465 1294
1427 1563 1294
1429 1437 1294
1434 1443 1294
1434 1475 1294
1434 1480 1294
1443 1475 1294
1443 1480 1294
1452 1458 1294
1458 1477 1294
1471 1482 1294
1471 1585 1294
1475 1480 1294
1482 1585 1294
1551 1594 1294
1552 1685 1294
1555 1567 1294
1555 1735 1294
1562 1574 1294
1570 1712 1294
1656 1765 1294
1661 1673 1294
1661 1682 1294
1663 1697 1294
1663 1698 1294
1670 1696 1294
1682 1687 1294
1697 1912 1294
1707 1731 1294
1712 1727 1294
1719 1782 1294
1748 1859 1294
1818 1835 1294
1857 1866 1294
1427 1431 1295
1429 1431 1295
1429 1437 1295
1429 1563 1295
1431 1563 1295
1434 1475 1295
1434 1480 1295
1435 1585 1295
1437 1439 1295
1437 1563 1295
1443 1475 1295
1443 1480 1295
1452 1458 1295
1458 1477 1295
1468 1516 1295
1471 1482 1295
1475 1480 1295
1551 1594 1295
1551 1707 1295
1551 1731 1295
1552 1685 1295
1555 1567 1295
1562 1685 1295
1570 1712 1295
1572 1700 1295
1574 1685 1295
1579 1707 1295
1594 1731 1295
1661 1673 1295
1661 1682 1295
1664 1680 1295
1670 1696 1295
1681 1745 1295
1682 1687 1295
1697 1912 1295
1712 1727 1295
1719 1748 1295
1723 1741 1295
1741 1843 1295
1745 1912 1295
1748 1833 1295
1748 1838 1295
1427 1431 1296
1427 1465 1296
1431 1437 1296
1431 1465 1296
1434 1443 1296
1435 1439 1296
1437 1465 1296
1437 1563 1296
1443 1475 1296
1452 1458 1296
1458 1477 1296
1458 1502 1296
1468 1516 1296
1471 1592 1296
1479 1522 1296
1480 1574 1296
1480 1863 1296
1482 1551 1296
1493 1520 1296
1551 1594 1296
1551 1707 1296
1552 1562 1296
1562 1574 1296
1562 1685 1296
1570 1712 1296
1574 1685 1296
1617 1641 1296
1625 1902 1296
1656 1661 1296
1661 1673 1296
1661 1682 1296
1661 1687 1296
1663 1698 1296
1664 1680 1296
1666 1695 1296
1673 1682 1296
1682 1687 1296
1712 1727 1296
1719 1748 1296
1719 1859 1296
1782 1859 1296
1818 1821 1296
1427 1431 1297
1427 1465 1297
1431 1437 1297
1431 1563 1297
1434 1475 1297
1434 1480 1297
1435 1578 1297
1437 1563 1297
1439 1592 1297
1443 1480 1297
1452 1458 1297
1458 1477 1297
1475 1480 1297
1486 1592 1297
1551 1594 1297
1551 1707 1297
1552 1562 1297
1555 1567 1297
1570 1712 1297
1574 1685 1297
1594 1707 1297
1594 1731 1297
1656 1661 1297
1656 1670 1297
1661 1673 1297
1661 1682 1297
1664 1680 1297
1673 1687 1297
1681 1765 1297
1682 1687 1297
1697 1765 1297
1719 1748 1297
1719 1782 1297
1719 1859 1297
1737 1738 1297
1763 1780 1297
1779 1920 1297
1780 1800 1297
1805 1880 1297
1426 1430 1298
1427 1465 1298
1431 1465 1298
1434 1443 1298
1434 1480 1298
1437 1563 1298
1439 1578 1298
1441 1471 1298
1443 1475 1298
1452 1458 1298
1452 1477 1298
1458 1477 1298
1461 1751 1298
1465 1563 1298
1475 1480 1298
1479 1522 1298
1482 1585 1298
1486 1585 1298
1502 1520 1298
1551 1594 1298
1551 1731 1298
1572 1700 1298
1579 1594 1298
1606 1906 1298
1609 1917 1298
1661 1673 1298
1661 1682 1298
1663 1698 1298
1663 1779 1298
1664 1680 1298
1668 1751 1298
1673 1687 1298
1674 1765 1298
1680 1688 1298
1682 1687 1298
1697 1765 1298
1697 1912 1298
1719 1748 1298
1719 1782 1298
1719 1859 1298
1730 1815 1298
1780 1800 1298
1427 1563 1299
1431 1437 1299
1434 1443 1299
1434 1475 1299
1435 1439 1299
1443 1475 1299
1451 1501 1299
1458 1477 1299
1461 1751 1299
1468 1516 1299
1471 1482 1299
1479 1522 1299
1525 1528 1299
1538 1815 1299
1551 1579 1299
1551 1707 1299
1574 1685 1299
1579 1707 1299
1656 1675 1299
1661 1673 1299
1661 1682 1299
1661 1687 1299
1663 1665 1299
1665 1920 1299
1673 1682 1299
1673 1687 1299
1680 1688 1299
1681 1765 1299
1681 1908 1299
1682 1687 1299
1697 1698 1299
1697 1765 1299
1697 1912 1299
1698 1745 1299
1719 1782 1299
1719 1859 1299
1765 1908 1299
1782 1859 1299
1820 1833 1299
1857 1866 1299
1911 1916 1299
1431 1563 1300
1434 1443 1300
1435 1439 1300
1443 1475 1300
1452 1477 1300
1459 1498 1300
1461 1751 1300
1468 1516 1300
1479 1522 1300
1482 1585 1300
1486 1585 1300
1525 1528 1300
1548 1705 1300
1570 1712 1300
1574 1685 1300
1594 1707 1300
1594 1731 1300
1609 1917 1300
1618 1815 1300
1656 1675 1300
1673 1687 1300
1680 1688 1300
1681 1765 1300
1681 1908 1300
1681 1912 1300
1697 1765 1300
1697 1912 1300
1698 1745 1300
1712 1727 1300
1719 1782 1300
1730 1815 1300
1780 1800 1300
1780 1833 1300
1782 1859 1300
1802 1803 1300
1427 1431 1301
1427 1563 1301
1434 1443 1301
1434 1475 1301
1435 1437 1301
1435 1439 1301
1437 1482 1301
1439 1585 1301
1443 1475 1301
1452 1477 1301
1458 1477 1301
1461 1751 1301
1468 1516 1301
1479 1522 1301
1493 1520 1301
1525 1528 1301
1564 1574 1301
1564 1685 1301
1574 1580 1301
1574 1685 1301
1579 1594 1301
1579 1707 1301
1580 1685 1301
1594 1707 1301
1661 1673 1301
1661 1682 1301
1661 1920 1301
1663 1920 1301
1665 1920 1301
1670 1674 1301
1673 1682 1301
1682 1779 1301
1684 1698 1301
1697 1912 1301
1698 1779 1301
1779 1920 1301
1782 1859 1301
1802 1803 1301
1821 1866 1301
1427 1465 1302
1431 1563 1302
1434 1475 1302
1437 1486 1302
1437 1563 1302
1443 1475 1302
1452 1458 1302
1452 1477 1302
1458 1477 1302
1461 1751 1302
1468 1516 1302
1475 1480 1302
1493 1502 1302
1493 1520 1302
1525 1528 1302
1551 1579 1302
1551 1707 1302
1552 1562 1302
1563 1592 1302
1564 1580 1302
1567 1580 1302
1574 1580 1302
1574 1685 1302
1579 1707 1302
1594 1731 1302
1617 1641 1302
1661 1682 1302
1661 1687 1302
1663 1665 1302
1663 1698 1302
1663 1920 1302
1664 1908 1302
1665 1920 1302
1673 1687 1302
1680 1908 1302
1681 1912 1302
1684 1698 1302
1697 1745 1302
1698 1908 1302
1719 1748 1302
1730 1815 1302
1741 1843 1302
1757 1789 1302
1764 1778 1302
1767 1787 1302
1768 1770 1302
1768 1774 1302
1768 1789 1302
1770 1787 1302
1772 1798 1302
1779 1920 1302
1783 1792 1302
1802 1803 1302
1427 1431 1303
1427 1465 1303
1427 1563 1303
1431 1439 1303
1431 1465 1303
1431 1563 1303
1434 1475 1303
1435 1486 1303
1435 1578 1303
1435 1585 1303
1437 1552 1303
1443 1475 1303
1443 1480 1303
1458 1477 1303
1461 1751 1303
1465 1563 1303
1468 1516 1303
1475 1480 1303
1479 1522 1303
1486 1585 1303
1493 1520 1303
1525 1528 1303
1551 1594 1303
1552 1562 1303
1558 1767 1303
1570 1574 1303
1574 1685 1303
1574 1712 1303
1574 1727 1303
1579 1594 1303
1585 1759 1303
1594 1707 1303
1594 1731 1303
1656 1765 1303
1661 1664 1303
1661 1673 1303
1661 1682 1303
1663 1698 1303
1664 1695 1303
1664 1745 1303
1665 1779 1303
1665 1920 1303
1670 1675 1303
1673 1687 1303
1681 1912 1303
1682 1687 1303
1684 1908 1303
1688 1745 1303
1697 1908 1303
1707 1731 1303
1719 1859 1303
1730 1815 1303
1745 1908 1303
1759 1772 1303
1759 1775 1303
1768 1775 1303
1772 1798 1303
1775 1798 1303
1779 1920 1303
1783 1790 1303
1800 1833 1303
1908 1912 1303
1427 1437 1304
1431 1437 1304
1431 1563 1304
1434 1443 1304
1434 1475 1304
1434 1480 1304
1437 1563 1304
1439 1585 1304
1443 1480 1304
1458 1477 1304
1459 1483 1304
1475 1480 1304
1479 1522 1304
1482 1578 1304
1486 1563 1304
1486 1585 1304
1493 1502 1304
1493 1520 1304
1525 1528 1304
1551 1594 1304
1551 1707 1304
1570 1712 1304
1574 1685 1304
1574 1712 1304
1578 1592 1304
1594 1707 1304
1594 1731 1304
1656 1670 1304
1656 1675 1304
1656 1765 1304
1661 1673 1304
1663 1665 1304
1663 1684 1304
1663 1698 1304
1664 1695 1304
1665 1920 1304
1673 1687 1304
1681 1912 1304
1682 1687 1304
1684 1698 1304
1688 1908 1304
1707 1731 1304
1719 1748 1304
1752 1787 1304
1757 1772 1304
1757 1774 1304
1757 1787 1304
1759 1764 1304
1761 1783 1304
1783 1787 1304
1802 1803 1304
1802 1892 1304
1865 1892 1304
1908 1912 1304
1427 1439 1305
1427 1441 1305
1427 1563 1305
1434 1475 1305
1439 1471 1305
1439 1585 1305
1443 1475 1305
1443 1585 1305
1458 1477 1305
1525 1528 1305
1546 1815 1305
1551 1594 1305
1551 1707 1305
1551 1731 1305
1555 1567 1305
1560 1572 1305
1560 1700 1305
1570 1712 1305
1574 1712 1305
1574 1727 1305
1594 1707 1305
1594 1731 1305
1594 1774 1305
1617 1916 1305
1656 1670 1305
1663 1665 1305
1664 1908 1305
1673 1682 1305
1682 1687 1305
1684 1920 1305
1707 1731 1305
1709 1833 1305
1719 1782 1305
1730 1815 1305
1731 1774 1305
1759 1764 1305
1775 1792 1305
1783 1790 1305
1783 1798 1305
1802 1803 1305
1833 1843 1305
1434 1475 1306
1437 1465 1306
1458 1477 1306
1459 1483 1306
1459 1516 1306
1465 1578 1306
1465 1592 1306
1475 1759 1306
1525 1528 1306
1546 1815 1306
1551 1707 1306
1552 1562 1306
1555 1567 1306
1570 1685 1306
1574 1685 1306
1574 1712 1306
1574 1727 1306
1579 1594 1306
1579 1731 1306
1580 1685 1306
1594 1731 1306
1656 1670 1306
1656 1675 1306
1661 1673 1306
1661 1687 1306
1663 1698 1306
1664 1908 1306
1665 1920 1306
1674 1765 1306
1680 1908 1306
1682 1687 1306
1707 1731 1306
1711 1768 1306
1712 1727 1306
1719 1748 1306
1719 1782 1306
1730 1815 1306
1741 1833 1306
1760 1792 1306
1766 1774 1306
1778 1792 1306
1911 1916 1306
1431 1437 1307
1434 1443 1307
1434 1475 1307
1434 1480 1307
1437 1465 1307
1443 1475 1307
1452 1458 1307
1452 1477 1307
1468 1495 1307
1468 1516 1307
1475 1480 1307
1482 1585 1307
1486 1746 1307
1489 1579 1307
1551 1579 1307
1551 1594 1307
1551 1707 1307
1552 1562 1307
1555 1567 1307
1567 1759 1307
1579 1594 1307
1579 1731 1307
1594 1707 1307
1594 1731 1307
1656 1670 1307
1661 1673 1307
1661 1682 1307
1663 1698 1307
1663 1745 1307
1663 1779 1307
1674 1765 1307
1682 1687 1307
1707 1731 1307
1719 1748 1307
1719 1782 1307
1752 1783 1307
1766 1798 1307
1783 1787 1307
1802 1803 1307
1865 1892 1307
1426 1437 1308
1434 1443 1308
1434 1475 1308
1434 1480 1308
1437 1486 1308
1443 1475 1308
1443 1480 1308
1452 1458 1308
1452 1477 1308
1458 1477 1308
1465 1471 1308
1468 1516 1308
1475 1480 1308
1504 1705 1308
1546 1815 1308
1551 1594 1308
1551 1731 1308
1552 1562 1308
1552 1579 1308
1555 1567 1308
1562 1579 1308
1564 1580 1308
1594 1731 1308
1661 1673 1308
1661 1682 1308
1663 1698 1308
1665 1745 1308
1682 1687 1308
1707 1731 1308
1719 1748 1308
1719 1859 1308
1760 1770 1308
1765 1908 1308
1766 1798 1308
1768 1798 1308
1426 1430 1309
1427 1431 1309
1434 1443 1309
1434 1475 1309
1434 1480 1309
1435 1572 1309
1439 1482 1309
1439 1585 1309
1441 1482 1309
1443 1475 1309
1443 1480 1309
1452 1458 1309
1459 1483 1309
1465 1585 1309
1482 1578 1309
1551 1594 1309
1551 1707 1309
1551 1731 1309
1552 1562 1309
1555 1567 1309
1578 1585 1309
1579 1731 1309
1594 1707 1309
1613 1907 1309
1661 1673 1309
1661 1745 1309
1663 1698 1309
1666 1695 1309
1681 1765 1309
1682 1687 1309
1707 1731 1309
1730 1815 1309
1753 1760 1309
1759 1772 1309
1759 1783 1309
1760 1768 1309
1768 1790 1309
1772 1775 1309
1772 1790 1309
1787 1790 1309
1792 1798 1309
1802 1803 1309
1805 1880 1309
1911 1916 1309
1426 1430 1310
1434 1443 1310
1434 1475 1310
1434 1480 1310
1435 1578 1310
1443 1475 1310
1468 1516 1310
1482 1585 1310
1551 1594 1310
1552 1562 1310
1555 1567 1310
1574 1712 1310
1574 1727 1310
1578 1787 1310
1579 1594 1310
1579 1707 1310
1594 1707 1310
1613 1907 1310
1656 1670 1310
1661 1673 1310
1661 1682 1310
1661 1687 1310
1663 1698 1310
1664 1745 1310
1666 1695 1310
1682 1684 1310
1682 1687 1310
1719 1748 1310
1719 1859 1310
1730 1815 1310
1757 1759 1310
1765 1908 1310
1772 1775 1310
1789 1792 1310
1802 1803 1310
1831 1888 1310
1427 1431 1311
1427 1578 1311
1435 1592 1311
1439 1465 1311
1443 1475 1311
1443 1480 1311
1461 1751 1311
1468 1495 1311
1468 1516 1311
1475 1480 1311
1479 1522 1311
1486 1578 1311
1495 1516 1311
1525 1528 1311
1551 1579 1311
1551 1594 1311
1551 1707 1311
1563 1578 1311
1574 1712 1311
1578 1711 1311
1579 1594 1311
1579 1731 1311
1579 1757 1311
1594 1707 1311
1613 1907 1311
1661 1687 1311
1663 1698 1311
1666 1695 1311
1719 1748 1311
1719 1859 1311
1730 1815 1311
1760 1796 1311
1764 1789 1311
1765 1908 1311
1768 1770 1311
1768 1778 1311
1772 1775 1311
1778 1796 1311
1821 1857 1311
1821 1866 1311
1857 1866 1311
1434 1443 1312
1439 1563 1312
1443 1475 1312
1453 1457 1312
1459 1498 1312
1461 1751 1312
1468 1516 1312
1475 1480 1312
1486 1578 1312
1525 1528 1312
1533 1549 1312
1551 1594 1312
1551 1707 1312
1551 1731 1312
1552 1562 1312
1560 1700 1312
1572 1783 1312
1594 1707 1312
1594 1731 1312
1606 1906 1312
1613 1907 1312
1663 1698 1312
1666 1695 1312
1682 1687 1312
1688 1745 1312
1707 1731 1312
1719 1782 1312
1719 1859 1312
1722 1800 1312
1737 1909 1312
1760 1796 1312
1768 1778 1312
1772 1775 1312
1819 1865 1312
1847 1857 1312
1857 1866 1312
1427 1592 1313
1429 1757 1313
1431 1592 1313
1434 1443 1313
1434 1475 1313
1434 1480 1313
1435 1486 1313
1437 1563 1313
1451 1501 1313
1451 1637 1313
1452 1458 1313
1453 1457 1313
1459 1498 1313
1461 1751 1313
1468 1516 1313
1486 1578 1313
1493 1502 1313
1495 1516 1313
1502 1520 1313
1521 1630 1313
1525 1528 1313
1551 1594 1313
1551 1757 1313
1552 1562 1313
1555 1567 1313
1574 1712 1313
1661 1673 1313
1661 1682 1313
1663 1698 1313
1665 1745 1313
1666 1695 1313
1714 1795 1313
1719 1782 1313
1719 1859 1313
1722 1833 1313
1748 1822 1313
1752 1783 1313
1772 1775 1313
1805 1819 1313
1820 1833 1313
1821 1866 1313
1857 1866 1313
1427 1563 1314
1427 1585 1314
1427 1592 1314
1431 1585 1314
1434 1443 1314
1434 1475 1314
1451 1468 1314
1451 1495 1314
1452 1458 1314
1457 1458 1314
1459 1498 1314
1461 1751 1314
1465 1578 1314
1468 1516 1314
1482 1585 1314
1493 1501 1314
1493 1502 1314
1495 1637 1314
1525 1528 1314
1551 1579 1314
1551 1594 1314
1552 1562 1314
1560 1700 1314
1564 1731 1314
1574 1712 1314
1574 1727 1314
1579 1594 1314
1579 1731 1314
1601 1892 1314
1609 1917 1314
1625 1628 1314
1707 1731 1314
1714 1795 1314
1719 1748 1314
1730 1815 1314
1766 1783 1314
1775 1778 1314
1803 1835 1314
1807 1880 1314
1807 1895 1314
1819 1865 1314
1820 1833 1314
1831 1888 1314
1880 1895 1314
1434 1443 1315
1434 1480 1315
1435 1562 1315
1437 1471 1315
1451 1452 1315
1452 1458 1315
1458 1493 1315
1458 1501 1315
1461 1751 1315
1468 1516 1315
1468 1668 1315
1493 1502 1315
1493 1637 1315
1495 1516 1315
1498 1522 1315
1525 1528 1315
1560 1700 1315
1574 1712 1315
1574 1727 1315
1579 1594 1315
1594 1731 1315
1625 1628 1315
1632 1805 1315
1666 1695 1315
1680 1908 1315
1707 1731 1315
1714 1795 1315
1719 1748 1315
1719 1859 1315
1722 1833 1315
1759 1798 1315
1766 1783 1315
1772 1783 1315
1779 1920 1315
1807 1880 1315
1807 1895 1315
1820 1833 1315
1831 1888 1315
1857 1866 1315
1880 1895 1315
1434 1443 1316
1435 1592 1316
1439 1471 1316
1452 1457 1316
1458 1493 1316
1458 1501 1316
1458 1502 1316
1459 1522 1316
1461 1751 1316
1468 1495 1316
1468 1516 1316
1479 1498 1316
1480 1768 1316
1486 1552 1316
1493 1502 1316
1495 1516 1316
1495 1637 1316
1498 1522 1316
1525 1528 1316
1551 1707 1316
1551 1731 1316
1552 1562 1316
1579 1594 1316
1594 1707 1316
1594 1731 1316
1649 1906 1316
1661 1682 1316
1663 1698 1316
1680 1908 1316
1707 1731 1316
1711 1770 1316
1711 1772 1316
1772 1783 1316
1783 1787 1316
1792 1798 1316
1807 1895 1316
1831 1888 1316
1427 1465 1317
1431 1783 1317
1435 1563 1317
1437 1471 1317
1437 1563 1317
1437 1578 1317
1461 1751 1317
1468 1516 1317
1471 1578 1317
1471 1592 1317
1475 1480 1317
1477 1502 1317
1486 1552 1317
1495 1637 1317
1551 1579 1317
1552 1562 1317
1555 1567 1317
1579 1594 1317
1592 1783 1317
1601 1821 1317
1661 1682 1317
1663 1698 1317
1666 1695 1317
1697 1912 1317
1698 1745 1317
1707 1731 1317
1722 1833 1317
1731 1787 1317
1745 1912 1317
1759 1798 1317
1764 1798 1317
1792 1798 1317
1802 1888 1317
1802 1892 1317
1807 1895 1317
1843 1859 1317
1880 1895 1317
1431 1552 1318
1434 1475 1318
1434 1480 1318
1437 1563 1318
1468 1516 1318
1482 1486 1318
1482 1578 1318
1493 1501 1318
1495 1637 1318
1551 1731 1318
1551 1789 1318
1555 1685 1318
1562 1594 1318
1601 1802 1318
1601 1821 1318
1604 1852 1318
1613 1907 1318
1625 1902 1318
1649 1906 1318
1663 1698 1318
1673 1682 1318
1681 1765 1318
1719 1782 1318
1760 1768 1318
1760 1790 1318
1764 1783 1318
1768 1770 1318
1768 1775 1318
1768 1778 1318
1772 1778 1318
1772 1790 1318
1801 1843 1318
1802 1821 1318
1802 1888 1318
1802 1892 1318
1805 1819 1318
1818 1819 1318
1820 1833 1318
1821 1892 1318
1831 1885 1318
1831 1895 1318
1885 1895 1318
1427 1431 1319
1431 1465 1319
1431 1563 1319
1434 1443 1319
1434 1766 1319
1434 1796 1319
1435 1482 1319
1435 1585 1319
1451 1668 1319
1452 1457 1319
1458 1493 1319
1468 1516 1319
1471 1482 1319
1471 1585 1319
1475 1796 1319
1477 1501 1319
1482 1585 1319
1486 1592 1319
1493 1502 1319
1551 1707 1319
1551 1731 1319
1552 1562 1319
1579 1594 1319
1579 1731 1319
1601 1802 1319
1601 1821 1319
1606 1906 1319
1613 1907 1319
1630 1807 1319
1630 1836 1319
1632 1835 1319
1649 1906 1319
1661 1682 1319
1663 1698 1319
1665 1920 1319
1680 1745 1319
1688 1745 1319
1707 1731 1319
1737 1909 1319
1764 1772 1319
1764 1775 1319
1765 1908 1319
1768 1783 1319
1772 1792 1319
1775 1796 1319
1801 1843 1319
1802 1821 1319
1802 1831 1319
1805 1880 1319
1807 1836 1319
1807 1880 1319
1818 1885 1319
1818 1895 1319
1819 1885 1319
1820 1833 1319
1821 1888 1319
1821 1892 1319
1831 1888 1319
1831 1892 1319
1831 1895 1319
1836 1847 1319
1885 1895 1319
1888 1892 1319
1427 1482 1320
1435 1471 1320
1435 1482 1320
1437 1563 1320
1437 1585 1320
1443 1475 1320
1443 1766 1320
1451 1479 1320
1451 1522 1320
1457 1477 1320
1458 1493 1320
1459 1498 1320
1461 1751 1320
1468 1516 1320
1475 1775 1320
1477 1502 1320
1480 1783 1320
1482 1585 1320
1493 1502 1320
1521 1821 1320
1521 1892 1320
1551 1731 1320
1552 1562 1320
1563 1796 1320
1579 1594 1320
1579 1707 1320
1594 1707 1320
1594 1731 1320
1601 1821 1320
1606 1906 1320
1613 1907 1320
1630 1836 1320
1632 1835 1320
1632 1847 1320
1632 1866 1320
1661 1673 1320
1663 1698 1320
1663 1779 1320
1666 1695 1320
1680 1745 1320
1681 1912 1320
1688 1745 1320
1719 1748 1320
1719 1843 1320
1722 1820 1320
1764 1768 1320
1764 1778 1320
1764 1783 1320
1765 1908 1320
1802 1821 1320
1805 1819 1320
1805 1880 1320
1807 1880 1320
1818 1819 1320
1818 1885 1320
1818 1895 1320
1819 1885 1320
1821 1892 1320
1831 1888 1320
1835 1847 1320
1835 1866 1320
1865 1866 1320
1885 1895 1320
1426 1551 1321
1427 1585 1321
1429 1431 1321
1435 1471 1321
1458 1468 1321
1458 1637 1321
1459 1498 1321
1468 1516 1321
1471 1585 1321
1475 1480 1321
1477 1522 1321
1480 1711 1321
1493 1502 1321
1516 1520 1321
1551 1579 1321
1552 1562 1321
1567 1580 1321
1574 1712 1321
1594 1731 1321
1613 1907 1321
1630 1836 1321
1661 1682 1321
1661 1695 1321
1663 1698 1321
1673 1695 1321
1681 1912 1321
1719 1782 1321
1722 1795 1321
1722 1838 1321
1737 1909 1321
1745 1912 1321
1757 1759 1321
1759 1798 1321
1760 1778 1321
1768 1792 1321
1795 1859 1321
1802 1821 1321
1802 1885 1321
1802 1892 1321
1818 1831 1321
1818 1885 1321
1818 1892 1321
1818 1895 1321
1820 1822 1321
1821 1892 1321
1822 1833 1321
1831 1888 1321
1865 1866 1321
1885 1895 1321
1427 1429 1322
1431 1471 1322
1435 1439 1322
1435 1471 1322
1435 1585 1322
1437 1465 1322
1439 1585 1322
1443 1778 1322
1443 1790 1322
1452 1459 1322
1452 1479 1322
1453 1457 1322
1457 1751 1322
1458 1459 1322
1458 1522 1322
1459 1479 1322
1461 1483 1322
1461 1495 1322
1461 1751 1322
1468 1498 1322
1468 1516 1322
1471 1585 1322
1475 1480 1322
1483 1493 1322
1486 1578 1322
1498 1502 1322
1501 1637 1322
1502 1516 1322
1516 1520 1322
1574 1712 1322
1574 1727 1322
1578 1592 1322
1578 1783 1322
1601 1802 1322
1601 1821 1322
1606 1906 1322
1609 1917 1322
1630 1836 1322
1630 1847 1322
1656 1670 1322
1656 1675 1322
1661 1673 1322
1663 1698 1322
1711 1783 1322
1711 1792 1322
1712 1727 1322
1719 1782 1322
1722 1795 1322
1722 1838 1322
1745 1912 1322
1759 1798 1322
1760 1790 1322
1766 1772 1322
1783 1789 1322
1795 1822 1322
1802 1821 1322
1803 1835 1322
1805 1895 1322
1819 1895 1322
1821 1888 1322
1821 1892 1322
1835 1847 1322
1838 1859 1322
1857 1866 1322
1917 1919 1322
1434 1489 1323
1435 1471 1323
1435 1585 1323
1443 1475 1323
1443 1480 1323
1451 1522 1323
1452 1459 1323
1458 1459 1323
1458 1477 1323
1458 1479 1323
1459 1479 1323
1461 1495 1323
1461 1751 1323
1468 1498 1323
1468 1516 1323
1468 1520 1323
1475 1480 1323
1483 1522 1323
1493 1522 1323
1495 1637 1323
1495 1751 1323
1498 1516 1323
1516 1520 1323
1551 1707 1323
1552 1562 1323
1574 1712 1323
1574 1727 1323
1579 1594 1323
1579 1707 1323
1579 1731 1323
1594 1731 1323
1601 1802 1323
1601 1821 1323
1601 1888 1323
1625 1902 1323
1630 1807 1323
1630 1836 1323
1630 1847 1323
1632 1803 1323
1632 1835 1323
1632 1847 1323
1641 1919 1323
1650 1749 1323
1656 1675 1323
1661 1673 1323
1661 1682 1323
1661 1695 1323
1663 1698 1323
1666 1695 1323
1673 1682 1323
1711 1792 1323
1712 1727 1323
1719 1782 1323
1722 1838 1323
1766 1772 1323
1770 1772 1323
1802 1892 1323
1805 1818 1323
1805 1819 1323
1807 1818 1323
1807 1857 1323
1807 1880 1323
1818 1895 1323
1819 1895 1323
1831 1888 1323
1831 1895 1323
1835 1847 1323
1838 1859 1323
1847 1880 1323
1857 1866 1323
1885 1895 1323
1427 1482 1324
1435 1471 1324
1443 1475 1324
1443 1480 1324
1451 1502 1324
1451 1637 1324
1451 1668 1324
1457 1502 1324
1457 1668 1324
1458 1459 1324
1461 1495 1324
1461 1501 1324
1465 1712 1324
1468 1516 1324
1475 1480 1324
1493 1502 1324
1495 1501 1324
1495 1751 1324
1498 1520 1324
1501 1751 1324
1521 1892 1324
1551 1579 1324
1551 1707 1324
1552 1562 1324
1574 1712 1324
1579 1707 1324
1594 1731 1324
1601 1836 1324
1601 1892 1324
1606 1906 1324
1625 1902 1324
1630 1836 1324
1632 1835 1324
1632 1836 1324
1637 1668 1324
1641 1852 1324
1641 1919 1324
1649 1906 1324
1661 1673 1324
1661 1682 1324
1663 1698 1324
1666 1695 1324
1711 1789 1324
1711 1796 1324
1714 1795 1324
1719 1833 1324
1722 1838 1324
1748 1782 1324
1759 1798 1324
1782 1833 1324
1783 1792 1324
1802 1821 1324
1805 1819 1324
1807 1880 1324
1818 1895 1324
1819 1880 1324
1820 1833 1324
1852 1919 1324
1857 1865 1324
1857 1866 1324
1865 1866 1324
1429 1437 1325
1431 1437 1325
1431 1563 1325
1435 1471 1325
1437 1563 1325
1443 1475 1325
1443 1480 1325
1451 1637 1325
1452 1477 1325
1457 1493 1325
1457 1502 1325
1458 1479 1325
1458 1501 1325
1459 1522 1325
1461 1501 1325
1461 1751 1325
1468 1516 1325
1475 1480 1325
1475 1712 1325
1475 1727 1325
1477 1479 1325
1477 1522 1325
1479 1483 1325
1482 1592 1325
1489 1764 1325
1493 1502 1325
1498 1516 1325
1498 1520 1325
1501 1751 1325
1551 1707 1325
1552 1562 1325
1558 1787 1325
1579 1707 1325
1594 1731 1325
1606 1906 1325
1617 1852 1325
1632 1803 1325
1641 1852 1325
1650 1713 1325
1656 1670 1325
1661 1673 1325
1661 1682 1325
1663 1698 1325
1666 1695 1325
1673 1682 1325
1681 1765 1325
1705 1797 1325
1711 1783 1325
1711 1789 1325
1712 1727 1325
1719 1748 1325
1720 1737 1325
1720 1801 1325
1757 1759 1325
1759 1798 1325
1760 1790 1325
1789 1792 1325
1803 1835 1325
1807 1880 1325
1818 1895 1325
1821 1892 1325
1852 1917 1325
1852 1919 1325
1857 1866 1325
1431 1574 1326
1431 1768 1326
1435 1471 1326
1437 1563 1326
1441 1486 1326
1443 1475 1326
1451 1502 1326
1451 1751 1326
1452 1477 1326
1457 1493 1326
1457 1501 1326
1457 1502 1326
1458 1461 1326
1458 1479 1326
1459 1477 1326
1459 1522 1326
1461 1501 1326
1461 1751 1326
1468 1516 1326
1475 1480 1326
1477 1522 1326
1479 1483 1326
1493 1502 1326
1501 1751 1326
1558 1735 1326
1567 1580 1326
1579 1594 1326
1594 1712 1326
1594 1731 1326
1656 1674 1326
1661 1673 1326
1661 1682 1326
1681 1765 1326
1685 1787 1326
1705 1797 1326
1707 1731 1326
1711 1764 1326
1711 1783 1326
1712 1727 1326
1719 1748 1326
1720 1909 1326
1759 1767 1326
1772 1789 1326
1783 1790 1326
1783 1792 1326
1789 1792 1326
1801 1833 1326
1833 1838 1326
1429 1431 1327
1429 1437 1327
1429 1471 1327
1429 1585 1327
1434 1480 1327
1435 1574 1327
1435 1578 1327
1437 1563 1327
1457 1502 1327
1458 1459 1327
1459 1522 1327
1461 1495 1327
1461 1501 1327
1461 1751 1327
1468 1516 1327
1468 1520 1327
1475 1480 1327
1486 1585 1327
1489 1778 1327
1495 1501 1327
1495 1751 1327
1498 1516 1327
1498 1668 1327
1501 1751 1327
1551 1594 1327
1551 1759 1327
1552 1562 1327
1555 1685 1327
1567 1580 1327
1579 1707 1327
1594 1707 1327
1601 1746 1327
1617 1852 1327
1632 1835 1327
1656 1674 1327
1661 1673 1327
1661 1682 1327
1685 1796 1327
1705 1797 1327
1711 1789 1327
1712 1727 1327
1719 1748 1327
1720 1909 1327
1731 1759 1327
1738 1780 1327
1765 1908 1327
1767 1772 1327
1767 1778 1327
1783 1798 1327
1807 1880 1327
1818 1885 1327
1819 1885 1327
1819 1895 1327
1821 1831 1327
1821 1895 1327
1831 1888 1327
1831 1895 1327
1426 1430 1328
1427 1439 1328
1429 1437 1328
1429 1585 1328
1431 1465 1328
1434 1475 1328
1434 1480 1328
1434 1766 1328
1435 1471 1328
1443 1475 1328
1443 1480 1328
1451 1637 1328
1452 1477 1328
1453 1479 1328
1457 1502 1328
1458 1459 1328
1459 1493 1328
1459 1522 1328
1461 1501 1328
1468 1477 1328
1468 1516 1328
1468 1520 1328
1471 1551 1328
1471 1585 1328
1475 1480 1328
1493 1502 1328
1495 1501 1328
1495 1751 1328
1498 1520 1328
1516 1520 1328
1551 1594 1328
1552 1562 1328
1555 1685 1328
1558 1735 1328
1574 1712 1328
1579 1707 1328
1594 1819 1328
1601 1888 1328
1616 1648 1328
1617 1641 1328
1617 1852 1328
1625 1902 1328
1641 1852 1328
1650 1863 1328
1661 1682 1328
1673 1682 1328
1681 1912 1328
1682 1695 1328
1705 1797 1328
1707 1895 1328
1711 1774 1328
1712 1727 1328
1719 1748 1328
1759 1798 1328
1759 1847 1328
1759 1885 1328
1760 1768 1328
1760 1790 1328
1763 1801 1328
1765 1908 1328
1766 1772 1328
1767 1792 1328
1782 1801 1328
1783 1789 1328
1783 1790 1328
1783 1792 1328
1783 1796 1328
1795 1801 1328
1798 1885 1328
1802 1821 1328
1803 1847 1328
1818 1885 1328
1819 1895 1328
1821 1831 1328
1821 1865 1328
1821 1888 1328
1831 1836 1328
1865 1866 1328
1917 1919 1328
1426 1430 1329
1427 1437 1329
1427 1578 1329
1427 1585 1329
1427 1592 1329
1429 1431 1329
1429 1471 1329
1429 1521 1329
1434 1475 1329
1434 1480 1329
1437 1585 1329
1443 1475 1329
1443 1480 1329
1451 1457 1329
1451 1459 1329
1451 1495 1329
1452 1468 1329
1452 1477 1329
1457 1502 1329
1458 1477 1329
1459 1522 1329
1461 1501 1329
1468 1477 1329
1468 1516 1329
1475 1480 1329
1475 1880 1329
1477 1516 1329
1495 1637 1329
1495 1751 1329
1501 1751 1329
1521 1824 1329
1551 1594 1329
1552 1562 1329
1564 1865 1329
1564 1888 1329
1574 1712 1329
1574 1727 1329
1579 1707 1329
1601 1752 1329
1606 1906 1329
1613 1628 1329
1617 1641 1329
1625 1902 1329
1632 1807 1329
1632 1831 1329
1661 1673 1329
1663 1698 1329
1673 1682 1329
1681 1912 1329
1685 1757 1329
1719 1748 1329
1759 1798 1329
1760 1778 1329
1760 1790 1329
1782 1801 1329
1789 1792 1329
1798 1847 1329
1802 1865 1329
1802 1888 1329
1803 1847 1329
1807 1831 1329
1818 1885 1329
1819 1895 1329
1820 1838 1329
1831 1895 1329
1852 1917 1329
1852 1919 1329
1865 1888 1329
1866 1892 1329
1917 1919 1329
1429 1437 1330
1429 1563 1330
1429 1819 1330
1431 1435 1330
1431 1471 1330
1434 1475 1330
1434 1789 1330
1434 1880 1330
1435 1471 1330
1435 1482 1330
1437 1465 1330
1437 1563 1330
1437 1819 1330
1451 1459 1330
1451 1493 1330
1451 1502 1330
1458 1459 1330
1458 1479 1330
1458 1522 1330
1459 1522 1330
1461 1493 1330
1461 1495 1330
1461 1501 1330
1468 1498 1330
1468 1516 1330
1471 1482 1330
1475 1480 1330
1493 1502 1330
1495 1501 1330
1495 1751 1330
1498 1516 1330
1498 1520 1330
1501 1751 1330
1551 1579 1330
1551 1594 1330
1551 1707 1330
1551 1731 1330
1552 1562 1330
1563 1601 1330
1564 1865 1330
1574 1712 1330
1574 1727 1330
1578 1585 1330
1578 1592 1330
1580 1865 1330
1594 1731 1330
1617 1641 1330
1617 1919 1330
1625 1628 1330
1630 1759 1330
1630 1798 1330
1632 1807 1330
1632 1857 1330
1656 1675 1330
1656 1765 1330
1661 1682 1330
1663 1698 1330
1681 1912 1330
1685 1857 1330
1707 1731 1330
1711 1778 1330
1712 1727 1330
1719 1748 1330
1719 1820 1330
1727 1759 1330
1748 1859 1330
1759 1798 1330
1760 1789 1330
1778 1789 1330
1782 1801 1330
1789 1792 1330
1802 1865 1330
1802 1888 1330
1803 1847 1330
1807 1831 1330
1807 1857 1330
1818 1885 1330
1819 1895 1330
1831 1866 1330
1917 1919 1330
1427 1429 1331
1429 1465 1331
1431 1819 1331
1434 1766 1331
1434 1792 1331
1435 1439 1331
1435 1471 1331
1435 1482 1331
1439 1578 1331
1443 1480 1331
1443 1792 1331
1451 1459 1331
1451 1493 1331
1451 1502 1331
1452 1477 1331
1453 1457 1331
1458 1459 1331
1458 1637 1331
1459 1522 1331
1461 1501 1331
1468 1516 1331
1468 1520 1331
1471 1482 1331
1471 1592 1331
1475 1480 1331
1482 1578 1331
1482 1592 1331
1486 1895 1331
1493 1502 1331
1495 1751 1331
1551 1579 1331
1552 1562 1331
1558 1735 1331
1563 1578 1331
1564 1580 1331
1574 1712 1331
1574 1727 1331
1585 1685 1331
1585 1857 1331
1594 1707 1331
1601 1836 1331
1603 1922 1331
1617 1641 1331
1617 1852 1331
1625 1649 1331
1625 1902 1331
1630 1712 1331
1630 1880 1331
1656 1675 1331
1656 1696 1331
1661 1682 1331
1663 1698 1331
1681 1765 1331
1727 1880 1331
1741 1795 1331
1741 1822 1331
1759 1798 1331
1766 1790 1331
1766 1792 1331
1778 1789 1331
1782 1801 1331
1795 1822 1331
1801 1822 1331
1802 1888 1331
1803 1847 1331
1807 1831 1331
1818 1885 1331
1819 1895 1331
1822 1838 1331
1836 1892 1331
1917 1919 1331
1427 1429 1332
1427 1630 1332
1431 1819 1332
1434 1475 1332
1434 1480 1332
1437 1594 1332
1451 1457 1332
1461 1501 1332
1465 1563 1332
1471 1482 1332
1471 1563 1332
1551 1685 1332
1552 1562 1332
1558 1735 1332
1574 1712 1332
1574 1727 1332
1574 1759 1332
1594 1757 1332
1601 1836 1332
1603 1922 1332
1613 1628 1332
1617 1641 1332
1632 1807 1332
1632 1831 1332
1641 1852 1332
1656 1675 1332
1685 1712 1332
1707 1727 1332
1719 1843 1332
1719 1859 1332
1720 1801 1332
1730 1815 1332
1757 1787 1332
1807 1831 1332
1819 1895 1332
1820 1843 1332
1821 1857 1332
1836 1880 1332
1836 1888 1332
1865 1892 1332
1426 1468 1333
1434 1475 1333
1434 1480 1333
1439 1585 1333
1443 1475 1333
1443 1480 1333
1457 1477 1333
1457 1479 1333
1458 1585 1333
1459 1522 1333
1475 1480 1333
1477 1585 1333
1479 1818 1333
1493 1857 1333
1493 1895 1333
1504 1519 1333
1551 1757 1333
1551 1783 1333
1551 1787 1333
1552 1574 1333
1558 1735 1333
1562 1574 1333
1562 1712 1333
1574 1712 1333
1574 1727 1333
1578 1892 1333
1579 1594 1333
1579 1630 1333
1594 1707 1333
1601 1892 1333
1603 1922 1333
1617 1641 1333
1632 1831 1333
1656 1675 1333
1663 1698 1333
1681 1765 1333
1709 1746 1333
1709 1795 1333
1711 1778 1333
1712 1727 1333
1720 1801 1333
1759 1783 1333
1802 1866 1333
1820 1843 1333
1427 1461 1334
1429 1731 1334
1434 1443 1334
1434 1480 1334
1435 1578 1334
1437 1585 1334
1439 1459 1334
1439 1585 1334
1439 1592 1334
1443 1475 1334
1443 1480 1334
1451 1552 1334
1451 1637 1334
1452 1585 1334
1457 1479 1334
1457 1493 1334
1459 1477 1334
1461 1751 1334
1471 1479 1334
1477 1592 1334
1480 1594 1334
1482 1498 1334
1486 1551 1334
1501 1637 1334
1551 1579 1334
1551 1759 1334
1552 1562 1334
1555 1560 1334
1558 1735 1334
1560 1685 1334
1560 1700 1334
1574 1712 1334
1574 1727 1334
1603 1922 1334
1606 1616 1334
1606 1906 1334
1609 1917 1334
1613 1628 1334
1632 1835 1334
1663 1698 1334
1675 1680 1334
1681 1765 1334
1684 1745 1334
1688 1745 1334
1709 1782 1334
1709 1795 1334
1711 1778 1334
1712 1727 1334
1719 1859 1334
1752 1778 1334
1752 1783 1334
1752 1792 1334
1782 1795 1334
1820 1822 1334
1820 1843 1334
1821 1857 1334
1822 1843 1334
1836 1865 1334
1427 1431 1335
1427 1434 1335
1427 1585 1335
1429 1465 1335
1434 1475 1335
1435 1578 1335
1435 1630 1335
1437 1471 1335
1437 1563 1335
1439 1475 1335
1439 1480 1335
1443 1475 1335
1443 1480 1335
1443 1486 1335
1451 1637 1335
1459 1477 1335
1459 1479 1335
1459 1522 1335
1459 1865 1335
1465 1759 1335
1465 1866 1335
1471 1482 1335
1471 1592 1335
1475 1578 1335
1482 1592 1335
1486 1712 1335
1486 1792 1335
1493 1502 1335
1522 1865 1335
1533 1837 1335
1539 1837 1335
1551 1731 1335
1552 1562 1335
1558 1700 1335
1558 1735 1335
1558 1802 1335
1560 1685 1335
1560 1700 1335
1560 1796 1335
1574 1712 1335
1579 1707 1335
1579 1731 1335
1601 1892 1335
1606 1906 1335
1700 1802 1335
1709 1746 1335
1714 1833 1335
1730 1815 1335
1748 1833 1335
1759 1783 1335
1759 1789 1335
1764 1783 1335
1772 1783 1335
1782 1795 1335
1783 1792 1335
1803 1847 1335
1818 1885 1335
1819 1857 1335
1821 1857 1335
1822 1843 1335
1835 1857 1335
1865 1888 1335
1427 1429 1336
1427 1431 1336
1427 1434 1336
1431 1434 1336
1434 1552 1336
1435 1578 1336
1435 1585 1336
1437 1471 1336
1437 1563 1336
1439 1480 1336
1439 1486 1336
1443 1486 1336
1451 1637 1336
1453 1468 1336
1458 1498 1336
1458 1783 1336
1458 1831 1336
1465 1831 1336
1471 1563 1336
1471 1592 1336
1477 1479 1336
1480 1563 1336
1498 1792 1336
1504 1705 1336
1539 1837 1336
1551 1594 1336
1551 1731 1336
1552 1562 1336
1558 1560 1336
1558 1567 1336
1558 1700 1336
1558 1802 1336
1560 1574 1336
1560 1700 1336
1570 1735 1336
1572 1735 1336
1574 1712 1336
1574 1727 1336
1578 1798 1336
1594 1731 1336
1606 1906 1336
1617 1641 1336
1630 1700 1336
1663 1698 1336
1675 1680 1336
1685 1735 1336
1685 1796 1336
1688 1745 1336
1712 1727 1336
1714 1720 1336
1720 1838 1336
1746 1763 1336
1748 1833 1336
1759 1768 1336
1759 1787 1336
1759 1790 1336
1760 1766 1336
1765 1908 1336
1782 1820 1336
1795 1820 1336
1798 1807 1336
1803 1847 1336
1807 1880 1336
1819 1821 1336
1821 1857 1336
1821 1895 1336
1835 1857 1336
1838 1843 1336
1888 1892 1336
1426 1630 1337
1427 1465 1337
1427 1798 1337
1431 1434 1337
1431 1443 1337
1431 1465 1337
1434 1443 1337
1434 1451 1337
1435 1482 1337
1437 1563 1337
1439 1486 1337
1443 1483 1337
1451 1501 1337
1458 1493 1337
1458 1498 1337
1459 1522 1337
1468 1630 1337
1471 1480 1337
1471 1486 1337
1471 1578 1337
1471 1592 1337
1477 1892 1337
1480 1486 1337
1480 1563 1337
1482 1578 1337
1482 1798 1337
1482 1807 1337
1498 1502 1337
1501 1637 1337
1502 1520 1337
1504 1705 1337
1521 1865 1337
1533 1549 1337
1539 1837 1337
1551 1594 1337
1551 1731 1337
1552 1562 1337
1552 1579 1337
1555 1685 1337
1560 1630 1337
1560 1700 1337
1562 1579 1337
1564 1580 1337
1567 1735 1337
1574 1727 1337
1578 1592 1337
1579 1707 1337
1594 1731 1337
1606 1628 1337
1606 1906 1337
1617 1911 1337
1656 1674 1337
1663 1698 1337
1663 1745 1337
1665 1745 1337
1681 1912 1337
1709 1780 1337
1712 1807 1337
1714 1720 1337
1714 1822 1337
1719 1748 1337
1720 1822 1337
1727 1885 1337
1735 1796 1337
1741 1843 1337
1746 1763 1337
1748 1795 1337
1757 1792 1337
1759 1768 1337
1765 1908 1337
1766 1767 1337
1766 1778 1337
1768 1783 1337
1783 1787 1337
1789 1792 1337
1818 1892 1337
1819 1821 1337
1819 1895 1337
1821 1895 1337
1835 1857 1337
1865 1888 1337
1426 1798 1338
1427 1429 1338
1429 1431 1338
1430 1483 1338
1431 1434 1338
1431 1443 1338
1434 1443 1338
1434 1451 1338
1435 1475 1338
1435 1578 1338
1437 1563 1338
1437 1700 1338
1439 1480 1338
1451 1501 1338
1451 1637 1338
1453 1457 1338
1457 1522 1338
1458 1502 1338
1459 1892 1338
1461 1751 1338
1468 1563 1338
1468 1700 1338
1475 1578 1338
1477 1522 1338
1477 1892 1338
1482 1563 1338
1498 1520 1338
1501 1637 1338
1504 1705 1338
1521 1865 1338
1533 1837 1338
1539 1837 1338
1551 1594 1338
1552 1562 1338
1558 1560 1338
1560 1580 1338
1562 1579 1338
1562 1731 1338
1574 1727 1338
1578 1592 1338
1606 1906 1338
1617 1641 1338
1625 1902 1338
1656 1675 1338
1663 1665 1338
1668 1824 1338
1685 1796 1338
1707 1731 1338
1712 1727 1338
1712 1787 1338
1714 1822 1338
1719 1748 1338
1720 1822 1338
1727 1787 1338
1730 1815 1338
1731 1757 1338
1759 1766 1338
1759 1783 1338
1760 1774 1338
1787 1790 1338
1795 1822 1338
1802 1880 1338
1818 1892 1338
1821 1895 1338
1866 1880 1338
1427 1429 1339
1429 1434 1339
1429 1443 1339
1434 1443 1339
1434 1757 1339
1435 1578 1339
1435 1592 1339
1437 1482 1339
1437 1563 1339
1451 1501 1339
1458 1477 1339
1458 1495 1339
1458 1502 1339
1458 1521 1339
1459 1477 1339
1471 1578 1339
1471 1592 1339
1475 1819 1339
1482 1563 1339
1498 1522 1339
1501 1637 1339
1504 1705 1339
1521 1865 1339
1521 1892 1339
1539 1837 1339
1551 1594 1339
1552 1562 1339
1555 1796 1339
1560 1580 1339
1562 1731 1339
1567 1735 1339
1567 1798 1339
1574 1712 1339
1574 1727 1339
1574 1783 1339
1574 1831 1339
1579 1731 1339
1594 1707 1339
1617 1641 1339
1625 1649 1339
1625 1902 1339
1649 1902 1339
1656 1675 1339
1663 1665 1339
1663 1698 1339
1663 1920 1339
1668 1824 1339
1673 1695 1339
1681 1912 1339
1685 1700 1339
1685 1796 1339
1707 1731 1339
1719 1859 1339
1720 1738 1339
1727 1768 1339
1727 1778 1339
1735 1798 1339
1737 1843 1339
1752 1787 1339
1759 1775 1339
1759 1792 1339
1759 1831 1339
1759 1857 1339
1766 1789 1339
1775 1857 1339
1780 1801 1339
1782 1833 1339
1821 1895 1339
1831 1857 1339
1843 1859 1339
1911 1916 1339
1427 1429 1340
1427 1431 1340
1427 1434 1340
1427 1443 1340
1429 1437 1340
1429 1563 1340
1430 1431 1340
1430 1435 1340
1430 1578 1340
1431 1482 1340
1434 1443 1340
1435 1471 1340
1435 1578 1340
1435 1592 1340
1439 1480 1340
1441 1486 1340
1458 1498 1340
1461 1751 1340
1471 1578 1340
1471 1592 1340
1475 1632 1340
1475 1819 1340
1489 1668 1340
1501 1637 1340
1504 1705 1340
1516 1585 1340
1539 1837 1340
1551 1594 1340
1551 1707 1340
1552 1798 1340
1558 1803 1340
1560 1700 1340
1574 1712 1340
1574 1727 1340
1579 1731 1340
1585 1798 1340
1594 1731 1340
1601 1865 1340
1606 1906 1340
1617 1641 1340
1630 1885 1340
1632 1819 1340
1649 1902 1340
1656 1670 1340
1656 1674 1340
1656 1675 1340
1663 1698 1340
1681 1912 1340
1707 1751 1340
1711 1760 1340
1711 1783 1340
1714 1720 1340
1714 1780 1340
1714 1801 1340
1719 1748 1340
1719 1843 1340
1719 1859 1340
1720 1801 1340
1722 1820 1340
1723 1809 1340
1737 1909 1340
1748 1843 1340
1759 1768 1340
1759 1789 1340
1760 1790 1340
1763 1795 1340
1764 1792 1340
1766 1783 1340
1772 1783 1340
1772 1792 1340
1780 1801 1340
1780 1822 1340
1780 1833 1340
1795 1822 1340
1803 1847 1340
1821 1895 1340
1822 1833 1340
1831 1857 1340
1836 1888 1340
1836 1892 1340
1866 1880 1340
1888 1892 1340
1911 1916 1340
1427 1429 1341
1427 1482 1341
1429 1437 1341
1429 1482 1341
1430 1443 1341
1435 1471 1341
1435 1578 1341
1435 1592 1341
1439 1480 1341
1453 1457 1341
1457 1458 1341
1458 1493 1341
1461 1751 1341
1468 1516 1341
1471 1578 1341
1477 1831 1341
1482 1563 1341
1500 1837 1341
1501 1637 1341
1504 1519 1341
1504 1705 1341
1521 1753 1341
1522 1818 1341
1522 1888 1341
1539 1837 1341
1551 1751 1341
1552 1562 1341
1562 1685 1341
1567 1735 1341
1574 1712 1341
1574 1727 1341
1579 1707 1341
1579 1731 1341
1606 1906 1341
1613 1628 1341
1617 1641 1341
1625 1628 1341
1625 1902 1341
1632 1819 1341
1663 1698 1341
1668 1757 1341
1681 1912 1341
1688 1745 1341
1707 1731 1341
1711 1772 1341
1712 1727 1341
1714 1720 1341
1714 1795 1341
1719 1843 1341
1720 1801 1341
1722 1782 1341
1722 1820 1341
1723 1809 1341
1759 1768 1341
1759 1783 1341
1760 1787 1341
1763 1782 1341
1764 1787 1341
1764 1796 1341
1768 1789 1341
1772 1783 1341
1774 1783 1341
1775 1792 1341
1782 1838 1341
1787 1796 1341
1789 1792 1341
1802 1847 1341
1821 1895 1341
1831 1857 1341
1833 1838 1341
1847 1880 1341
1911 1916 1341
1458 1767 1342
1461 1751 1342
1468 1516 1342
1500 1837 1342
1539 1837 1342
1551 1579 1342
1551 1594 1342
1551 1707 1342
1551 1731 1342
1552 1562 1342
1552 1685 1342
1560 1700 1342
1562 1685 1342
1574 1712 1342
1574 1727 1342
1579 1594 1342
1579 1731 1342
1594 1712 1342
1594 1731 1342
1606 1906 1342
1617 1641 1342
1632 1757 1342
1632 1831 1342
1632 1857 1342
1637 1798 1342
1656 1675 1342
1663 1698 1342
1668 1857 1342
1707 1731 1342
1711 1772 1342
1711 1775 1342
1714 1738 1342
1719 1843 1342
1719 1859 1342
1720 1801 1342
1722 1833 1342
1735 1880 1342
1757 1819 1342
1759 1764 1342
1759 1766 1342
1759 1790 1342
1764 1792 1342
1767 1787 1342
1795 1820 1342
1818 1865 1342
1820 1838 1342
1821 1895 1342
1831 1857 1342
1833 1838 1342
1835 1857 1342
1847 1880 1342
1866 1880 1342
1911 1916 1342
1457 1752 1343
1457 1787 1343
1459 1502 1343
1459 1522 1343
1461 1751 1343
1468 1516 1343
1477 1522 1343
1477 1836 1343
1493 1502 1343
1495 1601 1343
1498 1522 1343
1498 1752 1343
1498 1836 1343
1504 1705 1343
1516 1803 1343
1521 1753 1343
1533 1539 1343
1539 1837 1343
1551 1579 1343
1551 1594 1343
1551 1731 1343
1551 1757 1343
1552 1562 1343
1552 1685 1343
1562 1685 1343
1574 1727 1343
1579 1731 1343
1609 1917 1343
1617 1641 1343
1630 1885 1343
1632 1752 1343
1632 1768 1343
1656 1675 1343
1663 1698 1343
1711 1770 1343
1714 1738 1343
1714 1822 1343
1719 1859 1343
1720 1801 1343
1722 1833 1343
1738 1801 1343
1738 1822 1343
1741 1763 1343
1752 1787 1343
1759 1774 1343
1759 1783 1343
1759 1790 1343
1760 1783 1343
1767 1790 1343
1779 1920 1343
1782 1820 1343
1783 1790 1343
1802 1847 1343
1803 1819 1343
1805 1892 1343
1819 1857 1343
1820 1838 1343
1821 1895 1343
1822 1843 1343
1838 1909 1343
1847 1880 1343
1451 1637 1344
1458 1479 1344
1461 1751 1344
1477 1479 1344
1493 1520 1344
1504 1705 1344
1522 1778 1344
1533 1539 1344
1533 1653 1344
1533 1837 1344
1539 1837 1344
1551 1579 1344
1551 1707 1344
1552 1562 1344
1552 1685 1344
1560 1700 1344
1574 1707 1344
1574 1712 1344
1574 1727 1344
1579 1707 1344
1617 1641 1344
1630 1772 1344
1632 1768 1344
1632 1819 1344
1637 1798 1344
1656 1675 1344
1663 1698 1344
1681 1912 1344
1711 1766 1344
1714 1801 1344
1719 1720 1344
1719 1833 1344
1720 1833 1344
1722 1782 1344
1722 1795 1344
1727 1798 1344
1738 1801 1344
1738 1822 1344
1738 1843 1344
1748 1780 1344
1759 1774 1344
1759 1783 1344
1760 1768 1344
1765 1908 1344
1768 1783 1344
1768 1787 1344
1774 1885 1344
1775 1789 1344
1775 1885 1344
1779 1920 1344
1782 1820 1344
1798 1831 1344
1801 1843 1344
1803 1819 1344
1805 1818 1344
1821 1895 1344
1822 1843 1344
1831 1857 1344
1835 1895 1344
1847 1880 1344
1911 1916 1344
1426 1435 1345
1427 1431 1345
1451 1637 1345
1461 1751 1345
1475 1486 1345
1475 1746 1345
1479 1498 1345
1479 1552 1345
1495 1888 1345
1498 1522 1345
1539 1837 1345
1552 1562 1345
1552 1579 1345
1552 1685 1345
1555 1707 1345
1555 1803 1345
1562 1685 1345
1574 1707 1345
1579 1685 1345
1601 1888 1345
1606 1906 1345
1625 1902 1345
1630 1885 1345
1632 1819 1345
1663 1698 1345
1705 1837 1345
1711 1757 1345
1711 1789 1345
1712 1766 1345
1719 1738 1345
1719 1782 1345
1719 1859 1345
1720 1843 1345
1722 1795 1345
1738 1780 1345
1748 1843 1345
1752 1772 1345
1752 1783 1345
1759 1774 1345
1759 1778 1345
1759 1783 1345
1766 1768 1345
1768 1774 1345
1770 1778 1345
1775 1792 1345
1780 1843 1345
1782 1820 1345
1783 1789 1345
1787 1792 1345
1789 1792 1345
1805 1836 1345
1819 1857 1345
1831 1857 1345
1847 1880 1345
1908 1912 1345
1911 1916 1345
1426 1592 1346
1427 1429 1346
1435 1471 1346
1435 1563 1346
1437 1482 1346
1439 1480 1346
1439 1486 1346
1451 1501 1346
1451 1637 1346
1461 1751 1346
1475 1486 1346
1479 1498 1346
1480 1486 1346
1480 1563 1346
1482 1563 1346
1482 1585 1346
1501 1637 1346
1522 1818 1346
1522 1892 1346
1533 1546 1346
1551 1712 1346
1555 1594 1346
1555 1731 1346
1560 1700 1346
1579 1685 1346
1594 1731 1346
1601 1805 1346
1606 1906 1346
1617 1641 1346
1630 1798 1346
1630 1885 1346
1656 1675 1346
1661 1663 1346
1663 1665 1346
1663 1698 1346
1663 1779 1346
1711 1787 1346
1719 1737 1346
1720 1859 1346
1722 1795 1346
1738 1843 1346
1748 1843 1346
1768 1790 1346
1768 1836 1346
1772 1783 1346
1772 1789 1346
1775 1783 1346
1779 1920 1346
1782 1820 1346
1802 1847 1346
1805 1818 1346
1805 1836 1346
1819 1831 1346
1821 1895 1346
1831 1857 1346
1833 1909 1346
1426 1585 1347
1427 1429 1347
1429 1431 1347
1430 1443 1347
1434 1443 1347
1435 1471 1347
1437 1563 1347
1439 1486 1347
1451 1501 1347
1451 1731 1347
1453 1457 1347
1458 1783 1347
1461 1751 1347
1477 1495 1347
1479 1522 1347
1482 1585 1347
1486 1592 1347
1489 1824 1347
1503 1730 1347
1516 1831 1347
1533 1546 1347
1555 1707 1347
1560 1700 1347
1560 1727 1347
1562 1579 1347
1562 1685 1347
1574 1712 1347
1579 1685 1347
1594 1707 1347
1601 1888 1347
1606 1616 1347
1617 1911 1347
1625 1902 1347
1630 1735 1347
1630 1885 1347
1632 1857 1347
1663 1698 1347
1705 1837 1347
1719 1720 1347
1719 1859 1347
1720 1859 1347
1757 1790 1347
1759 1766 1347
1764 1767 1347
1767 1792 1347
1772 1783 1347
1772 1787 1347
1774 1789 1347
1779 1920 1347
1819 1857 1347
1821 1895 1347
1831 1857 1347
1835 1895 1347
1888 1892 1347
1911 1916 1347
1426 1437 1348
1426 1482 1348
1426 1585 1348
1427 1429 1348
1427 1443 1348
1429 1443 1348
1429 1465 1348
1430 1471 1348
1435 1471 1348
1437 1443 1348
1437 1482 1348
1439 1486 1348
1443 1465 1348
1451 1501 1348
1453 1457 1348
1458 1700 1348
1458 1752 1348
1459 1477 1348
1459 1885 1348
1461 1751 1348
1475 1592 1348
1477 1502 1348
1482 1585 1348
1503 1524 1348
1538 1618 1348
1551 1685 1348
1552 1562 1348
1552 1895 1348
1558 1570 1348
1560 1700 1348
1574 1594 1348
1574 1727 1348
1594 1731 1348
1606 1906 1348
1613 1907 1348
1617 1641 1348
1625 1628 1348
1630 1885 1348
1632 1819 1348
1632 1831 1348
1656 1675 1348
1663 1698 1348
1705 1837 1348
1711 1766 1348
1711 1768 1348
1711 1774 1348
1727 1819 1348
1757 1775 1348
1764 1775 1348
1766 1767 1348
1767 1774 1348
1774 1775 1348
1783 1787 1348
1783 1789 1348
1787 1790 1348
1803 1866 1348
1807 1835 1348
1818 1836 1348
1819 1831 1348
1819 1857 1348
1821 1835 1348
1821 1895 1348
1831 1857 1348
1836 1892 1348
1880 1885 1348
1429 1431 1349
1430 1435 1349
1431 1465 1349
1435 1482 1349
1437 1585 1349
1443 1465 1349
1451 1501 1349
1451 1637 1349
1453 1493 1349
1457 1502 1349
1458 1888 1349
1461 1751 1349
1468 1516 1349
1482 1585 1349
1493 1502 1349
1495 1888 1349
1501 1637 1349
1525 1797 1349
1551 1594 1349
1552 1562 1349
1555 1707 1349
1560 1700 1349
1579 1594 1349
1579 1685 1349
1580 1819 1349
1601 1805 1349
1601 1892 1349
1606 1906 1349
1613 1907 1349
1625 1628 1349
1630 1764 1349
1630 1796 1349
1630 1885 1349
1656 1675 1349
1661 1682 1349
1663 1698 1349
1682 1695 1349
1711 1759 1349
1711 1767 1349
1735 1819 1349
1757 1767 1349
1759 1760 1349
1759 1778 1349
1764 1789 1349
1767 1768 1349
1768 1789 1349
1774 1790 1349
1775 1789 1349
1783 1790 1349
1803 1847 1349
1819 1831 1349
1831 1857 1349
1426 1471 1350
1426 1482 1350
1426 1585 1350
1427 1434 1350
1429 1431 1350
1434 1489 1350
1435 1471 1350
1437 1563 1350
1451 1501 1350
1458 1495 1350
1461 1751 1350
1468 1516 1350
1468 1574 1350
1477 1630 1350
1480 1585 1350
1482 1563 1350
1482 1585 1350
1493 1502 1350
1525 1797 1350
1551 1712 1350
1552 1562 1350
1560 1700 1350
1601 1892 1350
1613 1628 1350
1613 1907 1350
1616 1648 1350
1661 1682 1350
1663 1684 1350
1663 1698 1350
1663 1779 1350
1673 1695 1350
1682 1695 1350
1684 1779 1350
1711 1759 1350
1711 1766 1350
1711 1774 1350
1759 1760 1350
1759 1766 1350
1759 1767 1350
1765 1912 1350
1766 1774 1350
1768 1790 1350
1772 1774 1350
1772 1783 1350
1774 1783 1350
1778 1790 1350
1836 1888 1350
1426 1435 1351
1426 1585 1351
1426 1824 1351
1429 1489 1351
1430 1435 1351
1431 1435 1351
1431 1465 1351
1431 1471 1351
1434 1592 1351
1435 1471 1351
1437 1585 1351
1439 1480 1351
1439 1563 1351
1439 1578 1351
1451 1501 1351
1451 1637 1351
1458 1888 1351
1461 1751 1351
1468 1516 1351
1471 1585 1351
1477 1601 1351
1477 1798 1351
1480 1489 1351
1482 1585 1351
1493 1502 1351
1495 1502 1351
1501 1637 1351
1521 1746 1351
1525 1797 1351
1546 1815 1351
1551 1594 1351
1551 1707 1351
1551 1727 1351
1555 1630 1351
1555 1727 1351
1555 1833 1351
1560 1700 1351
1562 1685 1351
1574 1731 1351
1606 1906 1351
1630 1822 1351
1630 1885 1351
1632 1819 1351
1656 1682 1351
1661 1682 1351
1663 1665 1351
1663 1698 1351
1663 1779 1351
1663 1920 1351
1707 1727 1351
1709 1722 1351
1709 1780 1351
1722 1795 1351
1722 1843 1351
1738 1782 1351
1757 1787 1351
1759 1767 1351
1759 1792 1351
1765 1908 1351
1767 1778 1351
1768 1778 1351
1772 1783 1351
1774 1783 1351
1779 1920 1351
1805 1836 1351
1818 1836 1351
1822 1838 1351
1426 1430 1352
1426 1437 1352
1429 1475 1352
1434 1475 1352
1437 1585 1352
1451 1668 1352
1453 1457 1352
1459 1805 1352
1461 1751 1352
1477 1712 1352
1479 1522 1352
1482 1592 1352
1482 1824 1352
1493 1502 1352
1495 1520 1352
1498 1522 1352
1498 1719 1352
1498 1757 1352
1500 1618 1352
1501 1637 1352
1516 1555 1352
1521 1746 1352
1528 1548 1352
1546 1548 1352
1552 1562 1352
1552 1685 1352
1552 1796 1352
1555 1738 1352
1555 1801 1352
1560 1700 1352
1562 1685 1352
1562 1885 1352
1578 1592 1352
1579 1741 1352
1580 1714 1352
1594 1836 1352
1625 1628 1352
1630 1709 1352
1630 1727 1352
1661 1682 1352
1663 1698 1352
1663 1779 1352
1668 1707 1352
1673 1682 1352
1675 1680 1352
1685 1796 1352
1697 1745 1352
1709 1801 1352
1719 1720 1352
1719 1859 1352
1722 1738 1352
1722 1795 1352
1735 1866 1352
1738 1795 1352
1741 1763 1352
1759 1760 1352
1759 1766 1352
1759 1772 1352
1759 1783 1352
1766 1774 1352
1772 1774 1352
1772 1783 1352
1774 1778 1352
1802 1847 1352
1819 1833 1352
1819 1865 1352
1831 1857 1352
1911 1916 1352
1430 1824 1353
1431 1475 1353
1434 1563 1353
1437 1486 1353
1437 1489 1353
1439 1489 1353
1439 1578 1353
1459 1522 1353
1459 1818 1353
1483 1562 1353
1486 1585 1353
1495 1498 1353
1500 1618 1353
1501 1637 1353
1503 1730 1353
1516 1833 1353
1521 1746 1353
1528 1548 1353
1546 1548 1353
1552 1562 1353
1552 1685 1353
1552 1801 1353
1555 1738 1353
1558 1798 1353
1560 1700 1353
1562 1720 1353
1562 1796 1353
1567 1735 1353
1570 1735 1353
1574 1838 1353
1574 1859 1353
1580 1723 1353
1594 1707 1353
1594 1843 1353
1661 1663 1353
1661 1682 1353
1663 1665 1353
1663 1684 1353
1663 1698 1353
1685 1796 1353
1697 1745 1353
1707 1731 1353
1707 1843 1353
1712 1731 1353
1719 1778 1353
1719 1790 1353
1720 1859 1353
1722 1738 1353
1731 1843 1353
1741 1763 1353
1741 1809 1353
1741 1821 1353
1751 1801 1353
1752 1787 1353
1759 1792 1353
1760 1770 1353
1763 1809 1353
1768 1789 1353
1772 1783 1353
1772 1792 1353
1778 1790 1353
1782 1820 1353
1787 1789 1353
1809 1821 1353
1809 1859 1353
1821 1838 1353
1831 1857 1353
1833 1838 1353
1833 1880 1353
1866 1880 1353
1451 1501 1354
1452 1458 1354
1453 1502 1354
1453 1520 1354
1458 1479 1354
1458 1819 1354
1461 1751 1354
1468 1751 1354
1477 1522 1354
1495 1498 1354
1498 1502 1354
1500 1618 1354
1516 1570 1354
1521 1709 1354
1545 1837 1354
1555 1738 1354
1558 1723 1354
1560 1700 1354
1562 1685 1354
1562 1720 1354
1562 1801 1354
1567 1735 1354
1574 1685 1354
1574 1751 1354
1574 1809 1354
1579 1719 1354
1601 1805 1354
1617 1852 1354
1632 1819 1354
1661 1682 1354
1663 1698 1354
1681 1912 1354
1685 1720 1354
1685 1801 1354
1707 1782 1354
1719 1748 1354
1719 1790 1354
1720 1801 1354
1722 1738 1354
1723 1822 1354
1741 1763 1354
1741 1798 1354
1741 1809 1354
1741 1838 1354
1745 1912 1354
1752 1787 1354
1759 1767 1354
1760 1770 1354
1760 1772 1354
1763 1809 1354
1764 1789 1354
1766 1783 1354
1767 1783 1354
1768 1783 1354
1774 1789 1354
1775 1831 1354
1798 1838 1354
1798 1895 1354
1801 1895 1354
1802 1866 1354
1809 1880 1354
1821 1838 1354
1831 1857 1354
1434 1563 1355
1435 1824 1355
1451 1501 1355
1451 1637 1355
1458 1498 1355
1459 1502 1355
1461 1751 1355
1471 1585 1355
1477 1520 1355
1477 1522 1355
1495 1522 1355
1498 1502 1355
1500 1539 1355
1501 1637 1355
1503 1524 1355
1520 1522 1355
1521 1709 1355
1545 1837 1355
1552 1562 1355
1552 1720 1355
1555 1722 1355
1555 1738 1355
1555 1820 1355
1558 1580 1355
1558 1714 1355
1562 1796 1355
1570 1580 1355
1574 1685 1355
1574 1722 1355
1574 1838 1355
1579 1719 1355
1579 1748 1355
1606 1616 1355
1617 1911 1355
1630 1885 1355
1632 1711 1355
1641 1916 1355
1661 1682 1355
1663 1698 1355
1663 1745 1355
1697 1745 1355
1698 1745 1355
1719 1809 1355
1722 1738 1355
1723 1822 1355
1741 1809 1355
1759 1764 1355
1759 1783 1355
1760 1764 1355
1764 1775 1355
1766 1783 1355
1768 1783 1355
1774 1778 1355
1782 1809 1355
1782 1820 1355
1798 1880 1355
1802 1866 1355
1803 1847 1355
1821 1895 1355
1838 1909 1355
1429 1430 1356
1429 1437 1356
1429 1563 1356
1431 1443 1356
1431 1480 1356
1437 1563 1356
1439 1443 1356
1439 1480 1356
1451 1574 1356
1451 1637 1356
1458 1479 1356
1458 1522 1356
1458 1601 1356
1461 1751 1356
1479 1502 1356
1486 1489 1356
1486 1585 1356
1501 1637 1356
1503 1524 1356
1521 1709 1356
1545 1837 1356
1552 1562 1356
1552 1719 1356
1552 1801 1356
1552 1835 1356
1570 1572 1356
1579 1707 1356
1594 1798 1356
1594 1831 1356
1625 1649 1356
1630 1880 1356
1632 1757 1356
1632 1819 1356
1661 1682 1356
1663 1665 1356
1663 1698 1356
1663 1745 1356
1665 1745 1356
1670 1675 1356
1681 1765 1356
1714 1909 1356
1719 1720 1356
1719 1801 1356
1719 1835 1356
1720 1801 1356
1723 1822 1356
1741 1809 1356
1757 1819 1356
1764 1772 1356
1764 1778 1356
1764 1790 1356
1766 1783 1356
1767 1783 1356
1767 1789 1356
1768 1783 1356
1772 1789 1356
1780 1833 1356
1818 1836 1356
1821 1895 1356
1831 1857 1356
1838 1909 1356
1431 1434 1357
1431 1439 1357
1435 1824 1357
1437 1563 1357
1439 1480 1357
1439 1489 1357
1451 1637 1357
1458 1502 1357
1461 1751 1357
1479 1493 1357
1480 1489 1357
1495 1809 1357
1498 1601 1357
1503 1524 1357
1521 1709 1357
1552 1562 1357
1552 1720 1357
1552 1801 1357
1558 1723 1357
1562 1748 1357
1567 1782 1357
1578 1824 1357
1579 1843 1357
1601 1805 1357
1617 1641 1357
1625 1902 1357
1632 1775 1357
1656 1675 1357
1661 1682 1357
1663 1665 1357
1664 1688 1357
1665 1745 1357
1697 1698 1357
1700 1838 1357
1719 1720 1357
1719 1801 1357
1720 1801 1357
1720 1835 1357
1722 1738 1357
1735 1895 1357
1748 1859 1357
1766 1787 1357
1767 1789 1357
1768 1775 1357
1768 1783 1357
1775 1778 1357
1775 1783 1357
1796 1880 1357
1798 1857 1357
1802 1803 1357
1802 1866 1357
1803 1866 1357
1821 1895 1357
1831 1857 1357
1838 1909 1357
1426 1443 1358
1443 1475 1358
1443 1480 1358
1451 1637 1358
1453 1457 1358
1458 1498 1358
1461 1751 1358
1475 1824 1358
1486 1585 1358
1493 1495 1358
1503 1524 1358
1516 1833 1358
1551 1707 1358
1552 1562 1358
1552 1570 1358
1552 1719 1358
1552 1720 1358
1555 1570 1358
1562 1685 1358
1562 1796 1358
1570 1572 1358
1574 1712 1358
1574 1727 1358
1579 1843 1358
1580 1735 1358
1594 1707 1358
1613 1628 1358
1625 1649 1358
1625 1902 1358
1630 1895 1358
1649 1906 1358
1661 1673 1358
1661 1682 1358
1663 1698 1358
1663 1745 1358
1664 1745 1358
1685 1796 1358
1709 1746 1358
1711 1768 1358
1712 1727 1358
1719 1801 1358
1720 1801 1358
1723 1780 1358
1723 1792 1358
1741 1763 1358
1748 1801 1358
1757 1809 1358
1759 1783 1358
1760 1772 1358
1766 1787 1358
1772 1774 1358
1774 1778 1358
1775 1783 1358
1805 1836 1358
1821 1857 1358
1821 1895 1358
1831 1836 1358
1838 1909 1358
1857 1895 1358
1451 1501 1359
1451 1637 1359
1452 1458 1359
1453 1885 1359
1458 1780 1359
1458 1819 1359
1458 1909 1359
1461 1751 1359
1475 1824 1359
1477 1632 1359
1501 1637 1359
1503 1524 1359
1521 1601 1359
1552 1685 1359
1552 1720 1359
1570 1572 1359
1570 1685 1359
1579 1843 1359
1594 1731 1359
1632 1857 1359
1661 1673 1359
1663 1665 1359
1663 1698 1359
1665 1920 1359
1673 1682 1359
1673 1745 1359
1680 1765 1359
1681 1765 1359
1682 1745 1359
1688 1745 1359
1695 1745 1359
1711 1792 1359
1714 1822 1359
1730 1815 1359
1751 1843 1359
1759 1768 1359
1759 1774 1359
1765 1908 1359
1766 1787 1359
1768 1770 1359
1768 1789 1359
1770 1774 1359
1772 1774 1359
1802 1803 1359
1802 1866 1359
1821 1857 1359
1821 1859 1359
1821 1895 1359
1857 1895 1359
1451 1501 1360
1451 1637 1360
1458 1477 1360
1458 1479 1360
1458 1498 1360
1461 1751 1360
1468 1833 1360
1479 1495 1360
1479 1520 1360
1498 1520 1360
1501 1637 1360
1503 1524 1360
1516 1780 1360
1519 1837 1360
1521 1746 1360
1525 1528 1360
1552 1562 1360
1552 1637 1360
1552 1796 1360
1558 1735 1360
1560 1700 1360
1562 1796 1360
1562 1801 1360
1570 1572 1360
1580 1714 1360
1617 1641 1360
1630 1880 1360
1656 1670 1360
1663 1698 1360
1665 1920 1360
1673 1682 1360
1673 1745 1360
1696 1745 1360
1705 1837 1360
1711 1790 1360
1722 1859 1360
1723 1735 1360
1727 1880 1360
1737 1838 1360
1741 1838 1360
1746 1767 1360
1748 1801 1360
1759 1775 1360
1759 1783 1360
1768 1783 1360
1772 1790 1360
1790 1792 1360
1798 1836 1360
1821 1857 1360
1821 1895 1360
1838 1909 1360
1857 1895 1360
1451 1501 1361
1451 1637 1361
1458 1459 1361
1458 1479 1361
1458 1498 1361
1461 1560 1361
1461 1700 1361
1468 1880 1361
1475 1824 1361
1479 1498 1361
1495 1498 1361
1495 1767 1361
1495 1768 1361
1495 1819 1361
1498 1520 1361
1500 1503 1361
1501 1637 1361
1503 1524 1361
1504 1705 1361
1525 1528 1361
1551 1809 1361
1552 1562 1361
1552 1685 1361
1555 1738 1361
1560 1574 1361
1560 1700 1361
1560 1712 1361
1562 1685 1361
1562 1796 1361
1570 1572 1361
1570 1630 1361
1570 1796 1361
1572 1685 1361
1572 1880 1361
1574 1700 1361
1579 1712 1361
1580 1723 1361
1617 1641 1361
1663 1665 1361
1663 1698 1361
1665 1920 1361
1673 1682 1361
1685 1796 1361
1705 1837 1361
1707 1727 1361
1711 1768 1361
1712 1763 1361
1712 1809 1361
1720 1748 1361
1727 1731 1361
1731 1885 1361
1737 1838 1361
1752 1759 1361
1759 1764 1361
1759 1766 1361
1759 1774 1361
1774 1787 1361
1780 1895 1361
1787 1792 1361
1798 1836 1361
1819 1831 1361
1819 1836 1361
1821 1857 1361
1821 1895 1361
1831 1857 1361
1838 1909 1361
1857 1895 1361
1451 1501 1362
1451 1637 1362
1452 1479 1362
1458 1495 1362
1459 1502 1362
1461 1751 1362
1468 1516 1362
1468 1748 1362
1475 1824 1362
1479 1495 1362
1479 1522 1362
1501 1637 1362
1503 1524 1362
1504 1705 1362
1516 1630 1362
1521 1746 1362
1551 1560 1362
1551 1707 1362
1551 1731 1362
1552 1562 1362
1552 1719 1362
1552 1720 1362
1552 1801 1362
1560 1700 1362
1562 1801 1362
1570 1572 1362
1570 1685 1362
1579 1712 1362
1579 1809 1362
1580 1719 1362
1580 1720 1362
1594 1700 1362
1594 1707 1362
1594 1727 1362
1594 1731 1362
1632 1821 1362
1632 1857 1362
1663 1698 1362
1673 1682 1362
1681 1912 1362
1707 1727 1362
1711 1768 1362
1714 1719 1362
1719 1720 1362
1720 1801 1362
1727 1731 1362
1741 1763 1362
1752 1759 1362
1759 1766 1362
1759 1774 1362
1763 1809 1362
1770 1790 1362
1772 1775 1362
1802 1866 1362
1819 1821 1362
1821 1857 1362
1821 1895 1362
1831 1857 1362
1911 1917 1362
1451 1501 1363
1451 1637 1363
1459 1477 1363
1461 1751 1363
1468 1572 1363
1495 1522 1363
1501 1637 1363
1503 1524 1363
1538 1618 1363
1552 1562 1363
1552 1801 1363
1555 1722 1363
1558 1822 1363
1560 1700 1363
1560 1819 1363
1562 1719 1363
1562 1801 1363
1564 1735 1363
1570 1572 1363
1574 1774 1363
1574 1909 1363
1579 1632 1363
1579 1712 1363
1579 1821 1363
1594 1731 1363
1617 1641 1363
1632 1712 1363
1632 1819 1363
1632 1821 1363
1656 1675 1363
1663 1698 1363
1670 1745 1363
1673 1682 1363
1711 1768 1363
1711 1790 1363
1719 1801 1363
1720 1835 1363
1752 1759 1363
1752 1768 1363
1759 1766 1363
1759 1775 1363
1759 1783 1363
1763 1809 1363
1767 1888 1363
1768 1787 1363
1770 1778 1363
1775 1789 1363
1783 1792 1363
1787 1836 1363
1835 1885 1363
1838 1909 1363
1843 1859 1363
1888 1892 1363
1451 1637 1364
1458 1477 1364
1458 1495 1364
1461 1751 1364
1468 1637 1364
1479 1495 1364
1493 1498 1364
1495 1502 1364
1495 1522 1364
1498 1809 1364
1501 1637 1364
1503 1532 1364
1551 1570 1364
1551 1572 1364
1551 1766 1364
1551 1809 1364
1552 1720 1364
1552 1880 1364
1558 1822 1364
1560 1594 1364
1560 1700 1364
1560 1727 1364
1570 1572 1364
1570 1594 1364
1570 1751 1364
1572 1757 1364
1574 1727 1364
1574 1838 1364
1594 1731 1364
1594 1792 1364
1656 1675 1364
1656 1765 1364
1661 1682 1364
1663 1698 1364
1681 1765 1364
1685 1796 1364
1700 1731 1364
1707 1798 1364
1720 1801 1364
1730 1815 1364
1735 1833 1364
1741 1818 1364
1753 1857 1364
1757 1885 1364
1768 1770 1364
1768 1787 1364
1768 1790 1364
1772 1798 1364
1783 1796 1364
1787 1790 1364
1787 1792 1364
1798 1809 1364
1805 1818 1364
1821 1831 1364
1857 1895 1364
1451 1501 1365
1451 1594 1365
1451 1637 1365
1457 1819 1365
1461 1751 1365
1501 1637 1365
1521 1746 1365
1525 1528 1365
1551 1857 1365
1552 1685 1365
1562 1685 1365
1594 1819 1365
1630 1700 1365
1632 1787 1365
1656 1675 1365
1656 1745 1365
1663 1698 1365
1664 1745 1365
1675 1745 1365
1681 1765 1365
1709 1712 1365
1711 1768 1365
1711 1778 1365
1711 1787 1365
1711 1790 1365
1720 1801 1365
1727 1819 1365
1727 1909 1365
1737 1782 1365
1753 1792 1365
1757 1774 1365
1757 1789 1365
1757 1796 1365
1759 1767 1365
1759 1792 1365
1759 1796 1365
1763 1809 1365
1764 1767 1365
1764 1775 1365
1764 1792 1365
1764 1798 1365
1768 1787 1365
1772 1798 1365
1778 1790 1365
1798 1835 1365
1843 1880 1365
1857 1895 1365
1917 1919 1365
1451 1501 1366
1458 1477 1366
1458 1498 1366
1458 1805 1366
1501 1637 1366
1504 1705 1366
1516 1843 1366
1521 1857 1366
1545 1837 1366
1551 1579 1366
1552 1562 1366
1552 1574 1366
1552 1685 1366
1552 1831 1366
1555 1560 1366
1555 1722 1366
1555 1738 1366
1560 1700 1366
1560 1722 1366
1562 1574 1366
1562 1685 1366
1579 1895 1366
1630 1885 1366
1663 1698 1366
1668 1727 1366
1681 1765 1366
1682 1695 1366
1688 1745 1366
1700 1722 1366
1700 1738 1366
1707 1731 1366
1709 1712 1366
1709 1727 1366
1712 1727 1366
1720 1801 1366
1722 1738 1366
1752 1792 1366
1757 1774 1366
1757 1787 1366
1759 1764 1366
1759 1767 1366
1759 1801 1366
1760 1796 1366
1763 1809 1366
1770 1787 1366
1775 1789 1366
1795 1880 1366
1818 1821 1366
1820 1880 1366
1821 1843 1366
1821 1895 1366
1831 1857 1366
1831 1895 1366
1451 1562 1367
1458 1498 1367
1458 1520 1367
1461 1836 1367
1468 1570 1367
1493 1502 1367
1498 1763 1367
1498 1809 1367
1521 1831 1367
1521 1843 1367
1521 1885 1367
1538 1618 1367
1551 1707 1367
1551 1822 1367
1552 1562 1367
1552 1836 1367
1555 1700 1367
1555 1738 1367
1560 1700 1367
1570 1572 1367
1570 1836 1367
1572 1895 1367
1574 1712 1367
1579 1731 1367
1604 1902 1367
1617 1911 1367
1625 1628 1367
1656 1765 1367
1663 1698 1367
1681 1765 1367
1685 1895 1367
1707 1822 1367
1709 1712 1367
1714 1719 1367
1720 1843 1367
1741 1809 1367
1803 1847 1367
1453 1457 1368
1459 1668 1368
1461 1751 1368
1468 1838 1368
1475 1824 1368
1501 1637 1368
1552 1731 1368
1555 1722 1368
1555 1738 1368
1560 1567 1368
1560 1700 1368
1567 1700 1368
1570 1572 1368
1574 1712 1368
1574 1727 1368
1625 1628 1368
1630 1895 1368
1632 1803 1368
1663 1665 1368
1663 1698 1368
1684 1688 1368
1709 1712 1368
1719 1801 1368
1722 1738 1368
1782 1820 1368
1803 1847 1368
1805 1843 1368
1818 1821 1368
1821 1895 1368
1831 1843 1368
1865 1895 1368
1461 1751 1369
1461 1843 1369
1477 1843 1369
1479 1551 1369
1486 1585 1369
1493 1502 1369
1551 1579 1369
1552 1731 1369
1555 1630 1369
1555 1722 1369
1555 1738 1369
1560 1567 1369
1560 1700 1369
1574 1668 1369
1574 1709 1369
1574 1712 1369
1574 1727 1369
1579 1707 1369
1579 1731 1369
1603 1922 1369
1617 1641 1369
1625 1628 1369
1661 1682 1369
1663 1698 1369
1666 1695 1369
1668 1727 1369
1675 1696 1369
1684 1688 1369
1688 1908 1369
1707 1731 1369
1707 1822 1369
1712 1727 1369
1722 1738 1369
1731 1822 1369
1745 1765 1369
1745 1908 1369
1751 1843 1369
1752 1783 1369
1759 1767 1369
1761 1818 1369
1761 1857 1369
1818 1821 1369
1821 1857 1369
1461 1751 1370
1477 1594 1370
1493 1502 1370
1501 1637 1370
1551 1707 1370
1551 1727 1370
1552 1562 1370
1555 1722 1370
1555 1738 1370
1558 1580 1370
1558 1714 1370
1558 1801 1370
1560 1580 1370
1560 1802 1370
1562 1685 1370
1564 1580 1370
1564 1801 1370
1574 1838 1370
1579 1731 1370
1579 1751 1370
1580 1801 1370
1625 1628 1370
1674 1675 1370
1674 1696 1370
1688 1695 1370
1688 1908 1370
1722 1738 1370
1723 1801 1370
1741 1809 1370
1745 1908 1370
1752 1783 1370
1759 1767 1370
1759 1783 1370
1759 1792 1370
1760 1764 1370
1764 1767 1370
1764 1792 1370
1767 1792 1370
1772 1798 1370
1775 1789 1370
1783 1796 1370
1461 1751 1371
1468 1516 1371
1498 1520 1371
1501 1562 1371
1502 1822 1371
1504 1837 1371
1552 1562 1371
1555 1722 1371
1555 1738 1371
1558 1723 1371
1560 1572 1371
1560 1700 1371
1560 1735 1371
1562 1685 1371
1564 1801 1371
1572 1700 1371
1574 1712 1371
1594 1707 1371
1594 1731 1371
1594 1820 1371
1604 1852 1371
1617 1911 1371
1649 1906 1371
1656 1765 1371
1661 1684 1371
1661 1688 1371
1661 1695 1371
1663 1665 1371
1663 1698 1371
1666 1695 1371
1673 1682 1371
1674 1696 1371
1681 1765 1371
1682 1695 1371
1688 1695 1371
1700 1735 1371
1700 1748 1371
1707 1731 1371
1707 1820 1371
1707 1843 1371
1719 1748 1371
1722 1738 1371
1727 1802 1371
1731 1820 1371
1731 1843 1371
1745 1912 1371
1752 1783 1371
1753 1783 1371
1759 1767 1371
1760 1796 1371
1775 1789 1371
1802 1821 1371
1820 1843 1371
1458 1809 1372
1458 1859 1372
1461 1751 1372
1498 1520 1372
1498 1820 1372
1501 1637 1372
1503 1524 1372
1551 1579 1372
1551 1594 1372
1551 1731 1372
1551 1809 1372
1552 1562 1372
1555 1738 1372
1560 1572 1372
1560 1700 1372
1560 1822 1372
1562 1685 1372
1570 1714 1372
1570 1735 1372
1574 1685 1372
1574 1712 1372
1594 1731 1372
1594 1782 1372
1594 1820 1372
1661 1682 1372
1661 1684 1372
1661 1697 1372
1661 1698 1372
1663 1665 1372
1663 1698 1372
1665 1745 1372
1666 1695 1372
1673 1682 1372
1673 1687 1372
1674 1696 1372
1675 1695 1372
1682 1695 1372
1684 1688 1372
1688 1745 1372
1714 1735 1372
1731 1780 1372
1731 1820 1372
1752 1783 1372
1759 1767 1372
1759 1772 1372
1759 1792 1372
1760 1783 1372
1765 1908 1372
1768 1783 1372
1778 1787 1372
1782 1820 1372
1838 1909 1372
1457 1727 1373
1458 1498 1373
1458 1838 1373
1461 1751 1373
1477 1493 1373
1501 1637 1373
1521 1632 1373
1521 1895 1373
1545 1837 1373
1551 1579 1373
1552 1562 1373
1560 1572 1373
1560 1700 1373
1570 1714 1373
1570 1735 1373
1579 1707 1373
1594 1685 1373
1594 1838 1373
1625 1628 1373
1632 1847 1373
1664 1688 1373
1665 1696 1373
1666 1695 1373
1673 1682 1373
1673 1687 1373
1684 1745 1373
1685 1712 1373
1685 1727 1373
1698 1745 1373
1700 1801 1373
1712 1727 1373
1712 1782 1373
1714 1735 1373
1731 1782 1373
1731 1820 1373
1752 1787 1373
1757 1766 1373
1757 1790 1373
1759 1774 1373
1759 1792 1373
1759 1798 1373
1760 1764 1373
1764 1768 1373
1764 1792 1373
1765 1908 1373
1768 1796 1373
1774 1778 1373
1774 1796 1373
1774 1798 1373
1775 1789 1373
1782 1820 1373
1818 1895 1373
1838 1909 1373
1847 1895 1373
1461 1731 1374
1461 1751 1374
1493 1502 1374
1501 1637 1374
1516 1741 1374
1548 1705 1374
1551 1579 1374
1555 1738 1374
1560 1562 1374
1560 1572 1374
1562 1748 1374
1570 1714 1374
1570 1735 1374
1574 1594 1374
1574 1685 1374
1574 1731 1374
1579 1707 1374
1579 1820 1374
1594 1782 1374
1601 1892 1374
1625 1628 1374
1630 1821 1374
1630 1895 1374
1632 1818 1374
1632 1821 1374
1656 1675 1374
1663 1698 1374
1666 1687 1374
1666 1695 1374
1673 1687 1374
1675 1696 1374
1707 1712 1374
1712 1731 1374
1712 1820 1374
1714 1735 1374
1741 1763 1374
1741 1809 1374
1748 1859 1374
1757 1789 1374
1759 1798 1374
1760 1798 1374
1763 1809 1374
1764 1798 1374
1772 1774 1374
1774 1787 1374
1782 1822 1374
1805 1885 1374
1807 1819 1374
1818 1895 1374
1838 1909 1374
1457 1502 1375
1458 1809 1375
1459 1498 1375
1461 1751 1375
1498 1522 1375
1498 1833 1375
1501 1637 1375
1521 1818 1375
1521 1831 1375
1522 1833 1375
1525 1548 1375
1548 1797 1375
1555 1722 1375
1560 1570 1375
1560 1795 1375
1567 1795 1375
1570 1735 1375
1594 1712 1375
1594 1727 1375
1601 1892 1375
1663 1698 1375
1666 1687 1375
1666 1695 1375
1673 1682 1375
1673 1687 1375
1681 1765 1375
1681 1912 1375
1688 1745 1375
1695 1745 1375
1709 1857 1375
1712 1727 1375
1714 1735 1375
1727 1820 1375
1741 1809 1375
1763 1809 1375
1765 1908 1375
1775 1790 1375
1782 1820 1375
1803 1835 1375
1805 1819 1375
1807 1835 1375
1807 1880 1375
1818 1895 1375
1831 1888 1375
1865 1866 1375
1451 1637 1376
1458 1495 1376
1461 1751 1376
1495 1498 1376
1495 1520 1376
1519 1533 1376
1521 1630 1376
1521 1632 1376
1525 1797 1376
1528 1548 1376
1546 1548 1376
1551 1579 1376
1551 1707 1376
1551 1843 1376
1552 1562 1376
1555 1560 1376
1555 1570 1376
1555 1572 1376
1555 1700 1376
1558 1580 1376
1560 1570 1376
1560 1572 1376
1560 1700 1376
1562 1574 1376
1562 1748 1376
1570 1700 1376
1572 1700 1376
1574 1685 1376
1574 1712 1376
1574 1727 1376
1579 1707 1376
1579 1843 1376
1580 1723 1376
1594 1820 1376
1601 1892 1376
1625 1628 1376
1630 1821 1376
1630 1836 1376
1632 1835 1376
1632 1847 1376
1663 1698 1376
1664 1688 1376
1665 1681 1376
1665 1697 1376
1666 1695 1376
1673 1682 1376
1673 1687 1376
1675 1745 1376
1680 1688 1376
1685 1748 1376
1688 1745 1376
1707 1731 1376
1711 1759 1376
1712 1727 1376
1714 1735 1376
1731 1843 1376
1745 1765 1376
1765 1908 1376
1782 1820 1376
1801 1833 1376
1803 1847 1376
1805 1819 1376
1818 1895 1376
1819 1831 1376
1821 1857 1376
1831 1888 1376
1838 1909 1376
1865 1866 1376
1453 1457 1377
1458 1493 1377
1458 1498 1377
1461 1751 1377
1477 1498 1377
1493 1522 1377
1504 1797 1377
1519 1533 1377
1521 1895 1377
1525 1797 1377
1546 1548 1377
1548 1705 1377
1551 1731 1377
1551 1822 1377
1551 1843 1377
1555 1560 1377
1555 1570 1377
1558 1580 1377
1560 1570 1377
1560 1572 1377
1560 1700 1377
1562 1574 1377
1562 1727 1377
1570 1572 1377
1572 1700 1377
1574 1737 1377
1579 1707 1377
1579 1822 1377
1594 1782 1377
1594 1820 1377
1601 1885 1377
1663 1665 1377
1663 1698 1377
1666 1682 1377
1673 1682 1377
1682 1695 1377
1685 1719 1377
1697 1745 1377
1707 1822 1377
1707 1843 1377
1712 1737 1377
1712 1859 1377
1722 1738 1377
1730 1815 1377
1731 1822 1377
1745 1765 1377
1745 1908 1377
1746 1909 1377
1761 1809 1377
1761 1820 1377
1763 1809 1377
1765 1908 1377
1782 1820 1377
1801 1833 1377
1803 1835 1377
1805 1819 1377
1807 1819 1377
1807 1880 1377
1809 1820 1377
1818 1895 1377
1819 1831 1377
1819 1880 1377
1821 1836 1377
1821 1857 1377
1835 1847 1377
1836 1895 1377
1857 1865 1377
1865 1866 1377
1451 1637 1378
1453 1457 1378
1458 1495 1378
1461 1751 1378
1477 1722 1378
1479 1522 1378
1493 1522 1378
1495 1722 1378
1501 1516 1378
1501 1570 1378
1501 1700 1378
1502 1555 1378
1504 1837 1378
1519 1533 1378
1521 1836 1378
1521 1895 1378
1548 1705 1378
1551 1822 1378
1552 1574 1378
1555 1780 1378
1560 1570 1378
1560 1572 1378
1560 1700 1378
1562 1727 1378
1567 1795 1378
1570 1572 1378
1572 1700 1378
1574 1712 1378
1574 1859 1378
1594 1761 1378
1594 1782 1378
1594 1820 1378
1630 1857 1378
1632 1818 1378
1656 1675 1378
1661 1682 1378
1663 1665 1378
1663 1698 1378
1666 1682 1378
1673 1682 1378
1675 1765 1378
1680 1908 1378
1685 1720 1378
1685 1748 1378
1687 1695 1378
1711 1759 1378
1714 1737 1378
1719 1748 1378
1722 1780 1378
1727 1737 1378
1731 1843 1378
1738 1780 1378
1746 1838 1378
1746 1909 1378
1753 1789 1378
1757 1783 1378
1761 1820 1378
1763 1809 1378
1765 1908 1378
1766 1772 1378
1767 1787 1378
1782 1820 1378
1802 1857 1378
1802 1865 1378
1807 1819 1378
1807 1857 1378
1807 1880 1378
1807 1895 1378
1809 1843 1378
1818 1895 1378
1819 1880 1378
1821 1857 1378
1838 1909 1378
1865 1866 1378
1453 1457 1379
1458 1495 1379
1458 1502 1379
1458 1555 1379
1461 1700 1379
1461 1751 1379
1477 1801 1379
1479 1522 1379
1483 1516 1379
1502 1555 1379
1519 1533 1379
1522 1801 1379
1548 1705 1379
1551 1822 1379
1552 1574 1379
1552 1685 1379
1555 1738 1379
1555 1780 1379
1560 1700 1379
1562 1727 1379
1570 1572 1379
1570 1700 1379
1574 1712 1379
1574 1859 1379
1594 1761 1379
1594 1782 1379
1625 1628 1379
1632 1847 1379
1656 1675 1379
1666 1695 1379
1673 1682 1379
1673 1687 1379
1680 1908 1379
1682 1695 1379
1685 1727 1379
1688 1745 1379
1707 1843 1379
1711 1759 1379
1712 1859 1379
1731 1843 1379
1738 1780 1379
1745 1912 1379
1757 1789 1379
1763 1809 1379
1767 1789 1379
1768 1783 1379
1782 1820 1379
1453 1457 1380
1458 1833 1380
1461 1751 1380
1468 1594 1380
1477 1495 1380
1495 1498 1380
1501 1637 1380
1519 1533 1380
1551 1707 1380
1551 1822 1380
1552 1562 1380
1552 1685 1380
1552 1727 1380
1555 1738 1380
1555 1780 1380
1560 1700 1380
1560 1748 1380
1562 1574 1380
1562 1727 1380
1562 1761 1380
1570 1572 1380
1574 1712 1380
1574 1859 1380
1579 1731 1380
1579 1843 1380
1594 1761 1380
1617 1911 1380
1625 1628 1380
1661 1673 1380
1661 1682 1380
1663 1698 1380
1666 1695 1380
1673 1682 1380
1680 1908 1380
1681 1912 1380
1682 1687 1380
1685 1727 1380
1687 1920 1380
1688 1745 1380
1700 1748 1380
1707 1731 1380
1707 1822 1380
1707 1843 1380
1727 1761 1380
1731 1843 1380
1746 1838 1380
1763 1809 1380
1768 1783 1380
1779 1920 1380
1780 1801 1380
1782 1820 1380
1822 1843 1380
1880 1895 1380
1453 1457 1381
1458 1493 1381
1458 1495 1381
1458 1522 1381
1458 1801 1381
1461 1751 1381
1477 1479 1381
1479 1498 1381
1495 1520 1381
1519 1533 1381
1533 1539 1381
1551 1822 1381
1551 1843 1381
1552 1712 1381
1552 1859 1381
1560 1570 1381
1560 1572 1381
1560 1700 1381
1562 1727 1381
1574 1712 1381
1574 1727 1381
1574 1859 1381
1579 1731 1381
1594 1782 1381
1594 1820 1381
1625 1628 1381
1661 1682 1381
1661 1695 1381
1661 1779 1381
1663 1698 1381
1673 1682 1381
1673 1687 1381
1674 1908 1381
1681 1765 1381
1681 1912 1381
1685 1727 1381
1714 1735 1381
1730 1815 1381
1731 1843 1381
1741 1763 1381
1757 1792 1381
1763 1809 1381
1765 1912 1381
1768 1783 1381
1775 1790 1381
1779 1920 1381
1782 1820 1381
1801 1833 1381
1822 1843 1381
1451 1501 1382
1453 1457 1382
1461 1751 1382
1477 1522 1382
1479 1495 1382
1483 1727 1382
1519 1533 1382
1533 1539 1382
1551 1822 1382
1551 1843 1382
1552 1562 1382
1552 1574 1382
1552 1859 1382
1560 1570 1382
1560 1572 1382
1560 1700 1382
1562 1574 1382
1562 1685 1382
1562 1859 1382
1570 1572 1382
1570 1700 1382
1572 1700 1382
1574 1727 1382
1574 1859 1382
1594 1782 1382
1594 1820 1382
1656 1765 1382
1661 1682 1382
1663 1665 1382
1663 1698 1382
1685 1727 1382
1687 1920 1382
1707 1731 1382
1707 1822 1382
1711 1759 1382
1712 1859 1382
1714 1735 1382
1714 1737 1382
1730 1815 1382
1731 1822 1382
1731 1843 1382
1765 1912 1382
1768 1783 1382
1779 1920 1382
1782 1820 1382
1818 1831 1382
1818 1866 1382
1818 1895 1382
1820 1843 1382
1822 1843 1382
1451 1501 1383
1453 1457 1383
1461 1751 1383
1468 1560 1383
1468 1572 1383
1498 1843 1383
1521 1630 1383
1551 1707 1383
1551 1822 1383
1552 1574 1383
1552 1727 1383
1552 1859 1383
1555 1722 1383
1555 1738 1383
1560 1572 1383
1560 1700 1383
1570 1748 1383
1572 1700 1383
1574 1727 1383
1574 1859 1383
1594 1782 1383
1594 1820 1383
1641 1919 1383
1661 1682 1383
1663 1665 1383
1663 1698 1383
1674 1908 1383
1675 1688 1383
1680 1688 1383
1681 1912 1383
1682 1695 1383
1685 1727 1383
1688 1765 1383
1688 1908 1383
1707 1838 1383
1707 1909 1383
1714 1719 1383
1730 1815 1383
1731 1822 1383
1731 1843 1383
1731 1909 1383
1735 1737 1383
1741 1763 1383
1765 1908 1383
1782 1820 1383
1821 1831 1383
1822 1843 1383
1822 1909 1383
1453 1457 1384
1458 1493 1384
1458 1780 1384
1459 1498 1384
1461 1751 1384
1468 1516 1384
1468 1594 1384
1493 1520 1384
1498 1727 1384
1498 1822 1384
1502 1520 1384
1503 1524 1384
1551 1707 1384
1555 1722 1384
1555 1738 1384
1555 1801 1384
1560 1570 1384
1560 1572 1384
1560 1700 1384
1562 1709 1384
1562 1741 1384
1567 1737 1384
1570 1572 1384
1570 1709 1384
1572 1700 1384
1574 1727 1384
1579 1707 1384
1594 1700 1384
1594 1782 1384
1594 1820 1384
1613 1907 1384
1617 1641 1384
1641 1919 1384
1661 1682 1384
1663 1665 1384
1663 1698 1384
1675 1688 1384
1680 1908 1384
1681 1765 1384
1681 1912 1384
1722 1738 1384
1727 1859 1384
1730 1815 1384
1735 1737 1384
1741 1809 1384
1746 1809 1384
1768 1783 1384
1780 1833 1384
1782 1820 1384
1803 1821 1384
1818 1831 1384
1453 1457 1385
1458 1722 1385
1458 1738 1385
1461 1751 1385
1468 1579 1385
1477 1738 1385
1516 1748 1385
1551 1748 1385
1558 1801 1385
1558 1833 1385
1558 1909 1385
1560 1685 1385
1560 1700 1385
1562 1700 1385
1567 1735 1385
1570 1727 1385
1570 1780 1385
1574 1714 1385
1574 1737 1385
1580 1719 1385
1594 1822 1385
1625 1628 1385
1661 1682 1385
1663 1665 1385
1663 1698 1385
1673 1682 1385
1673 1687 1385
1674 1765 1385
1680 1765 1385
1682 1695 1385
1685 1700 1385
1698 1745 1385
1714 1737 1385
1719 1720 1385
1719 1795 1385
1720 1795 1385
1722 1738 1385
1723 1822 1385
1723 1843 1385
1735 1737 1385
1741 1763 1385
1741 1820 1385
1746 1838 1385
1759 1787 1385
1765 1908 1385
1780 1801 1385
1780 1909 1385
1782 1820 1385
1801 1909 1385
1818 1819 1385
1818 1831 1385
1818 1888 1385
1437 1563 1386
1451 1501 1386
1451 1637 1386
1453 1457 1386
1461 1751 1386
1493 1502 1386
1551 1579 1386
1551 1714 1386
1555 1722 1386
1555 1746 1386
1558 1801 1386
1560 1685 1386
1560 1707 1386
1567 1572 1386
1567 1707 1386
1570 1795 1386
1570 1909 1386
1572 1707 1386
1572 1735 1386
1574 1795 1386
1594 1748 1386
1661 1682 1386
1673 1687 1386
1674 1765 1386
1680 1745 1386
1681 1765 1386
1682 1695 1386
1685 1700 1386
1688 1745 1386
1700 1707 1386
1709 1731 1386
1709 1820 1386
1714 1723 1386
1737 1763 1386
1737 1820 1386
1737 1859 1386
1746 1838 1386
1763 1820 1386
1765 1908 1386
1780 1801 1386
1780 1909 1386
1801 1909 1386
1836 1865 1386
1451 1458 1387
1451 1501 1387
1453 1457 1387
1457 1461 1387
1457 1502 1387
1461 1751 1387
1461 1801 1387
1468 1780 1387
1493 1502 1387
1493 1668 1387
1501 1637 1387
1502 1668 1387
1545 1837 1387
1551 1579 1387
1570 1722 1387
1594 1748 1387
1617 1641 1387
1661 1682 1387
1663 1698 1387
1664 1765 1387
1666 1695 1387
1680 1745 1387
1680 1765 1387
1681 1765 1387
1698 1745 1387
1714 1720 1387
1714 1722 1387
1714 1782 1387
1719 1720 1387
1719 1727 1387
1722 1795 1387
1722 1822 1387
1741 1763 1387
1746 1763 1387
1748 1809 1387
1751 1801 1387
1765 1908 1387
1780 1833 1387
1807 1892 1387
1809 1822 1387
1836 1865 1387
1435 1824 1388
1458 1483 1388
1458 1741 1388
1468 1516 1388
1468 1520 1388
1479 1498 1388
1479 1522 1388
1479 1833 1388
1493 1502 1388
1495 1516 1388
1501 1637 1388
1522 1833 1388
1545 1837 1388
1656 1675 1388
1661 1682 1388
1663 1698 1388
1680 1765 1388
1681 1765 1388
1682 1695 1388
1684 1779 1388
1687 1779 1388
1688 1745 1388
1719 1720 1388
1719 1820 1388
1723 1748 1388
1723 1822 1388
1737 1738 1388
1737 1820 1388
1737 1843 1388
1738 1843 1388
1741 1838 1388
1748 1822 1388
1763 1782 1388
1763 1820 1388
1801 1833 1388
1807 1836 1388
1818 1821 1388
1818 1866 1388
1820 1838 1388
1836 1865 1388
1843 1859 1388
1880 1895 1388
1495 1820 1389
1656 1675 1389
1661 1682 1389
1680 1765 1389
1681 1912 1389
1688 1745 1389
1698 1745 1389
1719 1720 1389
1719 1820 1389
1722 1738 1389
1723 1738 1389
1723 1748 1389
1723 1833 1389
1737 1795 1389
1741 1838 1389
1763 1782 1389
1782 1820 1389
1795 1809 1389
1801 1809 1389
1801 1833 1389
1807 1818 1389
1843 1859 1389
1545 1837 1390
1674 1765 1390
1680 1765 1390
1681 1765 1390
1719 1720 1390
1722 1738 1390
1723 1822 1390
1737 1859 1390
1738 1780 1390
1741 1801 1390
1780 1801 1390
1780 1843 1390
1780 1859 1390
1801 1843 1390
1807 1818 1390
1809 1822 1390
1822 1833 1390
1843 1859 1390
1459 1522 1391
1498 1522 1391
1545 1837 1391
1606 1906 1391
1641 1919 1391
1663 1779 1391
1666 1695 1391
1722 1738 1391
1738 1809 1391
1738 1822 1391
1757 1783 1391
1772 1783 1391
1779 1920 1391
1852 1916 1391
1451 1522 1392
1458 1477 1392
1479 1498 1392
1479 1668 1392
1521 1818 1392
1521 1885 1392
1539 1797 1392
1545 1837 1392
1617 1641 1392
1632 1818 1392
1661 1682 1392
1666 1696 1392
1674 1765 1392
1680 1765 1392
1757 1759 1392
1757 1768 1392
1759 1774 1392
1759 1789 1392
1759 1790 1392
1790 1798 1392
1803 1847 1392
1916 1919 1392
1486 1585 1393
1493 1502 1393
1521 1885 1393
1545 1837 1393
1548 1797 1393
1552 1731 1393
1666 1696 1393
1674 1765 1393
1675 1680 1393
1680 1765 1393
1711 1774 1393
1779 1920 1393
1787 1790 1393
1452 1461 1394
1453 1457 1394
1453 1461 1394
1457 1458 1394
1457 1477 1394
1458 1477 1394
1461 1501 1394
1461 1502 1394
1475 1824 1394
1493 1502 1394
1493 1522 1394
1570 1727 1394
1661 1682 1394
1666 1745 1394
1675 1680 1394
1695 1745 1394
1698 1745 1394
1760 1766 1394
1760 1796 1394
1761 1778 1394
1772 1774 1394
1779 1920 1394
1796 1798 1394
1453 1457 1395
1457 1493 1395
1458 1477 1395
1461 1493 1395
1461 1501 1395
1479 1498 1395
1483 1495 1395
1493 1502 1395
1521 1865 1395
1545 1837 1395
1606 1906 1395
1617 1641 1395
1632 1818 1395
1663 1698 1395
1674 1765 1395
1688 1745 1395
1757 1761 1395
1757 1792 1395
1761 1789 1395
1767 1787 1395
1779 1920 1395
1819 1865 1395
1836 1888 1395
1888 1892 1395
1451 1458 1396
1452 1468 1396
1453 1457 1396
1458 1477 1396
1458 1479 1396
1461 1501 1396
1468 1498 1396
1493 1502 1396
1493 1522 1396
1504 1533 1396
1528 1797 1396
1533 1546 1396
1533 1797 1396
1545 1705 1396
1545 1837 1396
1546 1797 1396
1572 1574 1396
1572 1685 1396
1617 1641 1396
1632 1818 1396
1663 1779 1396
1663 1920 1396
1666 1695 1396
1675 1680 1396
1681 1765 1396
1684 1779 1396
1685 1707 1396
1765 1908 1396
1767 1787 1396
1836 1865 1396
1458 1522 1397
1479 1498 1397
1479 1668 1397
1493 1498 1397
1493 1502 1397
1495 1668 1397
1495 1751 1397
1498 1668 1397
1504 1528 1397
1504 1533 1397
1519 1533 1397
1519 1546 1397
1522 1668 1397
1528 1533 1397
1528 1797 1397
1533 1546 1397
1538 1815 1397
1546 1548 1397
1552 1574 1397
1555 1570 1397
1560 1727 1397
1562 1567 1397
1562 1707 1397
1567 1727 1397
1567 1731 1397
1567 1735 1397
1574 1579 1397
1574 1685 1397
1606 1906 1397
1613 1922 1397
1663 1779 1397
1663 1920 1397
1666 1695 1397
1675 1680 1397
1688 1745 1397
1698 1745 1397
1727 1731 1397
1767 1787 1397
1803 1847 1397
1818 1895 1397
1880 1895 1397
1451 1453 1398
1451 1493 1398
1453 1493 1398
1457 1502 1398
1468 1495 1398
1495 1520 1398
1495 1751 1398
1504 1519 1398
1504 1525 1398
1504 1533 1398
1504 1548 1398
1516 1637 1398
1519 1533 1398
1525 1533 1398
1528 1548 1398
1546 1730 1398
1567 1712 1398
1567 1735 1398
1574 1700 1398
1579 1685 1398
1625 1906 1398
1663 1779 1398
1663 1920 1398
1664 1680 1398
1666 1695 1398
1675 1680 1398
1684 1698 1398
1709 1712 1398
1767 1787 1398
1805 1880 1398
1807 1818 1398
1807 1819 1398
1818 1895 1398
1819 1895 1398
1429 1439 1399
1452 1501 1399
1457 1477 1399
1459 1516 1399
1468 1637 1399
1468 1751 1399
1495 1516 1399
1495 1520 1399
1495 1751 1399
1504 1519 1399
1504 1533 1399
1504 1797 1399
1504 1837 1399
1516 1520 1399
1520 1751 1399
1555 1574 1399
1555 1579 1399
1555 1685 1399
1558 1685 1399
1560 1567 1399
1567 1580 1399
1574 1707 1399
1603 1922 1399
1618 1730 1399
1625 1906 1399
1663 1779 1399
1663 1920 1399
1666 1695 1399
1688 1745 1399
1700 1707 1399
1765 1908 1399
1767 1787 1399
1818 1895 1399
1819 1895 1399
1880 1895 1399
1451 1637 1400
1452 1468 1400
1453 1493 1400
1453 1502 1400
1453 1668 1400
1458 1477 1400
1458 1522 1400
1461 1493 1400
1461 1501 1400
1468 1520 1400
1468 1751 1400
1477 1522 1400
1479 1516 1400
1479 1522 1400
1493 1502 1400
1495 1751 1400
1498 1520 1400
1503 1815 1400
1520 1751 1400
1522 1668 1400
1558 1685 1400
1574 1707 1400
1603 1922 1400
1617 1641 1400
1618 1815 1400
1625 1628 1400
1653 1797 1400
1663 1779 1400
1663 1920 1400
1666 1695 1400
1698 1745 1400
1700 1707 1400
1766 1772 1400
1767 1787 1400
1805 1880 1400
1819 1835 1400
1880 1895 1400
1451 1637 1401
1451 1668 1401
1452 1751 1401
1453 1457 1401
1458 1477 1401
1458 1668 1401
1483 1495 1401
1493 1501 1401
1493 1522 1401
1495 1498 1401
1501 1502 1401
1503 1528 1401
1504 1533 1401
1516 1520 1401
1533 1705 1401
1545 1705 1401
1548 1653 1401
1549 1618 1401
1551 1567 1401
1555 1579 1401
1555 1685 1401
1558 1685 1401
1562 1727 1401
1567 1712 1401
1570 1712 1401
1574 1707 1401
1617 1641 1401
1661 1779 1401
1666 1695 1401
1688 1745 1401
1700 1707 1401
1719 1741 1401
1719 1820 1401
1741 1801 1401
1741 1838 1401
1429 1439 1402
1451 1453 1402
1451 1637 1402
1452 1468 1402
1453 1457 1402
1483 1495 1402
1483 1498 1402
1483 1520 1402
1493 1668 1402
1495 1498 1402
1495 1520 1402
1498 1520 1402
1504 1533 1402
1519 1533 1402
1528 1545 1402
1533 1730 1402
1555 1579 1402
1555 1685 1402
1558 1685 1402
1570 1809 1402
1574 1700 1402
1574 1707 1402
1606 1616 1402
1606 1648 1402
1628 1907 1402
1663 1698 1402
1666 1695 1402
1700 1707 1402
1712 1738 1402
1714 1909 1402
1737 1746 1402
1737 1909 1402
1738 1809 1402
1741 1801 1402
1767 1787 1402
1782 1820 1402
1795 1833 1402
1800 1809 1402
1809 1843 1402
1429 1439 1403
1451 1483 1403
1452 1468 1403
1458 1468 1403
1458 1522 1403
1495 1498 1403
1495 1522 1403
1500 1545 1403
1503 1815 1403
1533 1539 1403
1546 1730 1403
1546 1815 1403
1558 1685 1403
1560 1594 1403
1562 1763 1403
1606 1906 1403
1617 1641 1403
1664 1745 1403
1665 1920 1403
1666 1695 1403
1684 1698 1403
1684 1779 1403
1700 1707 1403
1714 1801 1403
1714 1838 1403
1719 1746 1403
1719 1859 1403
1720 1801 1403
1722 1833 1403
1748 1838 1403
1767 1787 1403
1780 1795 1403
1780 1801 1403
1795 1801 1403
1795 1809 1403
1836 1865 1403
1866 1888 1403
1429 1439 1404
1458 1461 1404
1458 1468 1404
1458 1493 1404
1458 1495 1404
1459 1668 1404
1461 1468 1404
1468 1516 1404
1495 1751 1404
1498 1522 1404
1519 1539 1404
1521 1892 1404
1528 1539 1404
1546 1730 1404
1558 1685 1404
1562 1719 1404
1562 1800 1404
1603 1922 1404
1606 1643 1404
1606 1852 1404
1661 1682 1404
1666 1695 1404
1682 1779 1404
1700 1707 1404
1719 1822 1404
1720 1809 1404
1723 1800 1404
1738 1746 1404
1738 1748 1404
1738 1800 1404
1766 1772 1404
1767 1787 1404
1780 1833 1404
1818 1895 1404
1866 1888 1404
1429 1439 1405
1453 1479 1405
1458 1493 1405
1459 1668 1405
1461 1468 1405
1477 1520 1405
1479 1495 1405
1479 1516 1405
1483 1751 1405
1498 1520 1405
1504 1528 1405
1504 1533 1405
1504 1545 1405
1519 1528 1405
1562 1707 1405
1603 1922 1405
1613 1628 1405
1628 1907 1405
1628 1922 1405
1663 1698 1405
1665 1745 1405
1666 1695 1405
1681 1908 1405
1719 1746 1405
1719 1763 1405
1719 1822 1405
1737 1838 1405
1738 1795 1405
1746 1763 1405
1746 1795 1405
1746 1801 1405
1748 1833 1405
1767 1787 1405
1800 1801 1405
1435 1578 1406
1452 1468 1406
1452 1477 1406
1458 1493 1406
1477 1520 1406
1479 1751 1406
1498 1520 1406
1500 1528 1406
1504 1533 1406
1519 1837 1406
1555 1579 1406
1558 1685 1406
1579 1685 1406
1603 1922 1406
1674 1765 1406
1681 1912 1406
1688 1745 1406
1700 1712 1406
1720 1843 1406
1722 1809 1406
1737 1748 1406
1737 1820 1406
1748 1838 1406
1780 1782 1406
1780 1820 1406
1820 1859 1406
1859 1909 1406
1426 1824 1407
1429 1439 1407
1452 1468 1407
1452 1477 1407
1458 1493 1407
1468 1477 1407
1468 1520 1407
1504 1837 1407
1519 1837 1407
1528 1730 1407
1546 1730 1407
1555 1562 1407
1555 1700 1407
1555 1709 1407
1560 1580 1407
1560 1731 1407
1603 1922 1407
1661 1663 1407
1663 1698 1407
1663 1779 1407
1688 1745 1407
1700 1709 1407
1719 1801 1407
1719 1822 1407
1780 1782 1407
1780 1859 1407
1795 1820 1407
1801 1838 1407
1820 1859 1407
1429 1439 1408
1431 1434 1408
1452 1477 1408
1453 1458 1408
1453 1493 1408
1458 1493 1408
1458 1516 1408
1468 1477 1408
1504 1815 1408
1519 1837 1408
1520 1668 1408
1546 1730 1408
1555 1700 1408
1555 1709 1408
1558 1560 1408
1560 1580 1408
1562 1712 1408
1567 1574 1408
1603 1922 1408
1604 1902 1408
1616 1643 1408
1625 1628 1408
1641 1919 1408
1661 1663 1408
1661 1673 1408
1661 1695 1408
1663 1698 1408
1663 1779 1408
1673 1695 1408
1684 1698 1408
1688 1745 1408
1719 1801 1408
1766 1772 1408
1778 1789 1408
1458 1493 1409
1504 1533 1409
1504 1548 1409
1519 1837 1409
1546 1548 1409
1555 1685 1409
1562 1700 1409
1567 1574 1409
1578 1824 1409
1606 1906 1409
1618 1815 1409
1625 1628 1409
1643 1852 1409
1661 1673 1409
1661 1695 1409
1663 1665 1409
1663 1684 1409
1663 1745 1409
1673 1682 1409
1673 1695 1409
1684 1698 1409
1698 1745 1409
1714 1763 1409
1719 1843 1409
1730 1815 1409
1737 1780 1409
1738 1833 1409
1780 1801 1409
1780 1843 1409
1831 1888 1409
1843 1859 1409
1429 1439 1410
1451 1452 1410
1451 1459 1410
1451 1495 1410
1459 1498 1410
1495 1498 1410
1495 1516 1410
1498 1637 1410
1502 1520 1410
1516 1637 1410
1519 1837 1410
1562 1574 1410
1567 1707 1410
1617 1641 1410
1643 1852 1410
1661 1673 1410
1661 1920 1410
1673 1695 1410
1684 1698 1410
1698 1745 1410
1714 1763 1410
1719 1748 1410
1722 1833 1410
1737 1909 1410
1779 1920 1410
1453 1751 1411
1504 1519 1411
1504 1837 1411
1519 1837 1411
1545 1837 1411
1562 1567 1411
1567 1707 1411
1649 1906 1411
1661 1673 1411
1673 1695 1411
1684 1698 1411
1698 1745 1411
1700 1707 1411
1705 1837 1411
1730 1815 1411
1737 1843 1411
1443 1475 1412
1451 1522 1412
1457 1522 1412
1479 1751 1412
1489 1578 1412
1489 1824 1412
1493 1502 1412
1498 1520 1412
1558 1560 1412
1567 1574 1412
1574 1707 1412
1578 1824 1412
1643 1852 1412
1661 1673 1412
1663 1745 1412
1673 1695 1412
1688 1745 1412
1698 1745 1412
1722 1820 1412
1722 1833 1412
1737 1780 1412
1426 1435 1413
1426 1578 1413
1435 1578 1413
1437 1563 1413
1443 1475 1413
1457 1522 1413
1459 1522 1413
1475 1563 1413
1498 1522 1413
1538 1618 1413
1545 1837 1413
1552 1572 1413
1558 1560 1413
1563 1824 1413
1604 1911 1413
1617 1641 1413
1643 1911 1413
1663 1745 1413
1673 1695 1413
1675 1680 1413
1684 1698 1413
1700 1707 1413
1722 1833 1413
1778 1789 1413
1426 1824 1414
1435 1578 1414
1443 1475 1414
1451 1637 1414
1457 1522 1414
1458 1479 1414
1458 1516 1414
1458 1668 1414
1458 1751 1414
1468 1498 1414
1477 1498 1414
1498 1520 1414
1516 1751 1414
1520 1637 1414
1558 1560 1414
1560 1580 1414
1604 1643 1414
1604 1911 1414
1606 1906 1414
1643 1911 1414
1663 1745 1414
1665 1920 1414
1673 1695 1414
1681 1912 1414
1684 1698 1414
1700 1707 1414
1722 1833 1414
1738 1909 1414
1782 1859 1414
1807 1880 1414
1437 1563 1415
1451 1493 1415
1452 1520 1415
1493 1522 1415
1501 1637 1415
1501 1668 1415
1502 1520 1415
1520 1522 1415
1555 1685 1415
1558 1560 1415
1562 1567 1415
1604 1643 1415
1604 1911 1415
1606 1906 1415
1617 1641 1415
1641 1919 1415
1643 1911 1415
1673 1695 1415
1681 1912 1415
1684 1698 1415
1688 1745 1415
1700 1707 1415
1719 1859 1415
1730 1815 1415
1765 1908 1415
1766 1772 1415
1452 1458 1416
1457 1522 1416
1458 1522 1416
1468 1522 1416
1501 1516 1416
1504 1705 1416
1552 1555 1416
1555 1685 1416
1558 1560 1416
1562 1567 1416
1562 1574 1416
1567 1574 1416
1574 1707 1416
1604 1911 1416
1606 1906 1416
1643 1911 1416
1649 1911 1416
1666 1695 1416
1673 1695 1416
1675 1745 1416
1681 1912 1416
1682 1687 1416
1719 1809 1416
1730 1815 1416
1746 1822 1416
1765 1908 1416
1765 1912 1416
1766 1772 1416
1435 1578 1417
1437 1563 1417
1451 1453 1417
1451 1520 1417
1451 1522 1417
1458 1637 1417
1461 1751 1417
1539 1705 1417
1555 1685 1417
1558 1560 1417
1562 1567 1417
1604 1643 1417
1604 1911 1417
1643 1911 1417
1649 1852 1417
1649 1911 1417
1661 1666 1417
1665 1920 1417
1666 1673 1417
1666 1695 1417
1681 1912 1417
1700 1707 1417
1719 1809 1417
1722 1820 1417
1746 1822 1417
1765 1908 1417
1765 1912 1417
1802 1821 1417
1427 1465 1418
1435 1578 1418
1437 1563 1418
1451 1453 1418
1453 1457 1418
1457 1498 1418
1459 1498 1418
1502 1520 1418
1558 1560 1418
1562 1567 1418
1574 1707 1418
1579 1685 1418
1604 1911 1418
1617 1641 1418
1641 1919 1418
1661 1666 1418
1664 1745 1418
1665 1920 1418
1666 1673 1418
1673 1687 1418
1674 1745 1418
1688 1745 1418
1700 1707 1418
1719 1809 1418
1722 1820 1418
1723 1809 1418
1748 1809 1418
1765 1908 1418
1782 1859 1418
1435 1578 1419
1468 1522 1419
1503 1533 1419
1524 1533 1419
1533 1539 1419
1539 1705 1419
1558 1560 1419
1558 1685 1419
1562 1567 1419
1579 1685 1419
1580 1712 1419
1661 1666 1419
1666 1673 1419
1666 1682 1419
1666 1695 1419
1688 1745 1419
1698 1779 1419
1700 1707 1419
1719 1809 1419
1722 1820 1419
1723 1809 1419
1745 1912 1419
1852 1906 1419
1458 1637 1420
1503 1533 1420
1504 1519 1420
1539 1837 1420
1558 1560 1420
1562 1567 1420
1604 1616 1420
1616 1913 1420
1625 1649 1420
1656 1675 1420
1663 1779 1420
1666 1682 1420
1666 1695 1420
1673 1682 1420
1673 1695 1420
1682 1695 1420
1688 1745 1420
1697 1912 1420
1700 1707 1420
1719 1809 1420
1723 1809 1420
1748 1809 1420
1765 1908 1420
1807 1880 1420
1831 1888 1420
1913 1919 1420
1451 1493 1421
1453 1501 1421
1524 1538 1421
1558 1560 1421
1562 1567 1421
1579 1685 1421
1604 1625 1421
1664 1675 1421
1666 1682 1421
1673 1682 1421
1674 1765 1421
1688 1745 1421
1700 1707 1421
1722 1820 1421
1723 1809 1421
1748 1809 1421
1765 1908 1421
1782 1859 1421
1802 1821 1421
1437 1563 1422
1451 1493 1422
1452 1668 1422
1458 1637 1422
1503 1533 1422
1539 1705 1422
1555 1685 1422
1560 1572 1422
1562 1567 1422
1567 1707 1422
1574 1707 1422
1579 1580 1422
1579 1685 1422
1580 1685 1422
1604 1625 1422
1666 1682 1422
1674 1765 1422
1700 1707 1422
1723 1809 1422
1737 1909 1422
1748 1809 1422
1765 1908 1422
1782 1859 1422
1807 1880 1422
1429 1443 1423
1429 1471 1423
1429 1475 1423
1430 1475 1423
1430 1489 1423
1430 1585 1423
1430 1824 1423
1437 1578 1423
1439 1480 1423
1439 1585 1423
1443 1471 1423
1443 1592 1423
1452 1520 1423
1471 1578 1423
1471 1592 1423
1479 1495 1423
1480 1585 1423
1504 1548 1423
1533 1546 1423
1538 1548 1423
1538 1653 1423
1555 1685 1423
1560 1572 1423
1562 1567 1423
1567 1707 1423
1579 1580 1423
1579 1685 1423
1604 1649 1423
1661 1682 1423
1664 1675 1423
1665 1920 1423
1666 1673 1423
1666 1695 1423
1673 1695 1423
1682 1687 1423
1688 1745 1423
1700 1707 1423
1722 1833 1423
1723 1809 1423
1748 1809 1423
1765 1908 1423
1802 1821 1423
1809 1833 1423
1429 1489 1424
1435 1578 1424
1451 1495 1424
1471 1480 1424
1500 1549 1424
1504 1815 1424
1538 1730 1424
1546 1730 1424
1555 1560 1424
1562 1567 1424
1567 1707 1424
1579 1685 1424
1665 1920 1424
1666 1673 1424
1682 1687 1424
1698 1745 1424
1700 1707 1424
1722 1833 1424
1723 1809 1424
1767 1787 1424
1802 1821 1424
1809 1833 1424
1439 1585 1425
1451 1520 1425
1452 1495 1425
1452 1520 1425
1471 1824 1425
1524 1545 1425
1524 1548 1425
1539 1618 1425
1545 1705 1425
1546 1730 1425
1555 1560 1425
1558 1685 1425
1562 1567 1425
1567 1707 1425
1574 1707 1425
1616 1649 1425
1617 1641 1425
1618 1730 1425
1625 1649 1425
1649 1852 1425
1663 1665 1425
1663 1698 1425
1663 1745 1425
1664 1675 1425
1665 1920 1425
1698 1745 1425
1700 1707 1425
1722 1820 1425
1723 1809 1425
1782 1859 1425
1807 1880 1425
1429 1439 1426
1452 1468 1426
1453 1459 1426
1458 1637 1426
1471 1592 1426
1471 1824 1426
1533 1618 1426
1539 1618 1426
1555 1685 1426
1558 1685 1426
1562 1567 1426
1574 1707 1426
1617 1641 1426
1649 1852 1426
1663 1745 1426
1664 1675 1426
1673 1687 1426
1680 1745 1426
1682 1687 1426
1698 1745 1426
1700 1707 1426
1746 1809 1426
1782 1859 1426
1802 1821 1426
1807 1880 1426
1427 1563 1427
1453 1457 1427
1453 1459 1427
1453 1516 1427
1457 1498 1427
1457 1516 1427
1457 1668 1427
1468 1522 1427
1479 1495 1427
1495 1516 1427
1500 1545 1427
1538 1548 1427
1546 1815 1427
1555 1685 1427
1558 1685 1427
1562 1567 1427
1574 1707 1427
1603 1922 1427
1606 1906 1427
1617 1641 1427
1625 1649 1427
1649 1852 1427
1661 1779 1427
1663 1698 1427
1666 1695 1427
1673 1687 1427
1681 1908 1427
1682 1687 1427
1682 1779 1427
1687 1779 1427
1688 1745 1427
1700 1707 1427
1722 1833 1427
1738 1909 1427
1780 1822 1427
1809 1820 1427
1452 1468 1428
1457 1522 1428
1458 1522 1428
1468 1522 1428
1479 1495 1428
1498 1522 1428
1562 1567 1428
1603 1922 1428
1606 1906 1428
1617 1641 1428
1618 1815 1428
1649 1852 1428
1649 1916 1428
1663 1698 1428
1664 1675 1428
1666 1695 1428
1681 1765 1428
1681 1908 1428
1682 1687 1428
1697 1745 1428
1700 1707 1428
1831 1888 1428
1913 1919 1428
1427 1465 1429
1439 1480 1429
1453 1468 1429
1453 1751 1429
1477 1493 1429
1479 1501 1429
1480 1563 1429
1480 1824 1429
1502 1520 1429
1539 1618 1429
1549 1815 1429
1558 1685 1429
1562 1567 1429
1567 1709 1429
1574 1707 1429
1603 1643 1429
1603 1922 1429
1606 1906 1429
1613 1628 1429
1617 1641 1429
1649 1852 1429
1663 1665 1429
1663 1698 1429
1664 1675 1429
1666 1695 1429
1668 1751 1429
1681 1765 1429
1681 1908 1429
1682 1687 1429
1700 1707 1429
1748 1809 1429
1807 1880 1429
1429 1824 1430
1451 1493 1430
1453 1479 1430
1453 1483 1430
1458 1668 1430
1459 1479 1430
1468 1498 1430
1468 1522 1430
1477 1493 1430
1479 1483 1430
1480 1563 1430
1480 1824 1430
1502 1520 1430
1516 1751 1430
1539 1618 1430
1546 1618 1430
1555 1579 1430
1558 1685 1430
1562 1567 1430
1574 1707 1430
1574 1731 1430
1603 1922 1430
1606 1613 1430
1649 1852 1430
1649 1916 1430
1663 1665 1430
1663 1698 1430
1666 1695 1430
1681 1765 1430
1681 1908 1430
1682 1687 1430
1684 1688 1430
1700 1707 1430
1748 1809 1430
1782 1859 1430
1427 1465 1431
1429 1585 1431
1451 1493 1431
1451 1516 1431
1452 1468 1431
1452 1522 1431
1458 1461 1431
1458 1502 1431
1458 1668 1431
1459 1516 1431
1461 1501 1431
1468 1477 1431
1489 1585 1431
1498 1516 1431
1498 1668 1431
1498 1751 1431
1533 1618 1431
1545 1705 1431
1546 1618 1431
1562 1567 1431
1562 1731 1431
1567 1707 1431
1574 1707 1431
1625 1913 1431
1649 1906 1431
1663 1698 1431
1664 1675 1431
1666 1695 1431
1674 1765 1431
1681 1765 1431
1681 1908 1431
1682 1687 1431
1684 1745 1431
1700 1707 1431
1761 1783 1431
1761 1789 1431
1802 1821 1431
1803 1821 1431
1807 1895 1431
1852 1916 1431
1451 1493 1432
1452 1468 1432
1458 1461 1432
1458 1501 1432
1459 1516 1432
1461 1468 1432
1461 1516 1432
1461 1618 1432
1498 1668 1432
1552 1555 1432
1558 1685 1432
1562 1567 1432
1570 1685 1432
1574 1707 1432
1603 1922 1432
1616 1911 1432
1663 1698 1432
1666 1695 1432
1700 1707 1432
1761 1783 1432
1766 1772 1432
1767 1787 1432
1802 1821 1432
1807 1880 1432
1439 1486 1433
1459 1468 1433
1459 1493 1433
1461 1468 1433
1461 1479 1433
1479 1516 1433
1489 1824 1433
1500 1730 1433
1502 1520 1433
1533 1618 1433
1560 1594 1433
1562 1707 1433
1574 1707 1433
1579 1707 1433
1603 1922 1433
1616 1911 1433
1641 1919 1433
1661 1779 1433
1663 1698 1433
1666 1695 1433
1674 1765 1433
1680 1688 1433
1681 1912 1433
1687 1779 1433
1700 1707 1433
1757 1761 1433
1761 1783 1433
1766 1772 1433
1767 1787 1433
1802 1821 1433
1807 1880 1433
1807 1895 1433
1430 1434 1434
1439 1824 1434
1461 1501 1434
1498 1637 1434
1500 1618 1434
1503 1528 1434
1532 1533 1434
1532 1618 1434
1533 1548 1434
1533 1815 1434
1548 1618 1434
1555 1572 1434
1562 1700 1434
1562 1707 1434
1603 1922 1434
1606 1906 1434
1616 1852 1434
1661 1682 1434
1661 1779 1434
1663 1665 1434
1663 1698 1434
1666 1695 1434
1682 1687 1434
1682 1779 1434
1688 1745 1434
1698 1920 1434
1748 1763 1434
1761 1783 1434
1766 1772 1434
1767 1787 1434
1779 1920 1434
1802 1821 1434
1807 1880 1434
1437 1563 1435
1439 1824 1435
1461 1751 1435
1524 1548 1435
1532 1548 1435
1533 1618 1435
1533 1815 1435
1548 1653 1435
1548 1815 1435
1560 1572 1435
1562 1567 1435
1562 1700 1435
1603 1922 1435
1606 1906 1435
1609 1911 1435
1661 1680 1435
1666 1695 1435
1682 1779 1435
1697 1745 1435
1698 1920 1435
1722 1833 1435
1782 1859 1435
1802 1803 1435
1458 1637 1436
1461 1516 1436
1501 1751 1436
1504 1519 1436
1504 1548 1436
1504 1653 1436
1525 1528 1436
1525 1815 1436
1533 1548 1436
1546 1549 1436
1551 1570 1436
1552 1555 1436
1560 1572 1436
1562 1567 1436
1604 1617 1436
1606 1906 1436
1609 1852 1436
1617 1641 1436
1632 1847 1436
1656 1908 1436
1661 1680 1436
1663 1698 1436
1666 1695 1436
1680 1688 1436
1682 1920 1436
1698 1920 1436
1714 1719 1436
1723 1809 1436
1746 1843 1436
1753 1778 1436
1766 1772 1436
1807 1880 1436
1459 1483 1437
1461 1516 1437
1477 1751 1437
1504 1528 1437
1504 1532 1437
1504 1730 1437
1521 1865 1437
1545 1705 1437
1546 1653 1437
1560 1572 1437
1562 1567 1437
1562 1574 1437
1567 1574 1437
1603 1922 1437
1606 1906 1437
1609 1852 1437
1609 1911 1437
1613 1922 1437
1617 1641 1437
1632 1847 1437
1661 1666 1437
1661 1680 1437
1663 1698 1437
1682 1779 1437
1700 1707 1437
1714 1719 1437
1714 1737 1437
1902 1916 1437
1430 1482 1438
1457 1498 1438
1477 1501 1438
1500 1548 1438
1504 1533 1438
1504 1549 1438
1545 1705 1438
1572 1594 1438
1574 1700 1438
1603 1922 1438
1609 1852 1438
1613 1902 1438
1616 1911 1438
1663 1698 1438
1663 1745 1438
1673 1682 1438
1682 1687 1438
1684 1779 1438
1700 1707 1438
1705 1837 1438
1714 1723 1438
1719 1800 1438
1719 1822 1438
1737 1780 1438
1766 1796 1438
1795 1822 1438
1807 1895 1438
1815 1837 1438
1430 1431 1439
1437 1563 1439
1457 1498 1439
1477 1501 1439
1479 1751 1439
1503 1525 1439
1504 1653 1439
1525 1548 1439
1525 1618 1439
1548 1705 1439
1552 1555 1439
1552 1700 1439
1572 1594 1439
1625 1628 1439
1663 1698 1439
1673 1682 1439
1673 1687 1439
1681 1765 1439
1684 1779 1439
1687 1920 1439
1745 1912 1439
1746 1801 1439
1752 1759 1439
1759 1792 1439
1761 1768 1439
1779 1920 1439
1780 1822 1439
1800 1822 1439
1838 1859 1439
1902 1911 1439
1427 1429 1440
1430 1431 1440
1437 1563 1440
1452 1457 1440
1452 1498 1440
1452 1522 1440
1457 1498 1440
1504 1705 1440
1552 1555 1440
1562 1567 1440
1567 1574 1440
1567 1700 1440
1572 1594 1440
1604 1609 1440
1604 1902 1440
1661 1666 1440
1666 1695 1440
1673 1687 1440
1714 1838 1440
1720 1746 1440
1737 1780 1440
1753 1772 1440
1757 1761 1440
1757 1775 1440
1757 1789 1440
1766 1796 1440
1820 1833 1440
1831 1888 1440
1838 1909 1440
1916 1922 1440
1430 1431 1441
1437 1563 1441
1452 1457 1441
1452 1522 1441
1477 1501 1441
1552 1555 1441
1562 1567 1441
1567 1574 1441
1613 1922 1441
1616 1852 1441
1656 1675 1441
1666 1695 1441
1720 1746 1441
1737 1746 1441
1737 1780 1441
1759 1767 1441
1760 1798 1441
1766 1772 1441
1783 1789 1441
1783 1798 1441
1795 1822 1441
1796 1798 1441
1838 1909 1441
1911 1917 1441
1426 1431 1442
1430 1431 1442
1431 1824 1442
1451 1520 1442
1452 1522 1442
1500 1533 1442
1503 1525 1442
1503 1528 1442
1552 1555 1442
1562 1567 1442
1604 1902 1442
1618 1815 1442
1656 1675 1442
1663 1665 1442
1665 1745 1442
1666 1695 1442
1673 1682 1442
1681 1765 1442
1714 1909 1442
1723 1809 1442
1737 1746 1442
1746 1843 1442
1759 1787 1442
1766 1796 1442
1911 1917 1442
1430 1824 1443
1431 1824 1443
1451 1520 1443
1457 1498 1443
1503 1525 1443
1503 1528 1443
1504 1705 1443
1552 1555 1443
1562 1567 1443
1609 1902 1443
1613 1922 1443
1656 1675 1443
1656 1765 1443
1663 1665 1443
1665 1745 1443
1666 1695 1443
1673 1682 1443
1673 1695 1443
1675 1765 1443
1681 1765 1443
1682 1687 1443
1714 1909 1443
1720 1801 1443
1723 1809 1443
1746 1780 1443
1746 1843 1443
1766 1772 1443
1795 1822 1443
1801 1822 1443
1430 1824 1444
1431 1824 1444
1437 1563 1444
1451 1520 1444
1461 1516 1444
1479 1751 1444
1503 1525 1444
1552 1555 1444
1558 1574 1444
1558 1707 1444
1562 1567 1444
1567 1709 1444
1574 1700 1444
1656 1674 1444
1656 1675 1444
1656 1765 1444
1663 1665 1444
1665 1745 1444
1666 1695 1444
1673 1682 1444
1682 1687 1444
1714 1909 1444
1719 1809 1444
1720 1801 1444
1738 1780 1444
1746 1748 1444
1757 1783 1444
1765 1908 1444
1795 1822 1444
1805 1895 1444
1807 1880 1444
1437 1563 1445
1451 1520 1445
1458 1637 1445
1461 1516 1445
1479 1516 1445
1479 1751 1445
1503 1524 1445
1552 1555 1445
1562 1567 1445
1579 1707 1445
1609 1643 1445
1613 1617 1445
1663 1665 1445
1664 1680 1445
1666 1695 1445
1673 1682 1445
1682 1687 1445
1684 1779 1445
1698 1745 1445
1700 1707 1445
1714 1909 1445
1720 1801 1445
1805 1880 1445
1805 1895 1445
1831 1888 1445
1852 1902 1445
1430 1824 1446
1431 1434 1446
1437 1563 1446
1451 1520 1446
1458 1637 1446
1461 1516 1446
1479 1751 1446
1545 1705 1446
1562 1567 1446
1649 1906 1446
1661 1666 1446
1663 1698 1446
1664 1680 1446
1674 1908 1446
1681 1765 1446
1681 1908 1446
1682 1687 1446
1714 1795 1446
1722 1738 1446
1767 1787 1446
1800 1909 1446
1801 1822 1446
1852 1916 1446
1430 1824 1447
1437 1563 1447
1451 1520 1447
1457 1522 1447
1461 1516 1447
1545 1837 1447
1562 1567 1447
1625 1628 1447
1661 1682 1447
1663 1745 1447
1665 1745 1447
1681 1912 1447
1684 1688 1447
1722 1738 1447
1722 1909 1447
1753 1759 1447
1757 1789 1447
1770 1774 1447
1803 1847 1447
1852 1902 1447
1852 1916 1447
1437 1563 1448
1451 1520 1448
1452 1522 1448
1461 1516 1448
1503 1730 1448
1552 1555 1448
1562 1567 1448
1617 1902 1448
1641 1902 1448
1649 1906 1448
1656 1675 1448
1661 1779 1448
1663 1698 1448
1682 1687 1448
1684 1779 1448
1697 1698 1448
1697 1745 1448
1698 1745 1448
1709 1735 1448
1713 1863 1448
1714 1909 1448
1722 1738 1448
1757 1789 1448
1803 1847 1448
1838 1909 1448
1437 1563 1449
1451 1520 1449
1452 1457 1449
1461 1516 1449
1503 1730 1449
1552 1555 1449
1558 1574 1449
1562 1567 1449
1609 1617 1449
1609 1902 1449
1641 1902 1449
1649 1906 1449
1663 1665 1449
1673 1687 1449
1681 1765 1449
1684 1779 1449
1697 1745 1449
1709 1735 1449
1714 1800 1449
1722 1738 1449
1748 1809 1449
1757 1783 1449
1757 1789 1449
1763 1809 1449
1766 1772 1449
1795 1822 1449
1803 1847 1449
1852 1902 1449
1437 1563 1450
1451 1468 1450
1452 1522 1450
1461 1516 1450
1479 1751 1450
1552 1555 1450
1558 1574 1450
1562 1567 1450
1567 1709 1450
1606 1906 1450
1613 1641 1450
1613 1916 1450
1632 1847 1450
1641 1902 1450
1649 1906 1450
1656 1674 1450
1656 1675 1450
1663 1665 1450
1663 1698 1450
1673 1682 1450
1684 1779 1450
1709 1735 1450
1720 1795 1450
1720 1843 1450
1722 1843 1450
1723 1741 1450
1738 1795 1450
1745 1908 1450
1766 1772 1450
1803 1847 1450
1809 1820 1450
1437 1563 1451
1451 1452 1451
1451 1468 1451
1461 1516 1451
1461 1751 1451
1479 1751 1451
1486 1585 1451
1539 1545 1451
1555 1579 1451
1567 1707 1451
1606 1649 1451
1606 1906 1451
1613 1617 1451
1632 1847 1451
1656 1675 1451
1663 1698 1451
1666 1695 1451
1680 1688 1451
1681 1912 1451
1684 1779 1451
1709 1735 1451
1713 1863 1451
1745 1908 1451
1748 1859 1451
1766 1772 1451
1795 1809 1451
1803 1847 1451
1831 1888 1451
1437 1563 1452
1459 1498 1452
1461 1516 1452
1479 1483 1452
1539 1545 1452
1562 1567 1452
1574 1700 1452
1606 1911 1452
1617 1641 1452
1617 1852 1452
1656 1674 1452
1656 1675 1452
1663 1698 1452
1664 1680 1452
1666 1695 1452
1680 1688 1452
1681 1765 1452
1684 1779 1452
1687 1920 1452
1713 1863 1452
1723 1741 1452
1766 1772 1452
1843 1859 1452
1913 1919 1452
1437 1563 1453
1451 1520 1453
1459 1498 1453
1461 1516 1453
1461 1751 1453
1486 1585 1453
1539 1545 1453
1552 1555 1453
1641 1852 1453
1641 1922 1453
1656 1675 1453
1663 1698 1453
1664 1680 1453
1666 1695 1453
1673 1682 1453
1682 1687 1453
1684 1698 1453
1684 1779 1453
1722 1809 1453
1759 1767 1453
1763 1809 1453
1779 1920 1453
1437 1563 1454
1451 1520 1454
1458 1461 1454
1458 1516 1454
1461 1516 1454
1539 1545 1454
1539 1705 1454
1552 1555 1454
1562 1567 1454
1617 1852 1454
1625 1902 1454
1663 1698 1454
1664 1680 1454
1673 1695 1454
1681 1765 1454
1681 1912 1454
1682 1687 1454
1684 1698 1454
1687 1695 1454
1688 1745 1454
1697 1779 1454
1713 1863 1454
1741 1795 1454
1741 1859 1454
1766 1772 1454
1779 1920 1454
1800 1838 1454
1437 1563 1455
1451 1520 1455
1457 1498 1455
1458 1461 1455
1479 1483 1455
1539 1545 1455
1562 1574 1455
1563 1585 1455
1574 1700 1455
1617 1852 1455
1656 1765 1455
1661 1666 1455
1663 1698 1455
1666 1695 1455
1682 1687 1455
1682 1779 1455
1706 1851 1455
1710 1854 1455
1723 1741 1455
1730 1815 1455
1732 1889 1455
1766 1772 1455
1795 1833 1455
1800 1838 1455
1907 1917 1455
1426 1824 1456
1437 1585 1456
1458 1461 1456
1539 1545 1456
1552 1555 1456
1562 1574 1456
1563 1585 1456
1574 1700 1456
1609 1917 1456
1617 1852 1456
1656 1674 1456
1661 1682 1456
1661 1779 1456
1666 1695 1456
1681 1912 1456
1682 1687 1456
1730 1815 1456
1732 1897 1456
1739 1872 1456
1745 1912 1456
1748 1809 1456
1766 1772 1456
1803 1847 1456
1426 1465 1457
1437 1489 1457
1439 1585 1457
1452 1522 1457
1458 1461 1457
1461 1479 1457
1479 1483 1457
1486 1585 1457
1552 1555 1457
1562 1574 1457
1613 1852 1457
1641 1906 1457
1656 1674 1457
1663 1698 1457
1666 1695 1457
1666 1745 1457
1673 1745 1457
1681 1912 1457
1682 1687 1457
1710 1855 1457
1730 1815 1457
1732 1897 1457
1766 1772 1457
1855 1863 1457
1887 1897 1457
1913 1919 1457
1437 1489 1458
1439 1486 1458
1451 1520 1458
1461 1479 1458
1479 1483 1458
1560 1594 1458
1574 1700 1458
1574 1707 1458
1601 1630 1458
1613 1852 1458
1641 1906 1458
1656 1675 1458
1663 1698 1458
1665 1745 1458
1666 1673 1458
1666 1695 1458
1682 1687 1458
1702 1854 1458
1702 1889 1458
1719 1748 1458
1719 1782 1458
1723 1822 1458
1730 1815 1458
1732 1897 1458
1738 1780 1458
1753 1761 1458
1763 1809 1458
1766 1772 1458
1779 1920 1458
1795 1822 1458
1803 1847 1458
1835 1847 1458
1461 1479 1459
1486 1585 1459
1500 1705 1459
1558 1562 1459
1601 1630 1459
1609 1917 1459
1613 1852 1459
1641 1906 1459
1656 1674 1459
1656 1675 1459
1656 1908 1459
1663 1698 1459
1666 1695 1459
1673 1687 1459
1675 1908 1459
1682 1687 1459
1688 1745 1459
1702 1889 1459
1706 1861 1459
1719 1748 1459
1719 1782 1459
1719 1833 1459
1730 1815 1459
1732 1897 1459
1738 1909 1459
1741 1859 1459
1779 1920 1459
1803 1847 1459
1835 1847 1459
1855 1872 1459
1461 1751 1460
1500 1705 1460
1609 1917 1460
1613 1852 1460
1656 1765 1460
1661 1682 1460
1663 1665 1460
1663 1698 1460
1673 1695 1460
1675 1908 1460
1680 1688 1460
1681 1765 1460
1682 1687 1460
1684 1698 1460
1698 1920 1460
1706 1861 1460
1722 1909 1460
1730 1815 1460
1732 1897 1460
1764 1775 1460
1765 1908 1460
1766 1772 1460
1779 1920 1460
1782 1909 1460
1803 1857 1460
1805 1819 1460
1855 1872 1460
1913 1919 1460
1427 1431 1461
1437 1489 1461
1461 1479 1461
1461 1751 1461
1486 1585 1461
1578 1585 1461
1606 1649 1461
1613 1852 1461
1632 1847 1461
1656 1674 1461
1656 1675 1461
1656 1765 1461
1661 1779 1461
1663 1698 1461
1666 1695 1461
1673 1687 1461
1675 1908 1461
1682 1687 1461
1685 1731 1461
1704 1713 1461
1745 1779 1461
1779 1920 1461
1822 1909 1461
1437 1489 1462
1437 1585 1462
1452 1522 1462
1461 1479 1462
1486 1489 1462
1489 1585 1462
1500 1705 1462
1501 1751 1462
1552 1555 1462
1604 1643 1462
1606 1649 1462
1609 1917 1462
1613 1852 1462
1632 1847 1462
1641 1648 1462
1656 1675 1462
1663 1698 1462
1673 1687 1462
1675 1908 1462
1680 1745 1462
1682 1687 1462
1688 1745 1462
1702 1854 1462
1704 1713 1462
1706 1718 1462
1718 1855 1462
1718 1872 1462
1719 1748 1462
1732 1897 1462
1763 1833 1462
1766 1772 1462
1913 1919 1462
1451 1520 1463
1452 1522 1463
1461 1637 1463
1552 1555 1463
1606 1649 1463
1609 1917 1463
1613 1852 1463
1616 1902 1463
1650 1883 1463
1663 1698 1463
1666 1695 1463
1666 1745 1463
1675 1765 1463
1680 1688 1463
1682 1687 1463
1688 1745 1463
1704 1713 1463
1714 1795 1463
1719 1748 1463
1749 1883 1463
1753 1761 1463
1765 1908 1463
1766 1772 1463
1778 1789 1463
1779 1920 1463
1800 1838 1463
1902 1906 1463
1913 1919 1463
1431 1563 1464
1451 1520 1464
1458 1637 1464
1461 1501 1464
1461 1637 1464
1567 1570 1464
1570 1572 1464
1572 1709 1464
1572 1727 1464
1606 1649 1464
1661 1673 1464
1661 1695 1464
1666 1695 1464
1673 1682 1464
1673 1695 1464
1680 1688 1464
1680 1745 1464
1682 1687 1464
1684 1698 1464
1684 1745 1464
1718 1732 1464
1718 1855 1464
1719 1748 1464
1741 1909 1464
1800 1838 1464
1913 1919 1464
1437 1824 1465
1461 1501 1465
1495 1637 1465
1562 1727 1465
1567 1570 1465
1570 1572 1465
1606 1649 1465
1656 1675 1465
1661 1673 1465
1661 1695 1465
1661 1920 1465
1664 1680 1465
1666 1695 1465
1673 1682 1465
1673 1695 1465
1680 1912 1465
1681 1697 1465
1682 1687 1465
1695 1745 1465
1698 1745 1465
1714 1722 1465
1718 1855 1465
1722 1795 1465
1738 1780 1465
1746 1833 1465
1800 1838 1465
1913 1919 1465
1431 1563 1466
1437 1824 1466
1458 1501 1466
1461 1501 1466
1479 1501 1466
1560 1700 1466
1562 1567 1466
1562 1570 1466
1567 1570 1466
1570 1700 1466
1606 1649 1466
1656 1675 1466
1661 1682 1466
1664 1675 1466
1666 1695 1466
1666 1745 1466
1673 1687 1466
1673 1695 1466
1680 1912 1466
1681 1697 1466
1682 1687 1466
1684 1698 1466
1718 1897 1466
1723 1746 1466
1766 1772 1466
1802 1821 1466
1803 1847 1466
1836 1865 1466
1461 1501 1467
1475 1563 1467
1479 1501 1467
1489 1563 1467
1562 1570 1467
1562 1700 1467
1567 1570 1467
1567 1709 1467
1570 1700 1467
1580 1700 1467
1606 1906 1467
1613 1852 1467
1625 1628 1467
1641 1852 1467
1649 1906 1467
1656 1675 1467
1664 1698 1467
1666 1695 1467
1673 1687 1467
1673 1695 1467
1680 1908 1467
1684 1698 1467
1684 1779 1467
1706 1851 1467
1714 1795 1467
1723 1746 1467
1737 1738 1467
1745 1912 1467
1746 1782 1467
1746 1833 1467
1749 1883 1467
1766 1772 1467
1913 1919 1467
1913 1922 1467
1427 1824 1468
1431 1434 1468
1437 1824 1468
1461 1501 1468
1479 1501 1468
1546 1815 1468
1552 1555 1468
1555 1685 1468
1562 1570 1468
1562 1700 1468
1562 1709 1468
1570 1700 1468
1570 1709 1468
1579 1580 1468
1579 1700 1468
1580 1700 1468
1606 1906 1468
1613 1628 1468
1617 1641 1468
1661 1666 1468
1661 1688 1468
1663 1665 1468
1664 1675 1468
1666 1695 1468
1682 1687 1468
1684 1779 1468
1697 1745 1468
1706 1861 1468
1719 1782 1468
1719 1820 1468
1730 1815 1468
1745 1912 1468
1883 1897 1468
1908 1912 1468
1437 1824 1469
1458 1461 1469
1461 1501 1469
1486 1585 1469
1500 1705 1469
1551 1685 1469
1555 1685 1469
1555 1727 1469
1560 1727 1469
1562 1700 1469
1567 1727 1469
1580 1700 1469
1650 1706 1469
1656 1674 1469
1656 1675 1469
1663 1665 1469
1663 1698 1469
1666 1695 1469
1681 1745 1469
1681 1912 1469
1684 1779 1469
1700 1709 1469
1700 1727 1469
1714 1795 1469
1719 1748 1469
1745 1912 1469
1766 1772 1469
1833 1838 1469
1851 1887 1469
1913 1919 1469
1500 1705 1470
1555 1685 1470
1560 1685 1470
1560 1727 1470
1562 1700 1470
1580 1685 1470
1606 1906 1470
1617 1641 1470
1625 1649 1470
1625 1922 1470
1656 1674 1470
1661 1688 1470
1663 1665 1470
1664 1675 1470
1664 1688 1470
1666 1682 1470
1666 1695 1470
1673 1687 1470
1681 1745 1470
1681 1912 1470
1682 1687 1470
1685 1727 1470
1700 1707 1470
1719 1782 1470
1723 1748 1470
1723 1809 1470
1745 1912 1470
1749 1883 1470
1766 1772 1470
1883 1897 1470
1427 1824 1471
1458 1461 1471
1546 1815 1471
1560 1727 1471
1570 1594 1471
1603 1648 1471
1603 1922 1471
1606 1616 1471
1606 1922 1471
1617 1641 1471
1617 1911 1471
1643 1922 1471
1649 1906 1471
1661 1688 1471
1663 1665 1471
1673 1687 1471
1682 1687 1471
1702 1854 1471
1719 1782 1471
1723 1809 1471
1766 1772 1471
1851 1887 1471
1854 1889 1471
1457 1522 1472
1489 1563 1472
1560 1727 1472
1574 1727 1472
1580 1685 1472
1625 1852 1472
1625 1902 1472
1630 1836 1472
1649 1906 1472
1661 1684 1472
1661 1688 1472
1661 1745 1472
1663 1665 1472
1665 1745 1472
1666 1695 1472
1680 1912 1472
1688 1745 1472
1702 1854 1472
1723 1809 1472
1730 1815 1472
1746 1782 1472
1749 1883 1472
1763 1833 1472
1782 1833 1472
1854 1889 1472
1426 1427 1473
1555 1685 1473
1560 1580 1473
1562 1567 1473
1570 1574 1473
1574 1700 1473
1580 1685 1473
1606 1906 1473
1617 1641 1473
1625 1902 1473
1649 1906 1473
1650 1851 1473
1663 1665 1473
1663 1745 1473
1665 1745 1473
1666 1695 1473
1681 1912 1473
1697 1745 1473
1702 1854 1473
1706 1851 1473
1719 1748 1473
1723 1809 1473
1730 1815 1473
1887 1889 1473
1500 1549 1474
1552 1685 1474
1567 1700 1474
1570 1574 1474
1570 1700 1474
1580 1685 1474
1649 1906 1474
1650 1706 1474
1656 1675 1474
1681 1912 1474
1687 1920 1474
1697 1698 1474
1702 1854 1474
1719 1748 1474
1723 1809 1474
1737 1909 1474
1746 1782 1474
1749 1883 1474
1458 1501 1475
1489 1563 1475
1500 1549 1475
1519 1837 1475
1555 1685 1475
1570 1700 1475
1580 1685 1475
1606 1625 1475
1606 1649 1475
1632 1821 1475
1649 1906 1475
1663 1698 1475
1666 1695 1475
1673 1920 1475
1674 1912 1475
1681 1912 1475
1682 1920 1475
1697 1745 1475
1719 1801 1475
1723 1809 1475
1730 1815 1475
1749 1883 1475
1766 1772 1475
1913 1922 1475
1458 1501 1476
1461 1501 1476
1489 1563 1476
1503 1524 1476
1555 1685 1476
1562 1574 1476
1567 1574 1476
1567 1731 1476
1580 1685 1476
1609 1628 1476
1649 1906 1476
1661 1684 1476
1661 1688 1476
1663 1698 1476
1664 1696 1476
1666 1695 1476
1687 1920 1476
1718 1732 1476
1723 1809 1476
1730 1815 1476
1745 1912 1476
1749 1883 1476
1801 1859 1476
1843 1859 1476
1855 1883 1476
1461 1501 1477
1503 1524 1477
1567 1731 1477
1574 1700 1477
1580 1685 1477
1601 1865 1477
1617 1911 1477
1656 1908 1477
1661 1684 1477
1663 1698 1477
1664 1675 1477
1665 1920 1477
1673 1687 1477
1682 1687 1477
1684 1687 1477
1684 1688 1477
1697 1698 1477
1697 1745 1477
1702 1854 1477
1723 1809 1477
1749 1883 1477
1766 1772 1477
1779 1920 1477
1801 1859 1477
1458 1493 1478
1461 1501 1478
1555 1558 1478
1563 1578 1478
1563 1824 1478
1572 1685 1478
1574 1707 1478
1664 1675 1478
1681 1697 1478
1682 1687 1478
1697 1912 1478
1706 1851 1478
1723 1809 1478
1723 1843 1478
1801 1859 1478
1802 1821 1478
1453 1501 1479
1458 1493 1479
1533 1549 1479
1546 1549 1479
1555 1558 1479
1555 1685 1479
1560 1567 1479
1563 1578 1479
1563 1824 1479
1570 1709 1479
1572 1685 1479
1578 1824 1479
1580 1685 1479
1656 1908 1479
1664 1675 1479
1682 1687 1479
1697 1912 1479
1702 1854 1479
1704 1713 1479
1706 1851 1479
1723 1809 1479
1749 1883 1479
1782 1820 1479
1802 1821 1479
1431 1824 1480
1453 1501 1480
1458 1493 1480
1555 1685 1480
1563 1578 1480
1563 1824 1480
1567 1570 1480
1570 1579 1480
1580 1685 1480
1601 1865 1480
1606 1906 1480
1664 1696 1480
1682 1687 1480
1702 1854 1480
1723 1809 1480
1749 1883 1480
1852 1913 1480
1431 1824 1481
1453 1501 1481
1458 1493 1481
1552 1555 1481
1555 1572 1481
1555 1685 1481
1567 1709 1481
1572 1685 1481
1578 1824 1481
1580 1709 1481
1601 1865 1481
1663 1684 1481
1681 1912 1481
1697 1912 1481
1702 1854 1481
1711 1761 1481
1714 1795 1481
1720 1838 1481
1723 1809 1481
1749 1883 1481
1782 1859 1481
1802 1803 1481
1851 1855 1481
1865 1888 1481
1431 1578 1482
1503 1524 1482
1552 1685 1482
1555 1720 1482
1567 1574 1482
1572 1580 1482
1572 1685 1482
1580 1685 1482
1661 1682 1482
1681 1912 1482
1702 1889 1482
1723 1809 1482
1802 1803 1482
1855 1883 1482
1883 1897 1482
1431 1471 1483
1431 1578 1483
1471 1578 1483
1471 1824 1483
1503 1524 1483
1572 1580 1483
1572 1685 1483
1579 1700 1483
1579 1735 1483
1580 1685 1483
1661 1682 1483
1663 1665 1483
1663 1920 1483
1702 1854 1483
1720 1738 1483
1720 1782 1483
1723 1809 1483
1748 1809 1483
1749 1883 1483
1802 1803 1483
1835 1895 1483
1854 1889 1483
1437 1563 1484
1546 1730 1484
1555 1685 1484
1580 1685 1484
1616 1648 1484
1641 1919 1484
1663 1698 1484
1664 1688 1484
1682 1687 1484
1687 1920 1484
1697 1765 1484
1700 1731 1484
1748 1809 1484
1749 1883 1484
1766 1772 1484
1802 1803 1484
1835 1895 1484
1429 1437 1485
1452 1457 1485
1471 1824 1485
1555 1580 1485
1555 1685 1485
1558 1567 1485
1563 1578 1485
1572 1685 1485
1579 1707 1485
1580 1685 1485
1641 1919 1485
1700 1709 1485
1700 1731 1485
1702 1854 1485
1706 1851 1485
1718 1855 1485
1723 1809 1485
1730 1815 1485
1749 1863 1485
1759 1761 1485
1765 1908 1485
1766 1772 1485
1802 1803 1485
1835 1895 1485
1437 1563 1486
1452 1457 1486
1562 1567 1486
1563 1824 1486
1572 1580 1486
1572 1685 1486
1579 1707 1486
1580 1685 1486
1613 1907 1486
1641 1919 1486
1663 1698 1486
1664 1675 1486
1673 1687 1486
1682 1687 1486
1700 1709 1486
1700 1731 1486
1702 1854 1486
1706 1851 1486
1706 1861 1486
1719 1746 1486
1730 1815 1486
1749 1863 1486
1749 1883 1486
1759 1761 1486
1766 1772 1486
1802 1803 1486
1835 1895 1486
1854 1889 1486
1888 1892 1486
1437 1563 1487
1457 1468 1487
1549 1730 1487
1552 1555 1487
1555 1558 1487
1558 1580 1487
1562 1731 1487
1563 1824 1487
1567 1685 1487
1572 1580 1487
1613 1907 1487
1650 1851 1487
1664 1675 1487
1666 1695 1487
1685 1735 1487
1702 1854 1487
1706 1851 1487
1709 1731 1487
1713 1863 1487
1714 1719 1487
1719 1746 1487
1719 1748 1487
1730 1815 1487
1738 1909 1487
1739 1872 1487
1741 1801 1487
1748 1833 1487
1749 1863 1487
1749 1883 1487
1766 1772 1487
1802 1803 1487
1835 1895 1487
1854 1889 1487
1913 1922 1487
1431 1435 1488
1431 1563 1488
1435 1824 1488
1437 1563 1488
1437 1824 1488
1457 1468 1488
1504 1519 1488
1555 1580 1488
1558 1594 1488
1558 1712 1488
1562 1685 1488
1562 1709 1488
1563 1824 1488
1572 1580 1488
1663 1698 1488
1663 1920 1488
1666 1687 1488
1666 1695 1488
1702 1854 1488
1719 1748 1488
1741 1801 1488
1749 1863 1488
1802 1803 1488
1854 1889 1488
1437 1563 1489
1437 1824 1489
1439 1585 1489
1498 1522 1489
1552 1562 1489
1555 1580 1489
1558 1567 1489
1562 1685 1489
1562 1709 1489
1563 1824 1489
1567 1685 1489
1567 1700 1489
1572 1580 1489
1617 1641 1489
1628 1852 1489
1661 1663 1489
1663 1920 1489
1682 1687 1489
1685 1709 1489
1687 1920 1489
1708 1718 1489
1719 1741 1489
1719 1801 1489
1723 1809 1489
1730 1815 1489
1741 1801 1489
1741 1833 1489
1743 1887 1489
1749 1863 1489
1766 1772 1489
1802 1803 1489
1802 1892 1489
1835 1895 1489
1913 1922 1489
1431 1437 1490
1431 1563 1490
1437 1563 1490
1457 1522 1490
1458 1637 1490
1498 1522 1490
1503 1730 1490
1555 1558 1490
1563 1824 1490
1567 1685 1490
1572 1580 1490
1617 1641 1490
1625 1902 1490
1682 1687 1490
1685 1709 1490
1706 1851 1490
1711 1761 1490
1718 1743 1490
1719 1741 1490
1719 1801 1490
1739 1872 1490
1741 1833 1490
1743 1887 1490
1749 1863 1490
1835 1895 1490
1883 1897 1490
1426 1429 1491
1431 1437 1491
1431 1563 1491
1435 1824 1491
1437 1563 1491
1458 1637 1491
1468 1477 1491
1479 1516 1491
1552 1580 1491
1555 1558 1491
1562 1700 1491
1563 1824 1491
1572 1580 1491
1617 1641 1491
1617 1911 1491
1649 1906 1491
1682 1687 1491
1706 1851 1491
1711 1761 1491
1739 1872 1491
1743 1887 1491
1749 1863 1491
1757 1783 1491
1759 1761 1491
1835 1895 1491
1855 1883 1491
1426 1471 1492
1426 1475 1492
1427 1429 1492
1435 1471 1492
1435 1578 1492
1437 1563 1492
1458 1637 1492
1471 1578 1492
1479 1516 1492
1500 1549 1492
1546 1730 1492
1552 1580 1492
1555 1558 1492
1555 1685 1492
1562 1567 1492
1563 1578 1492
1563 1824 1492
1572 1580 1492
1609 1917 1492
1617 1641 1492
1617 1911 1492
1625 1628 1492
1665 1920 1492
1675 1908 1492
1685 1709 1492
1708 1858 1492
1709 1735 1492
1711 1761 1492
1713 1863 1492
1743 1887 1492
1748 1859 1492
1759 1761 1492
1426 1427 1493
1426 1429 1493
1427 1429 1493
1427 1465 1493
1431 1824 1493
1435 1471 1493
1435 1578 1493
1437 1563 1493
1452 1522 1493
1458 1461 1493
1471 1578 1493
1495 1501 1493
1502 1520 1493
1555 1558 1493
1570 1685 1493
1572 1580 1493
1606 1906 1493
1617 1641 1493
1641 1919 1493
1649 1902 1493
1649 1906 1493
1706 1851 1493
1706 1861 1493
1711 1761 1493
1718 1743 1493
1718 1887 1493
1732 1897 1493
1743 1887 1493
1746 1801 1493
1749 1855 1493
1802 1803 1493
1855 1883 1493
1872 1890 1493
1426 1427 1494
1426 1429 1494
1431 1824 1494
1435 1578 1494
1452 1522 1494
1504 1837 1494
1558 1574 1494
1570 1580 1494
1572 1580 1494
1574 1707 1494
1606 1906 1494
1617 1641 1494
1665 1920 1494
1682 1687 1494
1706 1851 1494
1713 1858 1494
1723 1809 1494
1732 1897 1494
1743 1887 1494
1749 1883 1494
1752 1783 1494
1766 1772 1494
1802 1803 1494
1847 1857 1494
1855 1883 1494
1872 1890 1494
1426 1429 1495
1427 1563 1495
1430 1431 1495
1430 1578 1495
1430 1824 1495
1431 1824 1495
1435 1578 1495
1439 1480 1495
1452 1522 1495
1555 1567 1495
1558 1574 1495
1558 1707 1495
1574 1707 1495
1606 1616 1495
1613 1907 1495
1617 1641 1495
1625 1902 1495
1684 1698 1495
1702 1889 1495
1709 1735 1495
1723 1809 1495
1737 1780 1495
1766 1772 1495
1847 1857 1495
1855 1883 1495
1883 1897 1495
1426 1429 1496
1426 1592 1496
1430 1824 1496
1431 1824 1496
1434 1563 1496
1435 1578 1496
1437 1439 1496
1437 1486 1496
1437 1585 1496
1439 1480 1496
1439 1585 1496
1471 1592 1496
1479 1495 1496
1479 1498 1496
1486 1585 1496
1555 1567 1496
1555 1685 1496
1558 1574 1496
1558 1707 1496
1567 1727 1496
1572 1580 1496
1574 1579 1496
1574 1707 1496
1617 1641 1496
1625 1902 1496
1649 1906 1496
1664 1675 1496
1675 1680 1496
1684 1698 1496
1700 1707 1496
1702 1889 1496
1709 1735 1496
1718 1887 1496
1723 1809 1496
1727 1731 1496
1737 1780 1496
1748 1809 1496
1749 1863 1496
1780 1843 1496
1807 1880 1496
1847 1857 1496
1855 1883 1496
1883 1897 1496
1890 1898 1496
1426 1427 1497
1427 1429 1497
1430 1431 1497
1430 1471 1497
1431 1824 1497
1434 1585 1497
1434 1592 1497
1435 1578 1497
1437 1563 1497
1437 1585 1497
1468 1520 1497
1503 1525 1497
1532 1533 1497
1558 1574 1497
1558 1700 1497
1563 1585 1497
1572 1580 1497
1630 1836 1497
1648 1922 1497
1684 1688 1497
1684 1698 1497
1702 1889 1497
1706 1710 1497
1708 1851 1497
1709 1735 1497
1710 1713 1497
1723 1809 1497
1738 1780 1497
1847 1857 1497
1855 1883 1497
1883 1897 1497
1426 1435 1498
1426 1475 1498
1427 1465 1498
1437 1563 1498
1439 1480 1498
1451 1668 1498
1458 1461 1498
1458 1495 1498
1479 1498 1498
1483 1498 1498
1495 1516 1498
1503 1525 1498
1521 1895 1498
1558 1567 1498
1562 1707 1498
1572 1580 1498
1578 1592 1498
1606 1906 1498
1617 1916 1498
1625 1852 1498
1630 1836 1498
1684 1698 1498
1685 1707 1498
1702 1889 1498
1709 1735 1498
1738 1780 1498
1766 1772 1498
1426 1578 1499
1426 1824 1499
1427 1465 1499
1429 1475 1499
1431 1578 1499
1437 1563 1499
1439 1480 1499
1452 1458 1499
1452 1495 1499
1452 1522 1499
1458 1516 1499
1468 1477 1499
1483 1498 1499
1503 1525 1499
1524 1730 1499
1532 1533 1499
1558 1574 1499
1563 1578 1499
1572 1580 1499
1628 1649 1499
1628 1852 1499
1685 1707 1499
1718 1872 1499
1723 1809 1499
1737 1780 1499
1749 1883 1499
1766 1772 1499
1775 1787 1499
1890 1898 1499
1913 1922 1499
1427 1465 1500
1439 1480 1500
1439 1585 1500
1443 1475 1500
1452 1479 1500
1452 1495 1500
1452 1668 1500
1458 1493 1500
1458 1637 1500
1495 1668 1500
1498 1522 1500
1503 1525 1500
1528 1730 1500
1532 1533 1500
1555 1712 1500
1555 1735 1500
1560 1594 1500
1603 1922 1500
1628 1852 1500
1641 1919 1500
1653 1837 1500
1656 1675 1500
1684 1698 1500
1685 1707 1500
1702 1889 1500
1707 1801 1500
1708 1858 1500
1711 1759 1500
1711 1761 1500
1712 1735 1500
1722 1833 1500
1738 1909 1500
1746 1780 1500
1746 1801 1500
1748 1859 1500
1759 1767 1500
1766 1772 1500
1767 1787 1500
1775 1787 1500
1852 1902 1500
1890 1898 1500
1427 1465 1501
1439 1480 1501
1452 1495 1501
1452 1668 1501
1452 1751 1501
1457 1522 1501
1458 1637 1501
1468 1477 1501
1498 1522 1501
1503 1525 1501
1503 1528 1501
1516 1751 1501
1555 1707 1501
1555 1709 1501
1558 1567 1501
1574 1709 1501
1606 1906 1501
1628 1902 1501
1641 1919 1501
1643 1648 1501
1653 1837 1501
1656 1675 1501
1666 1695 1501
1684 1698 1501
1707 1712 1501
1707 1735 1501
1711 1761 1501
1713 1863 1501
1718 1855 1501
1722 1833 1501
1727 1735 1501
1737 1746 1501
1737 1780 1501
1738 1780 1501
1738 1909 1501
1743 1887 1501
1746 1780 1501
1759 1761 1501
1805 1819 1501
1872 1877 1501
1890 1898 1501
1427 1465 1502
1453 1751 1502
1457 1498 1502
1457 1520 1502
1457 1522 1502
1458 1637 1502
1459 1498 1502
1461 1483 1502
1461 1516 1502
1468 1477 1502
1475 1824 1502
1479 1516 1502
1495 1668 1502
1503 1525 1502
1516 1668 1502
1528 1730 1502
1532 1533 1502
1551 1558 1502
1551 1560 1502
1551 1567 1502
1552 1570 1502
1552 1712 1502
1558 1562 1502
1560 1567 1502
1560 1727 1502
1560 1731 1502
1562 1574 1502
1567 1727 1502
1574 1700 1502
1606 1906 1502
1617 1641 1502
1617 1919 1502
1618 1815 1502
1628 1906 1502
1650 1739 1502
1666 1695 1502
1684 1698 1502
1700 1712 1502
1711 1759 1502
1718 1887 1502
1722 1833 1502
1727 1735 1502
1738 1780 1502
1749 1883 1502
1753 1761 1502
1759 1787 1502
1805 1819 1502
1847 1857 1502
1877 1890 1502
1427 1465 1503
1439 1480 1503
1452 1468 1503
1461 1483 1503
1479 1501 1503
1479 1516 1503
1479 1751 1503
1501 1668 1503
1501 1751 1503
1503 1525 1503
1528 1730 1503
1551 1560 1503
1551 1567 1503
1552 1570 1503
1555 1735 1503
1558 1574 1503
1558 1727 1503
1560 1567 1503
1560 1731 1503
1574 1700 1503
1613 1907 1503
1617 1641 1503
1625 1902 1503
1628 1902 1503
1641 1919 1503
1650 1739 1503
1663 1698 1503
1668 1751 1503
1704 1883 1503
1711 1759 1503
1722 1833 1503
1723 1809 1503
1727 1731 1503
1727 1735 1503
1731 1735 1503
1753 1772 1503
1805 1819 1503
1819 1865 1503
1820 1833 1503
1439 1480 1504
1457 1468 1504
1458 1637 1504
1461 1495 1504
1461 1501 1504
1528 1730 1504
1533 1815 1504
1555 1685 1504
1558 1580 1504
1558 1727 1504
1560 1580 1504
1560 1731 1504
1572 1579 1504
1574 1700 1504
1603 1643 1504
1606 1902 1504
1618 1815 1504
1625 1902 1504
1673 1682 1504
1697 1912 1504
1700 1712 1504
1702 1889 1504
1704 1713 1504
1706 1851 1504
1708 1858 1504
1709 1735 1504
1711 1759 1504
1718 1749 1504
1722 1833 1504
1723 1809 1504
1739 1890 1504
1759 1787 1504
1766 1772 1504
1800 1838 1504
1801 1859 1504
1802 1803 1504
1820 1833 1504
1843 1859 1504
1426 1427 1505
1427 1465 1505
1439 1480 1505
1452 1468 1505
1452 1520 1505
1457 1522 1505
1468 1477 1505
1479 1495 1505
1479 1498 1505
1504 1519 1505
1533 1815 1505
1552 1572 1505
1555 1570 1505
1555 1685 1505
1555 1707 1505
1555 1709 1505
1560 1580 1505
1570 1572 1505
1570 1685 1505
1603 1643 1505
1664 1675 1505
1673 1682 1505
1684 1698 1505
1702 1889 1505
1708 1858 1505
1719 1859 1505
1722 1746 1505
1722 1833 1505
1727 1735 1505
1739 1872 1505
1743 1887 1505
1759 1787 1505
1766 1772 1505
1780 1843 1505
1820 1833 1505
1843 1859 1505
1426 1427 1506
1427 1465 1506
1452 1468 1506
1452 1520 1506
1458 1637 1506
1468 1477 1506
1479 1516 1506
1495 1522 1506
1503 1730 1506
1504 1705 1506
1504 1837 1506
1525 1730 1506
1532 1653 1506
1533 1549 1506
1539 1705 1506
1548 1705 1506
1552 1564 1506
1555 1570 1506
1560 1572 1506
1560 1580 1506
1560 1731 1506
1572 1580 1506
1572 1685 1506
1574 1700 1506
1580 1685 1506
1618 1815 1506
1656 1675 1506
1664 1675 1506
1664 1908 1506
1697 1745 1506
1697 1912 1506
1702 1889 1506
1719 1859 1506
1727 1735 1506
1737 1780 1506
1739 1872 1506
1745 1912 1506
1746 1801 1506
1759 1787 1506
1766 1772 1506
1801 1843 1506
1820 1822 1506
1427 1465 1507
1429 1439 1507
1439 1480 1507
1451 1452 1507
1451 1520 1507
1452 1520 1507
1458 1637 1507
1461 1668 1507
1477 1501 1507
1479 1495 1507
1486 1585 1507
1504 1519 1507
1504 1653 1507
1533 1549 1507
1539 1705 1507
1546 1730 1507
1555 1572 1507
1555 1685 1507
1567 1727 1507
1574 1707 1507
1580 1685 1507
1643 1648 1507
1656 1675 1507
1675 1908 1507
1697 1745 1507
1702 1889 1507
1707 1735 1507
1737 1741 1507
1737 1780 1507
1737 1909 1507
1738 1741 1507
1739 1872 1507
1752 1767 1507
1759 1787 1507
1766 1772 1507
1807 1880 1507
1819 1865 1507
1427 1465 1508
1429 1465 1508
1431 1434 1508
1452 1468 1508
1458 1516 1508
1458 1637 1508
1477 1501 1508
1486 1585 1508
1503 1524 1508
1525 1730 1508
1539 1705 1508
1555 1572 1508
1558 1685 1508
1574 1707 1508
1580 1685 1508
1661 1684 1508
1663 1665 1508
1688 1745 1508
1697 1745 1508
1702 1889 1508
1706 1708 1508
1706 1851 1508
1719 1859 1508
1720 1780 1508
1727 1735 1508
1739 1872 1508
1746 1838 1508
1752 1767 1508
1759 1767 1508
1759 1787 1508
1763 1833 1508
1766 1772 1508
1801 1838 1508
1819 1866 1508
1847 1857 1508
1427 1465 1509
1452 1468 1509
1457 1498 1509
1457 1522 1509
1458 1637 1509
1504 1837 1509
1552 1572 1509
1567 1727 1509
1580 1685 1509
1663 1665 1509
1663 1745 1509
1663 1779 1509
1664 1675 1509
1664 1696 1509
1668 1751 1509
1673 1682 1509
1684 1698 1509
1684 1912 1509
1702 1889 1509
1705 1837 1509
1711 1759 1509
1711 1783 1509
1719 1843 1509
1739 1872 1509
1759 1767 1509
1759 1787 1509
1763 1838 1509
1795 1822 1509
1833 1838 1509
1847 1857 1509
1439 1480 1510
1452 1468 1510
1452 1477 1510
1457 1498 1510
1458 1637 1510
1461 1516 1510
1468 1751 1510
1498 1502 1510
1539 1545 1510
1552 1572 1510
1555 1685 1510
1560 1727 1510
1574 1707 1510
1579 1735 1510
1580 1685 1510
1664 1682 1510
1664 1745 1510
1666 1745 1510
1673 1682 1510
1680 1908 1510
1684 1698 1510
1696 1745 1510
1697 1912 1510
1702 1889 1510
1714 1795 1510
1719 1843 1510
1719 1859 1510
1727 1731 1510
1739 1872 1510
1757 1783 1510
1759 1787 1510
1847 1857 1510
1431 1465 1511
1439 1480 1511
1452 1468 1511
1452 1477 1511
1458 1479 1511
1458 1637 1511
1459 1498 1511
1461 1516 1511
1468 1477 1511
1468 1751 1511
1477 1522 1511
1495 1751 1511
1504 1618 1511
1516 1637 1511
1560 1594 1511
1567 1727 1511
1609 1917 1511
1618 1797 1511
1661 1684 1511
1664 1745 1511
1666 1696 1511
1673 1682 1511
1673 1695 1511
1680 1688 1511
1684 1688 1511
1700 1707 1511
1702 1889 1511
1727 1731 1511
1738 1780 1511
1739 1872 1511
1757 1789 1511
1836 1880 1511
1847 1857 1511
1439 1480 1512
1452 1457 1512
1461 1516 1512
1468 1477 1512
1477 1522 1512
1520 1668 1512
1558 1567 1512
1567 1707 1512
1661 1664 1512
1663 1698 1512
1664 1675 1512
1664 1908 1512
1666 1696 1512
1682 1687 1512
1684 1779 1512
1697 1745 1512
1702 1889 1512
1727 1731 1512
1737 1780 1512
1737 1909 1512
1739 1872 1512
1757 1789 1512
1759 1767 1512
1759 1787 1512
1779 1920 1512
1780 1909 1512
1801 1843 1512
1836 1880 1512
1426 1471 1513
1452 1457 1513
1452 1477 1513
1452 1520 1513
1457 1477 1513
1457 1522 1513
1461 1516 1513
1477 1522 1513
1482 1592 1513
1501 1502 1513
1545 1837 1513
1551 1572 1513
1555 1579 1513
1558 1567 1513
1558 1727 1513
1661 1695 1513
1663 1665 1513
1664 1680 1513
1680 1688 1513
1680 1908 1513
1702 1889 1513
1727 1731 1513
1739 1872 1513
1759 1787 1513
1820 1833 1513
1836 1865 1513
1836 1880 1513
1847 1857 1513
1866 1892 1513
1427 1465 1514
1431 1434 1514
1451 1477 1514
1452 1477 1514
1453 1457 1514
1457 1498 1514
1459 1522 1514
1500 1705 1514
1545 1705 1514
1545 1837 1514
1558 1727 1514
1567 1707 1514
1637 1751 1514
1656 1675 1514
1664 1675 1514
1664 1688 1514
1674 1745 1514
1682 1687 1514
1702 1889 1514
1719 1723 1514
1727 1731 1514
1738 1780 1514
1739 1872 1514
1759 1767 1514
1767 1787 1514
1800 1820 1514
1836 1880 1514
1847 1857 1514
1427 1465 1515
1435 1578 1515
1453 1457 1515
1457 1501 1515
1457 1522 1515
1459 1498 1515
1495 1751 1515
1504 1837 1515
1525 1549 1515
1539 1705 1515
1545 1837 1515
1567 1707 1515
1572 1580 1515
1664 1675 1515
1674 1745 1515
1702 1889 1515
1705 1837 1515
1719 1723 1515
1739 1872 1515
1748 1782 1515
1800 1820 1515
1802 1803 1515
1836 1865 1515
1836 1880 1515
1865 1892 1515
1427 1465 1516
1453 1457 1516
1457 1498 1516
1459 1498 1516
1461 1501 1516
1521 1807 1516
1532 1538 1516
1539 1545 1516
1539 1705 1516
1545 1837 1516
1555 1579 1516
1560 1572 1516
1560 1594 1516
1572 1580 1516
1572 1594 1516
1580 1594 1516
1656 1674 1516
1702 1889 1516
1711 1759 1516
1719 1723 1516
1720 1843 1516
1722 1820 1516
1739 1872 1516
1748 1809 1516
1766 1772 1516
1766 1796 1516
1767 1787 1516
1772 1774 1516
1800 1820 1516
1801 1859 1516
1802 1803 1516
1831 1888 1516
1836 1865 1516
1453 1457 1517
1457 1498 1517
1539 1545 1517
1539 1705 1517
1545 1837 1517
1555 1579 1517
1702 1889 1517
1705 1837 1517
1719 1723 1517
1720 1843 1517
1727 1731 1517
1739 1872 1517
1768 1798 1517
1775 1787 1517
1800 1820 1517
1452 1457 1518
1452 1468 1518
1453 1457 1518
1457 1522 1518
1461 1495 1518
1461 1516 1518
1468 1522 1518
1479 1495 1518
1483 1498 1518
1495 1751 1518
1498 1520 1518
1498 1522 1518
1501 1637 1518
1539 1545 1518
1539 1705 1518
1545 1837 1518
1560 1580 1518
1560 1594 1518
1702 1889 1518
1705 1837 1518
1719 1859 1518
1720 1843 1518
1739 1872 1518
1767 1787 1518
1795 1859 1518
1821 1895 1518
1835 1888 1518
1461 1479 1519
1461 1751 1519
1479 1483 1519
1495 1501 1519
1501 1637 1519
1539 1545 1519
1539 1705 1519
1545 1837 1519
1558 1574 1519
1560 1731 1519
1574 1700 1519
1574 1707 1519
1702 1889 1519
1719 1801 1519
1719 1809 1519
1719 1859 1519
1720 1843 1519
1739 1872 1519
1775 1790 1519
1795 1859 1519
1800 1820 1519
1800 1838 1519
1539 1545 1520
1539 1705 1520
1545 1837 1520
1558 1574 1520
1558 1685 1520
1560 1580 1520
1574 1707 1520
1702 1889 1520
1719 1801 1520
1719 1859 1520
1720 1843 1520
1739 1872 1520
1795 1859 1520
1800 1820 1520
1805 1819 1520
1539 1545 1521
1539 1705 1521
1545 1837 1521
1558 1685 1521
1560 1580 1521
1574 1707 1521
1580 1594 1521
1702 1889 1521
1719 1723 1521
1719 1801 1521
1719 1859 1521
1720 1843 1521
1739 1872 1521
1767 1787 1521
1775 1790 1521
1795 1859 1521
1800 1838 1521
1805 1819 1521
1807 1895 1521
1880 1895 1521
1431 1434 1522
1521 1895 1522
1539 1545 1522
1539 1705 1522
1545 1837 1522
1558 1685 1522
1560 1580 1522
1702 1889 1522
1719 1723 1522
1719 1801 1522
1719 1859 1522
1720 1843 1522
1739 1872 1522
1767 1787 1522
1775 1790 1522
1795 1859 1522
1800 1820 1522
1800 1838 1522
1821 1857 1522
1857 1866 1522
1532 1538 1523
1539 1545 1523
1539 1705 1523
1545 1837 1523
1558 1685 1523
1560 1580 1523
1702 1889 1523
1706 1851 1523
1719 1723 1523
1719 1801 1523
1719 1859 1523
1720 1843 1523
1739 1872 1523
1767 1787 1523
1795 1859 1523
1857 1866 1523
1521 1630 1524
1539 1545 1524
1539 1705 1524
1545 1837 1524
1558 1685 1524
1560 1580 1524
1560 1594 1524
1702 1889 1524
1706 1851 1524
1719 1723 1524
1719 1801 1524
1719 1859 1524
1720 1843 1524
1739 1872 1524
1767 1787 1524
1775 1790 1524
1795 1859 1524
1800 1838 1524
1831 1888 1524
1539 1545 1525
1539 1705 1525
1545 1837 1525
1558 1685 1525
1560 1580 1525
1560 1594 1525
1580 1594 1525
1702 1889 1525
1719 1859 1525
1720 1843 1525
1739 1872 1525
1767 1787 1525
1775 1790 1525
1795 1859 1525
1800 1838 1525
1831 1888 1525
1532 1538 1526
1539 1545 1526
1539 1705 1526
1545 1837 1526
1558 1685 1526
1560 1580 1526
1702 1889 1526
1719 1801 1526
1719 1859 1526
1720 1843 1526
1739 1872 1526
1760 1768 1526
1767 1787 1526
1795 1859 1526
1800 1838 1526
1821 1866 1526
1521 1630 1527
1539 1545 1527
1539 1705 1527
1545 1837 1527
1558 1685 1527
1560 1572 1527
1560 1580 1527
1702 1889 1527
1719 1801 1527
1719 1859 1527
1720 1843 1527
1739 1872 1527
1760 1768 1527
1767 1787 1527
1775 1790 1527
1795 1859 1527
1532 1538 1528
1539 1545 1528
1539 1705 1528
1545 1837 1528
1558 1685 1528
1560 1580 1528
1702 1889 1528
1719 1723 1528
1719 1801 1528
1720 1843 1528
1739 1872 1528
1767 1787 1528
1775 1790 1528
1795 1859 1528
1800 1820 1528
1800 1838 1528
1539 1545 1529
1539 1705 1529
1545 1837 1529
1558 1685 1529
1702 1889 1529
1719 1723 1529
1719 1801 1529
1719 1809 1529
1719 1859 1529
1720 1843 1529
1739 1872 1529
1767 1787 1529
1775 1790 1529
1795 1859 1529
1800 1820 1529
1539 1545 1530
1539 1705 1530
1545 1837 1530
1558 1685 1530
1560 1572 1530
1702 1889 1530
1706 1851 1530
1719 1723 1530
1719 1801 1530
1719 1859 1530
1720 1843 1530
1739 1872 1530
1767 1787 1530
1775 1790 1530
1795 1859 1530
1539 1545 1531
1539 1705 1531
1545 1837 1531
1555 1579 1531
1558 1685 1531
1560 1580 1531
1702 1889 1531
1719 1723 1531
1719 1859 1531
1720 1843 1531
1739 1872 1531
1767 1787 1531
1795 1859 1531
1800 1820 1531
1539 1545 1532
1539 1705 1532
1545 1837 1532
1558 1685 1532
1560 1580 1532
1702 1889 1532
1706 1851 1532
1719 1859 1532
1720 1843 1532
1739 1872 1532
1767 1787 1532
1775 1790 1532
1795 1859 1532
1800 1820 1532
1831 1888 1532
1532 1538 1533
1539 1545 1533
1539 1705 1533
1545 1837 1533
1558 1685 1533
1702 1889 1533
1706 1851 1533
1719 1723 1533
1719 1801 1533
1719 1859 1533
1720 1843 1533
1739 1872 1533
1767 1787 1533
1795 1859 1533
1800 1820 1533
1539 1545 1534
1539 1705 1534
1545 1837 1534
1558 1685 1534
1560 1572 1534
1560 1580 1534
1560 1594 1534
1702 1889 1534
1719 1801 1534
1719 1859 1534
1720 1843 1534
1739 1872 1534
1760 1768 1534
1767 1787 1534
1775 1790 1534
1795 1859 1534
1800 1820 1534
1539 1545 1535
1539 1705 1535
1545 1837 1535
1558 1685 1535
1560 1580 1535
1560 1594 1535
1702 1889 1535
1719 1723 1535
1719 1801 1535
1719 1859 1535
1720 1843 1535
1739 1872 1535
1767 1787 1535
1795 1859 1535
1539 1705 1536
1545 1837 1536
1558 1685 1536
1560 1580 1536
1560 1594 1536
1702 1889 1536
1719 1723 1536
1719 1859 1536
1720 1843 1536
1739 1872 1536
1767 1787 1536
1775 1790 1536
1795 1859 1536
1800 1838 1536
1539 1545 1537
1539 1705 1537
1545 1837 1537
1558 1685 1537
1560 1594 1537
1702 1889 1537
1719 1859 1537
1720 1843 1537
1739 1872 1537
1767 1787 1537
1775 1790 1537
1795 1859 1537
1539 1545 1538
1539 1705 1538
1545 1837 1538
1558 1685 1538
1702 1889 1538
1719 1801 1538
1719 1859 1538
1720 1843 1538
1739 1872 1538
1767 1787 1538
1775 1790 1538
1795 1859 1538
1800 1838 1538
1539 1545 1539
1539 1705 1539
1545 1837 1539
1558 1685 1539
1702 1889 1539
1719 1859 1539
1720 1843 1539
1739 1872 1539
1767 1787 1539
1795 1859 1539
1800 1838 1539
1539 1545 1540
1539 1705 1540
1545 1837 1540
1558 1685 1540
1560 1580 1540
1560 1594 1540
1702 1889 1540
1719 1723 1540
1719 1801 1540
1719 1859 1540
1720 1843 1540
1739 1872 1540
1767 1787 1540
1775 1790 1540
1795 1859 1540
1800 1820 1540
1800 1838 1540
1539 1545 1541
1539 1705 1541
1545 1837 1541
1560 1580 1541
1702 1889 1541
1706 1851 1541
1719 1723 1541
1719 1859 1541
1720 1843 1541
1739 1872 1541
1767 1787 1541
1775 1790 1541
1795 1859 1541
1800 1838 1541
1539 1545 1542
1539 1705 1542
1545 1837 1542
1558 1685 1542
1702 1889 1542
1719 1723 1542
1719 1801 1542
1719 1859 1542
1720 1843 1542
1739 1872 1542
1767 1787 1542
1795 1859 1542
1800 1820 1542
1431 1434 1543
1539 1545 1543
1539 1705 1543
1545 1837 1543
1558 1685 1543
1560 1580 1543
1560 1594 1543
1702 1889 1543
1719 1723 1543
1719 1801 1543
1719 1809 1543
1719 1859 1543
1720 1843 1543
1739 1872 1543
1748 1782 1543
1767 1787 1543
1795 1859 1543
1539 1545 1544
1539 1705 1544
1545 1837 1544
1558 1685 1544
1702 1889 1544
1719 1859 1544
1720 1843 1544
1739 1872 1544
1767 1787 1544
1775 1790 1544
1795 1859 1544
1800 1820 1544
1800 1838 1544
1539 1545 1545
1539 1705 1545
1545 1837 1545
1558 1685 1545
1560 1572 1545
1560 1580 1545
1560 1594 1545
1702 1889 1545
1719 1723 1545
1719 1801 1545
1719 1859 1545
1739 1872 1545
1760 1768 1545
1767 1787 1545
1775 1790 1545
1795 1859 1545
1800 1820 1545
1800 1838 1545
1539 1545 1546
1539 1705 1546
1545 1837 1546
1558 1685 1546
1560 1580 1546
1702 1889 1546
1719 1723 1546
1719 1801 1546
1719 1859 1546
1720 1843 1546
1739 1872 1546
1767 1787 1546
1775 1790 1546
1795 1859 1546
1800 1820 1546
1800 1838 1546
1539 1545 1547
1539 1705 1547
1545 1837 1547
1558 1685 1547
1560 1572 1547
1560 1580 1547
1702 1889 1547
1719 1723 1547
1720 1843 1547
1739 1872 1547
1767 1787 1547
1795 1859 1547
1800 1838 1547
1539 1545 1548
1539 1705 1548
1545 1837 1548
1558 1685 1548
1560 1580 1548
1560 1594 1548
1702 1889 1548
1719 1723 1548
1719 1801 1548
1719 1859 1548
1720 1843 1548
1739 1872 1548
1767 1787 1548
1775 1790 1548
1795 1859 1548
1800 1820 1548
1800 1838 1548
1431 1434 1549
1539 1545 1549
1539 1705 1549
1545 1837 1549
1558 1685 1549
1560 1580 1549
1560 1594 1549
1702 1889 1549
1719 1723 1549
1719 1801 1549
1719 1859 1549
1720 1843 1549
1739 1872 1549
1767 1787 1549
1775 1790 1549
1795 1859 1549
1800 1820 1549
1532 1538 1550
1539 1545 1550
1539 1705 1550
1545 1837 1550
1558 1685 1550
1560 1594 1550
1719 1801 1550
1719 1859 1550
1720 1843 1550
1737 1738 1550
1739 1872 1550
1748 1782 1550
1767 1787 1550
1775 1790 1550
1795 1859 1550
1539 1545 1551
1539 1705 1551
1545 1837 1551
1558 1685 1551
1560 1580 1551
1702 1889 1551
1719 1801 1551
1719 1859 1551
1720 1843 1551
1739 1872 1551
1767 1787 1551
1795 1859 1551
1800 1820 1551
1800 1838 1551
1539 1545 1552
1539 1705 1552
1545 1837 1552
1558 1685 1552
1560 1580 1552
1560 1594 1552
1702 1889 1552
1719 1801 1552
1719 1859 1552
1720 1843 1552
1739 1872 1552
1767 1787 1552
1775 1790 1552
1795 1859 1552
1800 1838 1552
1431 1434 1553
1539 1545 1553
1539 1705 1553
1545 1837 1553
1558 1685 1553
1560 1580 1553
1560 1594 1553
1702 1889 1553
1719 1723 1553
1719 1801 1553
1719 1859 1553
1720 1843 1553
1739 1872 1553
1760 1768 1553
1767 1787 1553
1795 1859 1553
1800 1838 1553
1539 1705 1554
1545 1837 1554
1558 1685 1554
1560 1580 1554
1702 1889 1554
1719 1723 1554
1719 1801 1554
1719 1859 1554
1720 1843 1554
1739 1872 1554
1767 1787 1554
1800 1820 1554
